lookbacks,weights,rebalance_band,algo_dollar_limit,default_dollar_limit,signal_clip,momentum_lookback,momentum_weight,regime_vol_short,regime_vol_long,regime_threshold,regime_scale,signal_ema_alpha,xs_lookback,xs_weight,xs_include_algo,pairs_lookback,pairs_weight,pairs_entry_z,algo_signal_scale,algo_hedge_weight,ols_lookback,ols_weight,ols_entry_z,ols_intercept,mpairs_lookback,mpairs_weight,mpairs_top_k,mpairs_entry_z,mpairs_min_corr,leadlag_lookback,leadlag_min_obs,leadlag_weight,leadlag_top_k,leadlag_entry_z,leadlag_min_corr,adaptive_band_vol_lb,adaptive_band_scale,signal_clip_long,signal_clip_short,vol_target_lookback,vol_target_floor,vol_target_cap,label,score,mean_pl,sharpe,dvol,fold1,fold2,fold3,robust
"(5, 20)",,0.195,100000.0,10000.0,1.0,10,0.0,10,60,1.15,0.22,1.0,5,0.0,False,40,0.0,2.0,1.0,0.0,40,0.2,2.0,False,40,0.2,3,1.5,0.65,120,80,1.0,3,0.0,0.03,10,2.0,1.0,1.0,20,0.7,2.0,lb=5/20 w=eq band=0.195 algo=100000 reg=10/60@1.15x0.22 ols=40@0.20z2.00 mpairs=40@0.20k3z1.50c0.65 leadlag=120@1.00k3z0.00c0.03 adapt=10@2.00 vt=20@0.70-2.00,206.38,241.48,2.425,84822658.0,99.27,98.36,223.28,True
"(5, 20)",,0.195,100000.0,10000.0,1.0,10,0.0,10,60,1.15,0.22,1.0,5,0.0,False,40,0.0,2.0,1.0,0.0,40,0.2,2.0,False,40,0.2,3,1.5,0.65,120,80,1.0,3,0.0,0.06,10,2.0,1.0,1.0,20,0.7,2.0,lb=5/20 w=eq band=0.195 algo=100000 reg=10/60@1.15x0.22 ols=40@0.20z2.00 mpairs=40@0.20k3z1.50c0.65 leadlag=120@1.00k3z0.00c0.06 adapt=10@2.00 vt=20@0.70-2.00,206.38,241.48,2.425,84822658.0,99.27,98.36,223.28,True
"(5, 20)",,0.195,100000.0,10000.0,1.0,10,0.0,10,60,1.15,0.22,1.0,5,0.0,False,40,0.0,2.0,1.0,0.0,40,0.2,2.0,False,40,0.2,3,1.5,0.65,120,80,1.0,5,0.0,0.03,10,2.0,1.0,1.0,20,0.7,2.0,lb=5/20 w=eq band=0.195 algo=100000 reg=10/60@1.15x0.22 ols=40@0.20z2.00 mpairs=40@0.20k3z1.50c0.65 leadlag=120@1.00k5z0.00c0.03 adapt=10@2.00 vt=20@0.70-2.00,183.48,218.44,2.291,75168504.0,65.09,146.43,177.48,True
"(5, 20)",,0.195,100000.0,10000.0,1.0,10,0.0,10,60,1.15,0.22,1.0,5,0.0,False,40,0.0,2.0,1.0,0.0,40,0.2,2.0,False,40,0.2,3,1.5,0.65,120,80,1.0,5,0.0,0.06,10,2.0,1.0,1.0,20,0.7,2.0,lb=5/20 w=eq band=0.195 algo=100000 reg=10/60@1.15x0.22 ols=40@0.20z2.00 mpairs=40@0.20k3z1.50c0.65 leadlag=120@1.00k5z0.00c0.06 adapt=10@2.00 vt=20@0.70-2.00,183.48,218.44,2.291,75168504.0,65.09,146.43,177.48,True
"(5, 20)",,0.195,100000.0,10000.0,1.0,10,0.0,10,60,1.15,0.22,1.0,5,0.0,False,40,0.0,2.0,1.0,0.0,40,0.2,2.0,False,40,0.2,3,1.5,0.65,120,80,0.75,5,0.0,0.03,10,2.0,1.0,1.0,20,0.7,2.0,lb=5/20 w=eq band=0.195 algo=100000 reg=10/60@1.15x0.22 ols=40@0.20z2.00 mpairs=40@0.20k3z1.50c0.65 leadlag=120@0.75k5z0.00c0.03 adapt=10@2.00 vt=20@0.70-2.00,163.11,192.88,2.341,57262225.0,64.02,175.12,152.83,True
"(5, 20)",,0.195,100000.0,10000.0,1.0,10,0.0,10,60,1.15,0.22,1.0,5,0.0,False,40,0.0,2.0,1.0,0.0,40,0.2,2.0,False,40,0.2,3,1.5,0.65,120,80,0.75,5,0.0,0.06,10,2.0,1.0,1.0,20,0.7,2.0,lb=5/20 w=eq band=0.195 algo=100000 reg=10/60@1.15x0.22 ols=40@0.20z2.00 mpairs=40@0.20k3z1.50c0.65 leadlag=120@0.75k5z0.00c0.06 adapt=10@2.00 vt=20@0.70-2.00,163.11,192.88,2.341,57262225.0,64.02,175.12,152.83,True
"(5, 20)",,0.195,100000.0,10000.0,1.0,10,0.0,10,60,1.15,0.22,1.0,5,0.0,False,40,0.0,2.0,1.0,0.0,40,0.2,2.0,False,40,0.2,3,1.5,0.65,120,80,1.0,3,0.5,0.03,10,2.0,1.0,1.0,20,0.7,2.0,lb=5/20 w=eq band=0.195 algo=100000 reg=10/60@1.15x0.22 ols=40@0.20z2.00 mpairs=40@0.20k3z1.50c0.65 leadlag=120@1.00k3z0.50c0.03 adapt=10@2.00 vt=20@0.70-2.00,162.83,201.52,2.051,83906921.0,137.85,49.28,160.14,True
"(5, 20)",,0.195,100000.0,10000.0,1.0,10,0.0,10,60,1.15,0.22,1.0,5,0.0,False,40,0.0,2.0,1.0,0.0,40,0.2,2.0,False,40,0.2,3,1.5,0.65,120,80,1.0,3,0.5,0.06,10,2.0,1.0,1.0,20,0.7,2.0,lb=5/20 w=eq band=0.195 algo=100000 reg=10/60@1.15x0.22 ols=40@0.20z2.00 mpairs=40@0.20k3z1.50c0.65 leadlag=120@1.00k3z0.50c0.06 adapt=10@2.00 vt=20@0.70-2.00,162.83,201.52,2.051,83906921.0,137.85,49.28,160.14,True
"(5, 20)",,0.195,100000.0,10000.0,1.0,10,0.0,10,60,1.15,0.22,1.0,5,0.0,False,40,0.0,2.0,1.0,0.0,40,0.2,2.0,False,40,0.2,3,1.5,0.65,120,80,1.0,5,0.5,0.03,10,2.0,1.0,1.0,20,0.7,2.0,lb=5/20 w=eq band=0.195 algo=100000 reg=10/60@1.15x0.22 ols=40@0.20z2.00 mpairs=40@0.20k3z1.50c0.65 leadlag=120@1.00k5z0.50c0.03 adapt=10@2.00 vt=20@0.70-2.00,153.6,189.25,2.076,74586230.0,75.04,94.03,187.69,True
"(5, 20)",,0.195,100000.0,10000.0,1.0,10,0.0,10,60,1.15,0.22,1.0,5,0.0,False,40,0.0,2.0,1.0,0.0,40,0.2,2.0,False,40,0.2,3,1.5,0.65,120,80,1.0,5,0.5,0.06,10,2.0,1.0,1.0,20,0.7,2.0,lb=5/20 w=eq band=0.195 algo=100000 reg=10/60@1.15x0.22 ols=40@0.20z2.00 mpairs=40@0.20k3z1.50c0.65 leadlag=120@1.00k5z0.50c0.06 adapt=10@2.00 vt=20@0.70-2.00,153.6,189.25,2.076,74586230.0,75.04,94.03,187.69,True
"(5, 20)",,0.195,100000.0,10000.0,1.0,10,0.0,10,60,1.15,0.22,1.0,5,0.0,False,40,0.0,2.0,1.0,0.0,40,0.2,2.0,False,40,0.2,3,1.5,0.65,120,80,0.75,5,0.5,0.03,10,2.0,1.0,1.0,20,0.7,2.0,lb=5/20 w=eq band=0.195 algo=100000 reg=10/60@1.15x0.22 ols=40@0.20z2.00 mpairs=40@0.20k3z1.50c0.65 leadlag=120@0.75k5z0.50c0.03 adapt=10@2.00 vt=20@0.70-2.00,138.31,169.72,2.098,56331993.0,79.52,127.74,159.4,True
"(5, 20)",,0.195,100000.0,10000.0,1.0,10,0.0,10,60,1.15,0.22,1.0,5,0.0,False,40,0.0,2.0,1.0,0.0,40,0.2,2.0,False,40,0.2,3,1.5,0.65,120,80,0.75,5,0.5,0.06,10,2.0,1.0,1.0,20,0.7,2.0,lb=5/20 w=eq band=0.195 algo=100000 reg=10/60@1.15x0.22 ols=40@0.20z2.00 mpairs=40@0.20k3z1.50c0.65 leadlag=120@0.75k5z0.50c0.06 adapt=10@2.00 vt=20@0.70-2.00,138.31,169.72,2.098,56331993.0,79.52,127.74,159.4,True
"(5, 20)",,0.195,100000.0,10000.0,1.0,10,0.0,10,60,1.15,0.22,1.0,5,0.0,False,40,0.0,2.0,1.0,0.0,40,0.2,2.0,False,40,0.2,3,1.5,0.65,120,80,0.75,3,0.0,0.03,10,2.0,1.0,1.0,20,0.7,2.0,lb=5/20 w=eq band=0.195 algo=100000 reg=10/60@1.15x0.22 ols=40@0.20z2.00 mpairs=40@0.20k3z1.50c0.65 leadlag=120@0.75k3z0.00c0.03 adapt=10@2.00 vt=20@0.70-2.00,119.77,156.12,1.815,65630271.0,54.23,71.49,85.09,True
"(5, 20)",,0.195,100000.0,10000.0,1.0,10,0.0,10,60,1.15,0.22,1.0,5,0.0,False,40,0.0,2.0,1.0,0.0,40,0.2,2.0,False,40,0.2,3,1.5,0.65,120,80,0.75,3,0.0,0.06,10,2.0,1.0,1.0,20,0.7,2.0,lb=5/20 w=eq band=0.195 algo=100000 reg=10/60@1.15x0.22 ols=40@0.20z2.00 mpairs=40@0.20k3z1.50c0.65 leadlag=120@0.75k3z0.00c0.06 adapt=10@2.00 vt=20@0.70-2.00,119.77,156.12,1.815,65630271.0,54.23,71.49,85.09,True
"(5, 20)",,0.195,100000.0,10000.0,1.0,10,0.0,10,60,1.15,0.22,1.0,5,0.0,False,40,0.0,2.0,1.0,0.0,40,0.2,2.0,False,40,0.2,3,1.5,0.65,120,80,0.5,5,0.0,0.03,10,2.0,1.0,1.0,20,0.7,2.0,lb=5/20 w=eq band=0.195 algo=100000 reg=10/60@1.15x0.22 ols=40@0.20z2.00 mpairs=40@0.20k3z1.50c0.65 leadlag=120@0.50k5z0.00c0.03 adapt=10@2.00 vt=20@0.70-2.00,115.24,152.53,1.758,37718028.0,28.92,200.37,51.38,True
"(5, 20)",,0.195,100000.0,10000.0,1.0,10,0.0,10,60,1.15,0.22,1.0,5,0.0,False,40,0.0,2.0,1.0,0.0,40,0.2,2.0,False,40,0.2,3,1.5,0.65,120,80,0.5,5,0.0,0.06,10,2.0,1.0,1.0,20,0.7,2.0,lb=5/20 w=eq band=0.195 algo=100000 reg=10/60@1.15x0.22 ols=40@0.20z2.00 mpairs=40@0.20k3z1.50c0.65 leadlag=120@0.50k5z0.00c0.06 adapt=10@2.00 vt=20@0.70-2.00,115.24,152.53,1.758,37718028.0,28.92,200.37,51.38,True
"(5, 20)",,0.195,100000.0,10000.0,1.0,10,0.0,10,60,1.15,0.22,1.0,5,0.0,False,40,0.0,2.0,1.0,0.0,40,0.2,2.0,False,40,0.2,3,1.5,0.65,120,80,0.75,3,0.5,0.03,10,2.0,1.0,1.0,20,0.7,2.0,lb=5/20 w=eq band=0.195 algo=100000 reg=10/60@1.15x0.22 ols=40@0.20z2.00 mpairs=40@0.20k3z1.50c0.65 leadlag=120@0.75k3z0.50c0.03 adapt=10@2.00 vt=20@0.70-2.00,106.24,142.61,1.709,64945209.0,86.66,62.98,60.61,True
"(5, 20)",,0.195,100000.0,10000.0,1.0,10,0.0,10,60,1.15,0.22,1.0,5,0.0,False,40,0.0,2.0,1.0,0.0,40,0.2,2.0,False,40,0.2,3,1.5,0.65,120,80,0.75,3,0.5,0.06,10,2.0,1.0,1.0,20,0.7,2.0,lb=5/20 w=eq band=0.195 algo=100000 reg=10/60@1.15x0.22 ols=40@0.20z2.00 mpairs=40@0.20k3z1.50c0.65 leadlag=120@0.75k3z0.50c0.06 adapt=10@2.00 vt=20@0.70-2.00,106.24,142.61,1.709,64945209.0,86.66,62.98,60.61,True
"(5, 20)",,0.195,100000.0,10000.0,1.0,10,0.0,10,60,1.15,0.22,1.0,5,0.0,False,40,0.0,2.0,1.0,0.0,40,0.2,2.0,False,40,0.2,3,1.5,0.65,120,80,0.5,5,0.5,0.03,10,2.0,1.0,1.0,20,0.7,2.0,lb=5/20 w=eq band=0.195 algo=100000 reg=10/60@1.15x0.22 ols=40@0.20z2.00 mpairs=40@0.20k3z1.50c0.65 leadlag=120@0.50k5z0.50c0.03 adapt=10@2.00 vt=20@0.70-2.00,96.35,136.33,1.552,37439572.0,21.6,182.73,44.05,True
"(5, 20)",,0.195,100000.0,10000.0,1.0,10,0.0,10,60,1.15,0.22,1.0,5,0.0,False,40,0.0,2.0,1.0,0.0,40,0.2,2.0,False,40,0.2,3,1.5,0.65,120,80,0.5,5,0.5,0.06,10,2.0,1.0,1.0,20,0.7,2.0,lb=5/20 w=eq band=0.195 algo=100000 reg=10/60@1.15x0.22 ols=40@0.20z2.00 mpairs=40@0.20k3z1.50c0.65 leadlag=120@0.50k5z0.50c0.06 adapt=10@2.00 vt=20@0.70-2.00,96.35,136.33,1.552,37439572.0,21.6,182.73,44.05,True
"(5, 20)",,0.195,100000.0,10000.0,1.0,10,0.0,10,60,1.15,0.22,1.0,5,0.0,False,40,0.0,2.0,1.0,0.0,40,0.2,2.0,False,40,0.2,3,1.5,0.65,120,80,0.5,3,0.5,0.03,10,2.0,1.0,1.0,20,0.7,2.0,lb=5/20 w=eq band=0.195 algo=100000 reg=10/60@1.15x0.22 ols=40@0.20z2.00 mpairs=40@0.20k3z1.50c0.65 leadlag=120@0.50k3z0.50c0.03 adapt=10@2.00 vt=20@0.70-2.00,64.34,108.13,1.212,42808838.0,48.79,147.17,0.31,True
"(5, 20)",,0.195,100000.0,10000.0,1.0,10,0.0,10,60,1.15,0.22,1.0,5,0.0,False,40,0.0,2.0,1.0,0.0,40,0.2,2.0,False,40,0.2,3,1.5,0.65,120,80,0.5,3,0.5,0.06,10,2.0,1.0,1.0,20,0.7,2.0,lb=5/20 w=eq band=0.195 algo=100000 reg=10/60@1.15x0.22 ols=40@0.20z2.00 mpairs=40@0.20k3z1.50c0.65 leadlag=120@0.50k3z0.50c0.06 adapt=10@2.00 vt=20@0.70-2.00,64.34,108.13,1.212,42808838.0,48.79,147.17,0.31,True
"(5, 20)",,0.195,100000.0,10000.0,1.0,10,0.0,10,60,1.15,0.22,1.0,5,0.0,False,40,0.0,2.0,1.0,0.0,40,0.2,2.0,False,40,0.2,3,1.5,0.65,120,80,0.5,3,0.0,0.03,10,2.0,1.0,1.0,20,0.7,2.0,lb=5/20 w=eq band=0.195 algo=100000 reg=10/60@1.15x0.22 ols=40@0.20z2.00 mpairs=40@0.20k3z1.50c0.65 leadlag=120@0.50k3z0.00c0.03 adapt=10@2.00 vt=20@0.70-2.00,61.68,106.05,1.179,43497507.0,32.04,145.49,0.26,True
"(5, 20)",,0.195,100000.0,10000.0,1.0,10,0.0,10,60,1.15,0.22,1.0,5,0.0,False,40,0.0,2.0,1.0,0.0,40,0.2,2.0,False,40,0.2,3,1.5,0.65,120,80,0.5,3,0.0,0.06,10,2.0,1.0,1.0,20,0.7,2.0,lb=5/20 w=eq band=0.195 algo=100000 reg=10/60@1.15x0.22 ols=40@0.20z2.00 mpairs=40@0.20k3z1.50c0.65 leadlag=120@0.50k3z0.00c0.06 adapt=10@2.00 vt=20@0.70-2.00,61.68,106.05,1.179,43497507.0,32.04,145.49,0.26,True
"(5, 20)",,0.195,100000.0,10000.0,1.0,10,0.0,10,60,1.15,0.22,1.0,5,0.0,False,40,0.0,2.0,1.0,0.0,40,0.2,2.0,False,40,0.2,3,1.5,0.65,0,80,1.0,5,0.0,0.03,10,2.0,1.0,1.0,20,0.7,2.0,lb=5/20 w=eq band=0.195 algo=100000 reg=10/60@1.15x0.22 ols=40@0.20z2.00 mpairs=40@0.20k3z1.50c0.65 leadlag=0@1.00k5z0.00c0.03 adapt=10@2.00 vt=20@0.70-2.00,55.71,100.5,1.115,76082546.0,16.93,11.19,125.06,False
"(5, 20)",,0.195,100000.0,10000.0,1.0,10,0.0,10,60,1.15,0.22,1.0,5,0.0,False,40,0.0,2.0,1.0,0.0,40,0.2,2.0,False,40,0.2,3,1.5,0.65,0,80,1.0,5,0.0,0.06,10,2.0,1.0,1.0,20,0.7,2.0,lb=5/20 w=eq band=0.195 algo=100000 reg=10/60@1.15x0.22 ols=40@0.20z2.00 mpairs=40@0.20k3z1.50c0.65 leadlag=0@1.00k5z0.00c0.06 adapt=10@2.00 vt=20@0.70-2.00,55.71,100.5,1.115,76082546.0,16.93,11.19,125.06,False
"(5, 20)",,0.195,100000.0,10000.0,1.0,10,0.0,10,60,1.15,0.22,1.0,5,0.0,False,40,0.0,2.0,1.0,0.0,40,0.2,2.0,False,40,0.2,3,1.5,0.65,0,80,1.0,5,0.5,0.03,10,2.0,1.0,1.0,20,0.7,2.0,lb=5/20 w=eq band=0.195 algo=100000 reg=10/60@1.15x0.22 ols=40@0.20z2.00 mpairs=40@0.20k3z1.50c0.65 leadlag=0@1.00k5z0.50c0.03 adapt=10@2.00 vt=20@0.70-2.00,40.26,83.38,0.966,74582921.0,99.21,1.83,99.35,True
"(5, 20)",,0.195,100000.0,10000.0,1.0,10,0.0,10,60,1.15,0.22,1.0,5,0.0,False,40,0.0,2.0,1.0,0.0,40,0.2,2.0,False,40,0.2,3,1.5,0.65,0,80,1.0,5,0.5,0.06,10,2.0,1.0,1.0,20,0.7,2.0,lb=5/20 w=eq band=0.195 algo=100000 reg=10/60@1.15x0.22 ols=40@0.20z2.00 mpairs=40@0.20k3z1.50c0.65 leadlag=0@1.00k5z0.50c0.06 adapt=10@2.00 vt=20@0.70-2.00,40.26,83.38,0.966,74582921.0,99.21,1.83,99.35,True
"(5, 20)",,0.195,100000.0,10000.0,1.0,10,0.0,10,60,1.15,0.22,1.0,5,0.0,False,40,0.0,2.0,1.0,0.0,40,0.2,2.0,False,40,0.2,3,1.5,0.65,0,80,0.75,5,0.0,0.03,10,2.0,1.0,1.0,20,0.7,2.0,lb=5/20 w=eq band=0.195 algo=100000 reg=10/60@1.15x0.22 ols=40@0.20z2.00 mpairs=40@0.20k3z1.50c0.65 leadlag=0@0.75k5z0.00c0.03 adapt=10@2.00 vt=20@0.70-2.00,36.5,74.1,0.985,58290844.0,23.98,58.38,31.91,False
"(5, 20)",,0.195,100000.0,10000.0,1.0,10,0.0,10,60,1.15,0.22,1.0,5,0.0,False,40,0.0,2.0,1.0,0.0,40,0.2,2.0,False,40,0.2,3,1.5,0.65,0,80,0.75,5,0.0,0.06,10,2.0,1.0,1.0,20,0.7,2.0,lb=5/20 w=eq band=0.195 algo=100000 reg=10/60@1.15x0.22 ols=40@0.20z2.00 mpairs=40@0.20k3z1.50c0.65 leadlag=0@0.75k5z0.00c0.06 adapt=10@2.00 vt=20@0.70-2.00,36.5,74.1,0.985,58290844.0,23.98,58.38,31.91,False
"(5, 20)",,0.195,100000.0,10000.0,1.0,10,0.0,10,60,1.15,0.22,1.0,5,0.0,False,40,0.0,2.0,1.0,0.0,40,0.2,2.0,False,40,0.2,3,1.5,0.65,120,80,1.0,1,0.0,0.03,10,2.0,1.0,1.0,20,0.7,2.0,lb=5/20 w=eq band=0.195 algo=100000 reg=10/60@1.15x0.22 ols=40@0.20z2.00 mpairs=40@0.20k3z1.50c0.65 leadlag=120@1.00k1z0.00c0.03 adapt=10@2.00 vt=20@0.70-2.00,36.45,85.29,0.864,104590959.0,41.09,-132.94,212.32,False
"(5, 20)",,0.195,100000.0,10000.0,1.0,10,0.0,10,60,1.15,0.22,1.0,5,0.0,False,40,0.0,2.0,1.0,0.0,40,0.2,2.0,False,40,0.2,3,1.5,0.65,120,80,1.0,1,0.0,0.06,10,2.0,1.0,1.0,20,0.7,2.0,lb=5/20 w=eq band=0.195 algo=100000 reg=10/60@1.15x0.22 ols=40@0.20z2.00 mpairs=40@0.20k3z1.50c0.65 leadlag=120@1.00k1z0.00c0.06 adapt=10@2.00 vt=20@0.70-2.00,36.45,85.29,0.864,104590959.0,41.09,-132.94,212.32,False
"(5, 20)",,0.195,100000.0,10000.0,1.0,10,0.0,10,60,1.15,0.22,1.0,5,0.0,False,40,0.0,2.0,1.0,0.0,40,0.2,2.0,False,40,0.2,3,1.5,0.65,0,80,0.75,5,0.5,0.03,10,2.0,1.0,1.0,20,0.7,2.0,lb=5/20 w=eq band=0.195 algo=100000 reg=10/60@1.15x0.22 ols=40@0.20z2.00 mpairs=40@0.20k3z1.50c0.65 leadlag=0@0.75k5z0.50c0.03 adapt=10@2.00 vt=20@0.70-2.00,26.31,62.63,0.851,56860612.0,81.4,49.49,23.02,True
"(5, 20)",,0.195,100000.0,10000.0,1.0,10,0.0,10,60,1.15,0.22,1.0,5,0.0,False,40,0.0,2.0,1.0,0.0,40,0.2,2.0,False,40,0.2,3,1.5,0.65,0,80,0.75,5,0.5,0.06,10,2.0,1.0,1.0,20,0.7,2.0,lb=5/20 w=eq band=0.195 algo=100000 reg=10/60@1.15x0.22 ols=40@0.20z2.00 mpairs=40@0.20k3z1.50c0.65 leadlag=0@0.75k5z0.50c0.06 adapt=10@2.00 vt=20@0.70-2.00,26.31,62.63,0.851,56860612.0,81.4,49.49,23.02,True
"(5, 20)",,0.195,100000.0,10000.0,1.0,10,0.0,10,60,1.15,0.22,1.0,5,0.0,False,40,0.0,2.0,1.0,0.0,40,0.2,2.0,False,40,0.2,3,1.5,0.65,120,80,0.5,1,0.0,0.03,10,2.0,1.0,1.0,20,0.7,2.0,lb=5/20 w=eq band=0.195 algo=100000 reg=10/60@1.15x0.22 ols=40@0.20z2.00 mpairs=40@0.20k3z1.50c0.65 leadlag=120@0.50k1z0.00c0.03 adapt=10@2.00 vt=20@0.70-2.00,26.11,69.39,0.777,57397258.0,28.48,3.64,41.75,False
"(5, 20)",,0.195,100000.0,10000.0,1.0,10,0.0,10,60,1.15,0.22,1.0,5,0.0,False,40,0.0,2.0,1.0,0.0,40,0.2,2.0,False,40,0.2,3,1.5,0.65,120,80,0.5,1,0.0,0.06,10,2.0,1.0,1.0,20,0.7,2.0,lb=5/20 w=eq band=0.195 algo=100000 reg=10/60@1.15x0.22 ols=40@0.20z2.00 mpairs=40@0.20k3z1.50c0.65 leadlag=120@0.50k1z0.00c0.06 adapt=10@2.00 vt=20@0.70-2.00,26.11,69.39,0.777,57397258.0,28.48,3.64,41.75,False
"(5, 20)",,0.195,100000.0,10000.0,1.0,10,0.0,10,60,1.15,0.22,1.0,5,0.0,False,40,0.0,2.0,1.0,0.0,40,0.2,2.0,False,40,0.2,3,1.5,0.65,120,80,0.75,1,0.0,0.03,10,2.0,1.0,1.0,20,0.7,2.0,lb=5/20 w=eq band=0.195 algo=100000 reg=10/60@1.15x0.22 ols=40@0.20z2.00 mpairs=40@0.20k3z1.50c0.65 leadlag=120@0.75k1z0.00c0.03 adapt=10@2.00 vt=20@0.70-2.00,21.87,62.44,0.734,85062412.0,33.9,-80.31,125.88,False
"(5, 20)",,0.195,100000.0,10000.0,1.0,10,0.0,10,60,1.15,0.22,1.0,5,0.0,False,40,0.0,2.0,1.0,0.0,40,0.2,2.0,False,40,0.2,3,1.5,0.65,120,80,0.75,1,0.0,0.06,10,2.0,1.0,1.0,20,0.7,2.0,lb=5/20 w=eq band=0.195 algo=100000 reg=10/60@1.15x0.22 ols=40@0.20z2.00 mpairs=40@0.20k3z1.50c0.65 leadlag=120@0.75k1z0.00c0.06 adapt=10@2.00 vt=20@0.70-2.00,21.87,62.44,0.734,85062412.0,33.9,-80.31,125.88,False
"(5, 20)",,0.195,100000.0,10000.0,1.0,10,0.0,10,60,1.15,0.22,1.0,5,0.0,False,40,0.0,2.0,1.0,0.0,40,0.2,2.0,False,40,0.2,3,1.5,0.65,0,80,1.0,1,0.0,0.03,10,2.0,1.0,1.0,20,0.7,2.0,lb=5/20 w=eq band=0.195 algo=100000 reg=10/60@1.15x0.22 ols=40@0.20z2.00 mpairs=40@0.20k3z1.50c0.65 leadlag=0@1.00k1z0.00c0.03 adapt=10@2.00 vt=20@0.70-2.00,20.5,66.95,0.664,105514098.0,114.58,13.93,-1.04,False
"(5, 20)",,0.195,100000.0,10000.0,1.0,10,0.0,10,60,1.15,0.22,1.0,5,0.0,False,40,0.0,2.0,1.0,0.0,40,0.2,2.0,False,40,0.2,3,1.5,0.65,0,80,1.0,1,0.0,0.06,10,2.0,1.0,1.0,20,0.7,2.0,lb=5/20 w=eq band=0.195 algo=100000 reg=10/60@1.15x0.22 ols=40@0.20z2.00 mpairs=40@0.20k3z1.50c0.65 leadlag=0@1.00k1z0.00c0.06 adapt=10@2.00 vt=20@0.70-2.00,20.5,66.95,0.664,105514098.0,114.58,13.93,-1.04,False
"(5, 20)",,0.195,100000.0,10000.0,1.0,10,0.0,10,60,1.15,0.22,1.0,5,0.0,False,40,0.0,2.0,1.0,0.0,40,0.2,2.0,False,40,0.2,3,1.5,0.65,0,80,0.5,1,0.0,0.03,10,2.0,1.0,1.0,20,0.7,2.0,lb=5/20 w=eq band=0.195 algo=100000 reg=10/60@1.15x0.22 ols=40@0.20z2.00 mpairs=40@0.20k3z1.50c0.65 leadlag=0@0.50k1z0.00c0.03 adapt=10@2.00 vt=20@0.70-2.00,18.01,59.25,0.661,58606446.0,62.89,103.82,-52.61,False
"(5, 20)",,0.195,100000.0,10000.0,1.0,10,0.0,10,60,1.15,0.22,1.0,5,0.0,False,40,0.0,2.0,1.0,0.0,40,0.2,2.0,False,40,0.2,3,1.5,0.65,0,80,0.5,1,0.0,0.06,10,2.0,1.0,1.0,20,0.7,2.0,lb=5/20 w=eq band=0.195 algo=100000 reg=10/60@1.15x0.22 ols=40@0.20z2.00 mpairs=40@0.20k3z1.50c0.65 leadlag=0@0.50k1z0.00c0.06 adapt=10@2.00 vt=20@0.70-2.00,18.01,59.25,0.661,58606446.0,62.89,103.82,-52.61,False
"(5, 20)",,0.195,100000.0,10000.0,1.0,10,0.0,10,60,1.15,0.22,1.0,5,0.0,False,40,0.0,2.0,1.0,0.0,40,0.2,2.0,False,40,0.2,3,1.5,0.65,0,80,0.75,1,0.0,0.03,10,2.0,1.0,1.0,20,0.7,2.0,lb=5/20 w=eq band=0.195 algo=100000 reg=10/60@1.15x0.22 ols=40@0.20z2.00 mpairs=40@0.20k3z1.50c0.65 leadlag=0@0.75k1z0.00c0.03 adapt=10@2.00 vt=20@0.70-2.00,16.11,56.77,0.629,87002873.0,108.23,33.6,-34.8,False
"(5, 20)",,0.195,100000.0,10000.0,1.0,10,0.0,10,60,1.15,0.22,1.0,5,0.0,False,40,0.0,2.0,1.0,0.0,40,0.2,2.0,False,40,0.2,3,1.5,0.65,0,80,0.75,1,0.0,0.06,10,2.0,1.0,1.0,20,0.7,2.0,lb=5/20 w=eq band=0.195 algo=100000 reg=10/60@1.15x0.22 ols=40@0.20z2.00 mpairs=40@0.20k3z1.50c0.65 leadlag=0@0.75k1z0.00c0.06 adapt=10@2.00 vt=20@0.70-2.00,16.11,56.77,0.629,87002873.0,108.23,33.6,-34.8,False
"(5, 20)",,0.195,100000.0,10000.0,1.0,10,0.0,10,60,1.15,0.22,1.0,5,0.0,False,40,0.0,2.0,1.0,0.0,40,0.2,2.0,False,40,0.2,3,1.5,0.65,0,80,0.75,3,0.5,0.03,10,2.0,1.0,1.0,20,0.7,2.0,lb=5/20 w=eq band=0.195 algo=100000 reg=10/60@1.15x0.22 ols=40@0.20z2.00 mpairs=40@0.20k3z1.50c0.65 leadlag=0@0.75k3z0.50c0.03 adapt=10@2.00 vt=20@0.70-2.00,11.94,45.64,0.595,66209831.0,93.43,5.1,10.96,True
"(5, 20)",,0.195,100000.0,10000.0,1.0,10,0.0,10,60,1.15,0.22,1.0,5,0.0,False,40,0.0,2.0,1.0,0.0,40,0.2,2.0,False,40,0.2,3,1.5,0.65,0,80,0.75,3,0.5,0.06,10,2.0,1.0,1.0,20,0.7,2.0,lb=5/20 w=eq band=0.195 algo=100000 reg=10/60@1.15x0.22 ols=40@0.20z2.00 mpairs=40@0.20k3z1.50c0.65 leadlag=0@0.75k3z0.50c0.06 adapt=10@2.00 vt=20@0.70-2.00,11.94,45.64,0.595,66209831.0,93.43,5.1,10.96,True
"(5, 20)",,0.195,100000.0,10000.0,1.0,10,0.0,10,60,1.15,0.22,1.0,5,0.0,False,40,0.0,2.0,1.0,0.0,40,0.2,2.0,False,40,0.2,3,1.5,0.65,0,80,0.5,1,0.5,0.03,10,2.0,1.0,1.0,20,0.7,2.0,lb=5/20 w=eq band=0.195 algo=100000 reg=10/60@1.15x0.22 ols=40@0.20z2.00 mpairs=40@0.20k3z1.50c0.65 leadlag=0@0.50k1z0.50c0.03 adapt=10@2.00 vt=20@0.70-2.00,9.14,44.52,0.508,56946751.0,50.7,96.46,-66.47,False
"(5, 20)",,0.195,100000.0,10000.0,1.0,10,0.0,10,60,1.15,0.22,1.0,5,0.0,False,40,0.0,2.0,1.0,0.0,40,0.2,2.0,False,40,0.2,3,1.5,0.65,0,80,0.5,1,0.5,0.06,10,2.0,1.0,1.0,20,0.7,2.0,lb=5/20 w=eq band=0.195 algo=100000 reg=10/60@1.15x0.22 ols=40@0.20z2.00 mpairs=40@0.20k3z1.50c0.65 leadlag=0@0.50k1z0.50c0.06 adapt=10@2.00 vt=20@0.70-2.00,9.14,44.52,0.508,56946751.0,50.7,96.46,-66.47,False
"(5, 20)",,0.195,100000.0,10000.0,1.0,10,0.0,10,60,1.15,0.22,1.0,5,0.0,False,40,0.0,2.0,1.0,0.0,40,0.2,2.0,False,40,0.2,3,1.5,0.65,0,80,0.5,5,0.0,0.03,10,2.0,1.0,1.0,20,0.7,2.0,lb=5/20 w=eq band=0.195 algo=100000 reg=10/60@1.15x0.22 ols=40@0.20z2.00 mpairs=40@0.20k3z1.50c0.65 leadlag=0@0.50k5z0.00c0.03 adapt=10@2.00 vt=20@0.70-2.00,8.7,42.21,0.51,37871229.0,11.39,124.1,-40.91,False
"(5, 20)",,0.195,100000.0,10000.0,1.0,10,0.0,10,60,1.15,0.22,1.0,5,0.0,False,40,0.0,2.0,1.0,0.0,40,0.2,2.0,False,40,0.2,3,1.5,0.65,0,80,0.5,5,0.0,0.06,10,2.0,1.0,1.0,20,0.7,2.0,lb=5/20 w=eq band=0.195 algo=100000 reg=10/60@1.15x0.22 ols=40@0.20z2.00 mpairs=40@0.20k3z1.50c0.65 leadlag=0@0.50k5z0.00c0.06 adapt=10@2.00 vt=20@0.70-2.00,8.7,42.21,0.51,37871229.0,11.39,124.1,-40.91,False
"(5, 20)",,0.195,100000.0,10000.0,1.0,10,0.0,10,60,1.15,0.22,1.0,5,0.0,False,40,0.0,2.0,1.0,0.0,40,0.2,2.0,False,40,0.2,3,1.5,0.65,120,80,0.5,1,0.5,0.03,10,2.0,1.0,1.0,20,0.7,2.0,lb=5/20 w=eq band=0.195 algo=100000 reg=10/60@1.15x0.22 ols=40@0.20z2.00 mpairs=40@0.20k3z1.50c0.65 leadlag=120@0.50k1z0.50c0.03 adapt=10@2.00 vt=20@0.70-2.00,7.35,40.22,0.473,55001734.0,38.59,0.0,20.19,True
"(5, 20)",,0.195,100000.0,10000.0,1.0,10,0.0,10,60,1.15,0.22,1.0,5,0.0,False,40,0.0,2.0,1.0,0.0,40,0.2,2.0,False,40,0.2,3,1.5,0.65,120,80,0.5,1,0.5,0.06,10,2.0,1.0,1.0,20,0.7,2.0,lb=5/20 w=eq band=0.195 algo=100000 reg=10/60@1.15x0.22 ols=40@0.20z2.00 mpairs=40@0.20k3z1.50c0.65 leadlag=120@0.50k1z0.50c0.06 adapt=10@2.00 vt=20@0.70-2.00,7.35,40.22,0.473,55001734.0,38.59,0.0,20.19,True
"(5, 20)",,0.195,100000.0,10000.0,1.0,10,0.0,10,60,1.15,0.22,1.0,5,0.0,False,40,0.0,2.0,1.0,0.0,40,0.2,2.0,False,40,0.2,3,1.5,0.65,120,80,1.0,1,0.5,0.03,10,2.0,1.0,1.0,20,0.7,2.0,lb=5/20 w=eq band=0.195 algo=100000 reg=10/60@1.15x0.22 ols=40@0.20z2.00 mpairs=40@0.20k3z1.50c0.65 leadlag=120@1.00k1z0.50c0.03 adapt=10@2.00 vt=20@0.70-2.00,7.1,41.27,0.456,98160197.0,58.69,-191.12,152.07,False
"(5, 20)",,0.195,100000.0,10000.0,1.0,10,0.0,10,60,1.15,0.22,1.0,5,0.0,False,40,0.0,2.0,1.0,0.0,40,0.2,2.0,False,40,0.2,3,1.5,0.65,120,80,1.0,1,0.5,0.06,10,2.0,1.0,1.0,20,0.7,2.0,lb=5/20 w=eq band=0.195 algo=100000 reg=10/60@1.15x0.22 ols=40@0.20z2.00 mpairs=40@0.20k3z1.50c0.65 leadlag=120@1.00k1z0.50c0.06 adapt=10@2.00 vt=20@0.70-2.00,7.1,41.27,0.456,98160197.0,58.69,-191.12,152.07,False
"(5, 20)",,0.195,100000.0,10000.0,1.0,10,0.0,10,60,1.15,0.22,1.0,5,0.0,False,40,0.0,2.0,1.0,0.0,40,0.2,2.0,False,40,0.2,3,1.5,0.65,0,80,0.75,3,0.0,0.03,10,2.0,1.0,1.0,20,0.7,2.0,lb=5/20 w=eq band=0.195 algo=100000 reg=10/60@1.15x0.22 ols=40@0.20z2.00 mpairs=40@0.20k3z1.50c0.65 leadlag=0@0.75k3z0.00c0.03 adapt=10@2.00 vt=20@0.70-2.00,5.05,33.35,0.422,67664948.0,61.87,0.15,2.29,True
"(5, 20)",,0.195,100000.0,10000.0,1.0,10,0.0,10,60,1.15,0.22,1.0,5,0.0,False,40,0.0,2.0,1.0,0.0,40,0.2,2.0,False,40,0.2,3,1.5,0.65,0,80,0.75,3,0.0,0.06,10,2.0,1.0,1.0,20,0.7,2.0,lb=5/20 w=eq band=0.195 algo=100000 reg=10/60@1.15x0.22 ols=40@0.20z2.00 mpairs=40@0.20k3z1.50c0.65 leadlag=0@0.75k3z0.00c0.06 adapt=10@2.00 vt=20@0.70-2.00,5.05,33.35,0.422,67664948.0,61.87,0.15,2.29,True
"(5, 20)",,0.195,100000.0,10000.0,1.0,10,0.0,10,60,1.15,0.22,1.0,5,0.0,False,40,0.0,2.0,1.0,0.0,40,0.2,2.0,False,40,0.2,3,1.5,0.65,0,80,1.0,3,0.0,0.03,10,2.0,1.0,1.0,20,0.7,2.0,lb=5/20 w=eq band=0.195 algo=100000 reg=10/60@1.15x0.22 ols=40@0.20z2.00 mpairs=40@0.20k3z1.50c0.65 leadlag=0@1.00k3z0.00c0.03 adapt=10@2.00 vt=20@0.70-2.00,4.61,35.42,0.387,86524426.0,67.72,-25.4,3.5,False
"(5, 20)",,0.195,100000.0,10000.0,1.0,10,0.0,10,60,1.15,0.22,1.0,5,0.0,False,40,0.0,2.0,1.0,0.0,40,0.2,2.0,False,40,0.2,3,1.5,0.65,0,80,1.0,3,0.0,0.06,10,2.0,1.0,1.0,20,0.7,2.0,lb=5/20 w=eq band=0.195 algo=100000 reg=10/60@1.15x0.22 ols=40@0.20z2.00 mpairs=40@0.20k3z1.50c0.65 leadlag=0@1.00k3z0.00c0.06 adapt=10@2.00 vt=20@0.70-2.00,4.61,35.42,0.387,86524426.0,67.72,-25.4,3.5,False
"(5, 20)",,0.195,100000.0,10000.0,1.0,10,0.0,10,60,1.15,0.22,1.0,5,0.0,False,40,0.0,2.0,1.0,0.0,40,0.2,2.0,False,40,0.2,3,1.5,0.65,0,80,0.5,3,0.0,0.03,10,2.0,1.0,1.0,20,0.7,2.0,lb=5/20 w=eq band=0.195 algo=100000 reg=10/60@1.15x0.22 ols=40@0.20z2.00 mpairs=40@0.20k3z1.50c0.65 leadlag=0@0.50k3z0.00c0.03 adapt=10@2.00 vt=20@0.70-2.00,4.61,33.36,0.401,43845171.0,33.94,63.91,-28.77,False
"(5, 20)",,0.195,100000.0,10000.0,1.0,10,0.0,10,60,1.15,0.22,1.0,5,0.0,False,40,0.0,2.0,1.0,0.0,40,0.2,2.0,False,40,0.2,3,1.5,0.65,0,80,0.5,3,0.0,0.06,10,2.0,1.0,1.0,20,0.7,2.0,lb=5/20 w=eq band=0.195 algo=100000 reg=10/60@1.15x0.22 ols=40@0.20z2.00 mpairs=40@0.20k3z1.50c0.65 leadlag=0@0.50k3z0.00c0.06 adapt=10@2.00 vt=20@0.70-2.00,4.61,33.36,0.401,43845171.0,33.94,63.91,-28.77,False
"(5, 20)",,0.195,100000.0,10000.0,1.0,10,0.0,10,60,1.15,0.22,1.0,5,0.0,False,40,0.0,2.0,1.0,0.0,40,0.2,2.0,False,40,0.2,3,1.5,0.65,0,80,0.75,1,0.5,0.03,10,2.0,1.0,1.0,20,0.7,2.0,lb=5/20 w=eq band=0.195 algo=100000 reg=10/60@1.15x0.22 ols=40@0.20z2.00 mpairs=40@0.20k3z1.50c0.65 leadlag=0@0.75k1z0.50c0.03 adapt=10@2.00 vt=20@0.70-2.00,4.38,32.47,0.395,83590312.0,85.69,8.54,-47.26,False
"(5, 20)",,0.195,100000.0,10000.0,1.0,10,0.0,10,60,1.15,0.22,1.0,5,0.0,False,40,0.0,2.0,1.0,0.0,40,0.2,2.0,False,40,0.2,3,1.5,0.65,0,80,0.75,1,0.5,0.06,10,2.0,1.0,1.0,20,0.7,2.0,lb=5/20 w=eq band=0.195 algo=100000 reg=10/60@1.15x0.22 ols=40@0.20z2.00 mpairs=40@0.20k3z1.50c0.65 leadlag=0@0.75k1z0.50c0.06 adapt=10@2.00 vt=20@0.70-2.00,4.38,32.47,0.395,83590312.0,85.69,8.54,-47.26,False
"(5, 20)",,0.195,100000.0,10000.0,1.0,10,0.0,10,60,1.15,0.22,1.0,5,0.0,False,40,0.0,2.0,1.0,0.0,40,0.2,2.0,False,40,0.2,3,1.5,0.65,0,80,1.0,3,0.5,0.03,10,2.0,1.0,1.0,20,0.7,2.0,lb=5/20 w=eq band=0.195 algo=100000 reg=10/60@1.15x0.22 ols=40@0.20z2.00 mpairs=40@0.20k3z1.50c0.65 leadlag=0@1.00k3z0.50c0.03 adapt=10@2.00 vt=20@0.70-2.00,2.75,28.65,0.326,84695372.0,107.29,-35.73,3.79,False
"(5, 20)",,0.195,100000.0,10000.0,1.0,10,0.0,10,60,1.15,0.22,1.0,5,0.0,False,40,0.0,2.0,1.0,0.0,40,0.2,2.0,False,40,0.2,3,1.5,0.65,0,80,1.0,3,0.5,0.06,10,2.0,1.0,1.0,20,0.7,2.0,lb=5/20 w=eq band=0.195 algo=100000 reg=10/60@1.15x0.22 ols=40@0.20z2.00 mpairs=40@0.20k3z1.50c0.65 leadlag=0@1.00k3z0.50c0.06 adapt=10@2.00 vt=20@0.70-2.00,2.75,28.65,0.326,84695372.0,107.29,-35.73,3.79,False
"(5, 20)",,0.195,100000.0,10000.0,1.0,10,0.0,10,60,1.15,0.22,1.0,5,0.0,False,40,0.0,2.0,1.0,0.0,40,0.2,2.0,False,40,0.2,3,1.5,0.65,0,80,1.0,1,0.5,0.03,10,2.0,1.0,1.0,20,0.7,2.0,lb=5/20 w=eq band=0.195 algo=100000 reg=10/60@1.15x0.22 ols=40@0.20z2.00 mpairs=40@0.20k3z1.50c0.65 leadlag=0@1.00k1z0.50c0.03 adapt=10@2.00 vt=20@0.70-2.00,1.82,25.13,0.28,100086642.0,104.3,0.13,-43.92,False
"(5, 20)",,0.195,100000.0,10000.0,1.0,10,0.0,10,60,1.15,0.22,1.0,5,0.0,False,40,0.0,2.0,1.0,0.0,40,0.2,2.0,False,40,0.2,3,1.5,0.65,0,80,1.0,1,0.5,0.06,10,2.0,1.0,1.0,20,0.7,2.0,lb=5/20 w=eq band=0.195 algo=100000 reg=10/60@1.15x0.22 ols=40@0.20z2.00 mpairs=40@0.20k3z1.50c0.65 leadlag=0@1.00k1z0.50c0.06 adapt=10@2.00 vt=20@0.70-2.00,1.82,25.13,0.28,100086642.0,104.3,0.13,-43.92,False
"(5, 20)",,0.195,100000.0,10000.0,1.0,10,0.0,10,60,1.15,0.22,1.0,5,0.0,False,40,0.0,2.0,1.0,0.0,40,0.2,2.0,False,40,0.2,3,1.5,0.65,0,80,0.5,5,0.5,0.03,10,2.0,1.0,1.0,20,0.7,2.0,lb=5/20 w=eq band=0.195 algo=100000 reg=10/60@1.15x0.22 ols=40@0.20z2.00 mpairs=40@0.20k3z1.50c0.65 leadlag=0@0.50k5z0.50c0.03 adapt=10@2.00 vt=20@0.70-2.00,0.99,19.33,0.232,37441354.0,27.87,77.54,-55.34,False
"(5, 20)",,0.195,100000.0,10000.0,1.0,10,0.0,10,60,1.15,0.22,1.0,5,0.0,False,40,0.0,2.0,1.0,0.0,40,0.2,2.0,False,40,0.2,3,1.5,0.65,0,80,0.5,5,0.5,0.06,10,2.0,1.0,1.0,20,0.7,2.0,lb=5/20 w=eq band=0.195 algo=100000 reg=10/60@1.15x0.22 ols=40@0.20z2.00 mpairs=40@0.20k3z1.50c0.65 leadlag=0@0.50k5z0.50c0.06 adapt=10@2.00 vt=20@0.70-2.00,0.99,19.33,0.232,37441354.0,27.87,77.54,-55.34,False
"(5, 20)",,0.195,100000.0,10000.0,1.0,10,0.0,10,60,1.15,0.22,1.0,5,0.0,False,40,0.0,2.0,1.0,0.0,40,0.2,2.0,False,40,0.2,3,1.5,0.65,120,80,0.75,1,0.5,0.03,10,2.0,1.0,1.0,20,0.7,2.0,lb=5/20 w=eq band=0.195 algo=100000 reg=10/60@1.15x0.22 ols=40@0.20z2.00 mpairs=40@0.20k3z1.50c0.65 leadlag=120@0.75k1z0.50c0.03 adapt=10@2.00 vt=20@0.70-2.00,0.56,15.32,0.194,80524399.0,59.69,-171.6,84.18,False
"(5, 20)",,0.195,100000.0,10000.0,1.0,10,0.0,10,60,1.15,0.22,1.0,5,0.0,False,40,0.0,2.0,1.0,0.0,40,0.2,2.0,False,40,0.2,3,1.5,0.65,120,80,0.75,1,0.5,0.06,10,2.0,1.0,1.0,20,0.7,2.0,lb=5/20 w=eq band=0.195 algo=100000 reg=10/60@1.15x0.22 ols=40@0.20z2.00 mpairs=40@0.20k3z1.50c0.65 leadlag=120@0.75k1z0.50c0.06 adapt=10@2.00 vt=20@0.70-2.00,0.56,15.32,0.194,80524399.0,59.69,-171.6,84.18,False
"(5, 20)",,0.195,100000.0,10000.0,1.0,10,0.0,10,60,1.15,0.22,1.0,5,0.0,False,40,0.0,2.0,1.0,0.0,40,0.2,2.0,False,40,0.2,3,1.5,0.65,0,80,0.5,3,0.5,0.03,10,2.0,1.0,1.0,20,0.7,2.0,lb=5/20 w=eq band=0.195 algo=100000 reg=10/60@1.15x0.22 ols=40@0.20z2.00 mpairs=40@0.20k3z1.50c0.65 leadlag=0@0.50k3z0.50c0.03 adapt=10@2.00 vt=20@0.70-2.00,0.17,10.45,0.128,42906945.0,48.08,28.21,-50.95,False
"(5, 20)",,0.195,100000.0,10000.0,1.0,10,0.0,10,60,1.15,0.22,1.0,5,0.0,False,40,0.0,2.0,1.0,0.0,40,0.2,2.0,False,40,0.2,3,1.5,0.65,0,80,0.5,3,0.5,0.06,10,2.0,1.0,1.0,20,0.7,2.0,lb=5/20 w=eq band=0.195 algo=100000 reg=10/60@1.15x0.22 ols=40@0.20z2.00 mpairs=40@0.20k3z1.50c0.65 leadlag=0@0.50k3z0.50c0.06 adapt=10@2.00 vt=20@0.70-2.00,0.17,10.45,0.128,42906945.0,48.08,28.21,-50.95,False
"(5, 20)",,0.195,100000.0,10000.0,1.0,10,0.0,10,60,1.15,0.22,1.0,5,0.0,False,40,0.0,2.0,1.0,0.0,40,0.2,2.0,False,40,0.2,3,1.5,0.65,0,80,0.0,5,0.0,0.05,10,2.0,1.0,1.0,20,0.7,2.0,lb=5/20 w=eq band=0.195 algo=100000 reg=10/60@1.15x0.22 ols=40@0.20z2.00 mpairs=40@0.20k3z1.50c0.65 adapt=10@2.00 vt=20@0.70-2.00,-2.6,-2.6,-0.02,27485946.0,30.1,115.27,-181.29,False
"(5, 20)",,0.195,100000.0,10000.0,1.0,10,0.0,10,60,1.15,0.22,1.0,5,0.0,False,40,0.0,2.0,1.0,0.0,40,0.2,2.0,False,40,0.2,3,1.5,0.65,120,80,1.0,3,0.0,0.03,10,2.0,1.0,1.0,20,0.7,2.0,lb=5/20 w=eq band=0.195 algo=100000 reg=10/60@1.15x0.22 ols=40@0.20z2.00 mpairs=40@0.20k3z1.50c0.65 leadlag=120@1.00k3z0.00c0.03 adapt=10@2.00 vt=20@0.70-2.00,206.38,241.48,2.425,84822658.0,99.27,98.36,223.28,True
"(5, 20)",,0.195,100000.0,10000.0,1.0,10,0.0,10,60,1.15,0.22,1.0,5,0.0,False,40,0.0,2.0,1.0,0.0,40,0.2,2.0,False,40,0.2,3,1.5,0.65,120,80,1.0,3,0.0,0.06,10,2.0,1.0,1.0,20,0.7,2.0,lb=5/20 w=eq band=0.195 algo=100000 reg=10/60@1.15x0.22 ols=40@0.20z2.00 mpairs=40@0.20k3z1.50c0.65 leadlag=120@1.00k3z0.00c0.06 adapt=10@2.00 vt=20@0.70-2.00,206.38,241.48,2.425,84822658.0,99.27,98.36,223.28,True
"(5, 20)",,0.195,100000.0,10000.0,1.0,10,0.0,10,60,1.15,0.22,1.0,5,0.0,False,40,0.0,2.0,1.0,0.0,40,0.2,2.0,False,40,0.2,3,1.5,0.65,120,80,1.0,3,0.0,0.1,10,2.0,1.0,1.0,20,0.7,2.0,lb=5/20 w=eq band=0.195 algo=100000 reg=10/60@1.15x0.22 ols=40@0.20z2.00 mpairs=40@0.20k3z1.50c0.65 leadlag=120@1.00k3z0.00c0.10 adapt=10@2.00 vt=20@0.70-2.00,206.38,241.48,2.425,84822658.0,100.44,98.36,223.28,True
"(5, 20)",,0.195,100000.0,10000.0,1.0,10,0.0,10,60,1.15,0.22,1.0,5,0.0,False,40,0.0,2.0,1.0,0.0,40,0.2,2.0,False,40,0.2,3,1.5,0.65,120,80,1.0,5,0.0,0.1,10,2.0,1.0,1.0,20,0.7,2.0,lb=5/20 w=eq band=0.195 algo=100000 reg=10/60@1.15x0.22 ols=40@0.20z2.00 mpairs=40@0.20k3z1.50c0.65 leadlag=120@1.00k5z0.00c0.10 adapt=10@2.00 vt=20@0.70-2.00,184.78,219.65,2.302,75172225.0,69.36,147.61,179.37,True
"(5, 20)",,0.195,100000.0,10000.0,1.0,10,0.0,10,60,1.15,0.22,1.0,5,0.0,False,40,0.0,2.0,1.0,0.0,40,0.2,2.0,False,40,0.2,3,1.5,0.65,120,80,1.0,5,0.0,0.03,10,2.0,1.0,1.0,20,0.7,2.0,lb=5/20 w=eq band=0.195 algo=100000 reg=10/60@1.15x0.22 ols=40@0.20z2.00 mpairs=40@0.20k3z1.50c0.65 leadlag=120@1.00k5z0.00c0.03 adapt=10@2.00 vt=20@0.70-2.00,183.48,218.44,2.291,75168504.0,65.09,146.43,177.48,True
"(5, 20)",,0.195,100000.0,10000.0,1.0,10,0.0,10,60,1.15,0.22,1.0,5,0.0,False,40,0.0,2.0,1.0,0.0,40,0.2,2.0,False,40,0.2,3,1.5,0.65,120,80,1.0,5,0.0,0.06,10,2.0,1.0,1.0,20,0.7,2.0,lb=5/20 w=eq band=0.195 algo=100000 reg=10/60@1.15x0.22 ols=40@0.20z2.00 mpairs=40@0.20k3z1.50c0.65 leadlag=120@1.00k5z0.00c0.06 adapt=10@2.00 vt=20@0.70-2.00,183.48,218.44,2.291,75168504.0,65.09,146.43,177.48,True
"(5, 20)",,0.195,100000.0,10000.0,1.0,10,0.0,10,60,1.15,0.22,1.0,5,0.0,False,40,0.0,2.0,1.0,0.0,40,0.2,2.0,False,40,0.2,3,1.5,0.65,120,80,1.0,10,0.0,0.03,10,2.0,1.0,1.0,20,0.7,2.0,lb=5/20 w=eq band=0.195 algo=100000 reg=10/60@1.15x0.22 ols=40@0.20z2.00 mpairs=40@0.20k3z1.50c0.65 leadlag=120@1.00k10z0.00c0.03 adapt=10@2.00 vt=20@0.70-2.00,165.01,198.05,2.235,62313815.0,80.88,134.34,188.61,True
"(5, 20)",,0.195,100000.0,10000.0,1.0,10,0.0,10,60,1.15,0.22,1.0,5,0.0,False,40,0.0,2.0,1.0,0.0,40,0.2,2.0,False,40,0.2,3,1.5,0.65,120,80,1.0,10,0.0,0.06,10,2.0,1.0,1.0,20,0.7,2.0,lb=5/20 w=eq band=0.195 algo=100000 reg=10/60@1.15x0.22 ols=40@0.20z2.00 mpairs=40@0.20k3z1.50c0.65 leadlag=120@1.00k10z0.00c0.06 adapt=10@2.00 vt=20@0.70-2.00,165.01,198.05,2.235,62313815.0,80.88,134.34,188.61,True
"(5, 20)",,0.195,100000.0,10000.0,1.0,10,0.0,10,60,1.15,0.22,1.0,5,0.0,False,40,0.0,2.0,1.0,0.0,40,0.2,2.0,False,40,0.2,3,1.5,0.65,120,80,0.75,5,0.0,0.1,10,2.0,1.0,1.0,20,0.7,2.0,lb=5/20 w=eq band=0.195 algo=100000 reg=10/60@1.15x0.22 ols=40@0.20z2.00 mpairs=40@0.20k3z1.50c0.65 leadlag=120@0.75k5z0.00c0.10 adapt=10@2.00 vt=20@0.70-2.00,163.35,193.21,2.339,57290831.0,67.55,174.75,153.92,True
"(5, 20)",,0.195,100000.0,10000.0,1.0,10,0.0,10,60,1.15,0.22,1.0,5,0.0,False,40,0.0,2.0,1.0,0.0,40,0.2,2.0,False,40,0.2,3,1.5,0.65,120,80,0.75,5,0.0,0.03,10,2.0,1.0,1.0,20,0.7,2.0,lb=5/20 w=eq band=0.195 algo=100000 reg=10/60@1.15x0.22 ols=40@0.20z2.00 mpairs=40@0.20k3z1.50c0.65 leadlag=120@0.75k5z0.00c0.03 adapt=10@2.00 vt=20@0.70-2.00,163.11,192.88,2.341,57262225.0,64.02,175.12,152.83,True
"(5, 20)",,0.195,100000.0,10000.0,1.0,10,0.0,10,60,1.15,0.22,1.0,5,0.0,False,40,0.0,2.0,1.0,0.0,40,0.2,2.0,False,40,0.2,3,1.5,0.65,120,80,0.75,5,0.0,0.06,10,2.0,1.0,1.0,20,0.7,2.0,lb=5/20 w=eq band=0.195 algo=100000 reg=10/60@1.15x0.22 ols=40@0.20z2.00 mpairs=40@0.20k3z1.50c0.65 leadlag=120@0.75k5z0.00c0.06 adapt=10@2.00 vt=20@0.70-2.00,163.11,192.88,2.341,57262225.0,64.02,175.12,152.83,True
"(5, 20)",,0.195,100000.0,10000.0,1.0,10,0.0,10,60,1.15,0.22,1.0,5,0.0,False,40,0.0,2.0,1.0,0.0,40,0.2,2.0,False,40,0.2,3,1.5,0.65,120,80,1.0,3,0.5,0.03,10,2.0,1.0,1.0,20,0.7,2.0,lb=5/20 w=eq band=0.195 algo=100000 reg=10/60@1.15x0.22 ols=40@0.20z2.00 mpairs=40@0.20k3z1.50c0.65 leadlag=120@1.00k3z0.50c0.03 adapt=10@2.00 vt=20@0.70-2.00,162.83,201.52,2.051,83906921.0,137.85,49.28,160.14,True
"(5, 20)",,0.195,100000.0,10000.0,1.0,10,0.0,10,60,1.15,0.22,1.0,5,0.0,False,40,0.0,2.0,1.0,0.0,40,0.2,2.0,False,40,0.2,3,1.5,0.65,120,80,1.0,3,0.5,0.06,10,2.0,1.0,1.0,20,0.7,2.0,lb=5/20 w=eq band=0.195 algo=100000 reg=10/60@1.15x0.22 ols=40@0.20z2.00 mpairs=40@0.20k3z1.50c0.65 leadlag=120@1.00k3z0.50c0.06 adapt=10@2.00 vt=20@0.70-2.00,162.83,201.52,2.051,83906921.0,137.85,49.28,160.14,True
"(5, 20)",,0.195,100000.0,10000.0,1.0,10,0.0,10,60,1.15,0.22,1.0,5,0.0,False,40,0.0,2.0,1.0,0.0,40,0.2,2.0,False,40,0.2,3,1.5,0.65,120,80,1.0,3,0.5,0.1,10,2.0,1.0,1.0,20,0.7,2.0,lb=5/20 w=eq band=0.195 algo=100000 reg=10/60@1.15x0.22 ols=40@0.20z2.00 mpairs=40@0.20k3z1.50c0.65 leadlag=120@1.00k3z0.50c0.10 adapt=10@2.00 vt=20@0.70-2.00,162.83,201.52,2.051,83906921.0,139.01,49.28,160.14,True
"(5, 20)",,0.195,100000.0,10000.0,1.0,10,0.0,10,60,1.15,0.22,1.0,5,0.0,False,40,0.0,2.0,1.0,0.0,40,0.2,2.0,False,40,0.2,3,1.5,0.65,120,80,1.0,10,0.0,0.1,10,2.0,1.0,1.0,20,0.7,2.0,lb=5/20 w=eq band=0.195 algo=100000 reg=10/60@1.15x0.22 ols=40@0.20z2.00 mpairs=40@0.20k3z1.50c0.65 leadlag=120@1.00k10z0.00c0.10 adapt=10@2.00 vt=20@0.70-2.00,156.4,190.32,2.147,63020645.0,76.39,118.61,191.46,True
"(5, 20)",,0.195,100000.0,10000.0,1.0,10,0.0,10,60,1.15,0.22,1.0,5,0.0,False,40,0.0,2.0,1.0,0.0,40,0.2,2.0,False,40,0.2,3,1.5,0.65,120,80,1.0,5,0.5,0.1,10,2.0,1.0,1.0,20,0.7,2.0,lb=5/20 w=eq band=0.195 algo=100000 reg=10/60@1.15x0.22 ols=40@0.20z2.00 mpairs=40@0.20k3z1.50c0.65 leadlag=120@1.00k5z0.50c0.10 adapt=10@2.00 vt=20@0.70-2.00,154.55,190.2,2.082,74596402.0,79.98,94.77,189.06,True
"(5, 20)",,0.195,100000.0,10000.0,1.0,10,0.0,10,60,1.15,0.22,1.0,5,0.0,False,40,0.0,2.0,1.0,0.0,40,0.2,2.0,False,40,0.2,3,1.5,0.65,120,80,1.0,5,0.5,0.03,10,2.0,1.0,1.0,20,0.7,2.0,lb=5/20 w=eq band=0.195 algo=100000 reg=10/60@1.15x0.22 ols=40@0.20z2.00 mpairs=40@0.20k3z1.50c0.65 leadlag=120@1.00k5z0.50c0.03 adapt=10@2.00 vt=20@0.70-2.00,153.6,189.25,2.076,74586230.0,75.04,94.03,187.69,True
"(5, 20)",,0.195,100000.0,10000.0,1.0,10,0.0,10,60,1.15,0.22,1.0,5,0.0,False,40,0.0,2.0,1.0,0.0,40,0.2,2.0,False,40,0.2,3,1.5,0.65,120,80,1.0,5,0.5,0.06,10,2.0,1.0,1.0,20,0.7,2.0,lb=5/20 w=eq band=0.195 algo=100000 reg=10/60@1.15x0.22 ols=40@0.20z2.00 mpairs=40@0.20k3z1.50c0.65 leadlag=120@1.00k5z0.50c0.06 adapt=10@2.00 vt=20@0.70-2.00,153.6,189.25,2.076,74586230.0,75.04,94.03,187.69,True
"(5, 20)",,0.195,100000.0,10000.0,1.0,10,0.0,10,60,1.15,0.22,1.0,5,0.0,False,40,0.0,2.0,1.0,0.0,40,0.2,2.0,False,40,0.2,3,1.5,0.65,120,80,1.0,10,0.5,0.03,10,2.0,1.0,1.0,20,0.7,2.0,lb=5/20 w=eq band=0.195 algo=100000 reg=10/60@1.15x0.22 ols=40@0.20z2.00 mpairs=40@0.20k3z1.50c0.65 leadlag=120@1.00k10z0.50c0.03 adapt=10@2.00 vt=20@0.70-2.00,153.3,186.32,2.154,60288871.0,72.72,133.1,174.77,True
"(5, 20)",,0.195,100000.0,10000.0,1.0,10,0.0,10,60,1.15,0.22,1.0,5,0.0,False,40,0.0,2.0,1.0,0.0,40,0.2,2.0,False,40,0.2,3,1.5,0.65,120,80,1.0,10,0.5,0.06,10,2.0,1.0,1.0,20,0.7,2.0,lb=5/20 w=eq band=0.195 algo=100000 reg=10/60@1.15x0.22 ols=40@0.20z2.00 mpairs=40@0.20k3z1.50c0.65 leadlag=120@1.00k10z0.50c0.06 adapt=10@2.00 vt=20@0.70-2.00,153.3,186.32,2.154,60288871.0,72.72,133.1,174.77,True
"(5, 20)",,0.195,100000.0,10000.0,1.0,10,0.0,10,60,1.15,0.22,1.0,5,0.0,False,40,0.0,2.0,1.0,0.0,40,0.2,2.0,False,40,0.2,3,1.5,0.65,120,80,1.0,10,0.5,0.1,10,2.0,1.0,1.0,20,0.7,2.0,lb=5/20 w=eq band=0.195 algo=100000 reg=10/60@1.15x0.22 ols=40@0.20z2.00 mpairs=40@0.20k3z1.50c0.65 leadlag=120@1.00k10z0.50c0.10 adapt=10@2.00 vt=20@0.70-2.00,139.28,174.05,2.001,61315451.0,57.9,95.55,190.59,True
"(5, 20)",,0.195,100000.0,10000.0,1.0,10,0.0,10,60,1.15,0.22,1.0,5,0.0,False,40,0.0,2.0,1.0,0.0,40,0.2,2.0,False,40,0.2,3,1.5,0.65,120,80,0.75,5,0.5,0.1,10,2.0,1.0,1.0,20,0.7,2.0,lb=5/20 w=eq band=0.195 algo=100000 reg=10/60@1.15x0.22 ols=40@0.20z2.00 mpairs=40@0.20k3z1.50c0.65 leadlag=120@0.75k5z0.50c0.10 adapt=10@2.00 vt=20@0.70-2.00,138.9,170.36,2.101,56361474.0,82.65,127.98,160.66,True
"(5, 20)",,0.195,100000.0,10000.0,1.0,10,0.0,10,60,1.15,0.22,1.0,5,0.0,False,40,0.0,2.0,1.0,0.0,40,0.2,2.0,False,40,0.2,3,1.5,0.65,120,80,0.75,5,0.5,0.03,10,2.0,1.0,1.0,20,0.7,2.0,lb=5/20 w=eq band=0.195 algo=100000 reg=10/60@1.15x0.22 ols=40@0.20z2.00 mpairs=40@0.20k3z1.50c0.65 leadlag=120@0.75k5z0.50c0.03 adapt=10@2.00 vt=20@0.70-2.00,138.31,169.72,2.098,56331993.0,79.52,127.74,159.4,True
"(5, 20)",,0.195,100000.0,10000.0,1.0,10,0.0,10,60,1.15,0.22,1.0,5,0.0,False,40,0.0,2.0,1.0,0.0,40,0.2,2.0,False,40,0.2,3,1.5,0.65,120,80,0.75,5,0.5,0.06,10,2.0,1.0,1.0,20,0.7,2.0,lb=5/20 w=eq band=0.195 algo=100000 reg=10/60@1.15x0.22 ols=40@0.20z2.00 mpairs=40@0.20k3z1.50c0.65 leadlag=120@0.75k5z0.50c0.06 adapt=10@2.00 vt=20@0.70-2.00,138.31,169.72,2.098,56331993.0,79.52,127.74,159.4,True
"(5, 20)",,0.195,100000.0,10000.0,1.0,10,0.0,10,60,1.15,0.22,1.0,5,0.0,False,40,0.0,2.0,1.0,0.0,40,0.2,2.0,False,40,0.2,3,1.5,0.65,120,80,1.0,3,1.0,0.03,10,2.0,1.0,1.0,20,0.7,2.0,lb=5/20 w=eq band=0.195 algo=100000 reg=10/60@1.15x0.22 ols=40@0.20z2.00 mpairs=40@0.20k3z1.50c0.65 leadlag=120@1.00k3z1.00c0.03 adapt=10@2.00 vt=20@0.70-2.00,133.56,169.29,1.934,75968599.0,83.72,59.07,108.73,True
"(5, 20)",,0.195,100000.0,10000.0,1.0,10,0.0,10,60,1.15,0.22,1.0,5,0.0,False,40,0.0,2.0,1.0,0.0,40,0.2,2.0,False,40,0.2,3,1.5,0.65,120,80,1.0,3,1.0,0.06,10,2.0,1.0,1.0,20,0.7,2.0,lb=5/20 w=eq band=0.195 algo=100000 reg=10/60@1.15x0.22 ols=40@0.20z2.00 mpairs=40@0.20k3z1.50c0.65 leadlag=120@1.00k3z1.00c0.06 adapt=10@2.00 vt=20@0.70-2.00,133.56,169.29,1.934,75968599.0,83.72,59.07,108.73,True
"(5, 20)",,0.195,100000.0,10000.0,1.0,10,0.0,10,60,1.15,0.22,1.0,5,0.0,False,40,0.0,2.0,1.0,0.0,40,0.2,2.0,False,40,0.2,3,1.5,0.65,120,80,1.0,3,1.0,0.1,10,2.0,1.0,1.0,20,0.7,2.0,lb=5/20 w=eq band=0.195 algo=100000 reg=10/60@1.15x0.22 ols=40@0.20z2.00 mpairs=40@0.20k3z1.50c0.65 leadlag=120@1.00k3z1.00c0.10 adapt=10@2.00 vt=20@0.70-2.00,133.56,169.29,1.934,75968599.0,84.69,59.07,108.73,True
"(5, 20)",,0.195,100000.0,10000.0,1.0,10,0.0,10,60,1.15,0.22,1.0,5,0.0,False,40,0.0,2.0,1.0,0.0,40,0.2,2.0,False,40,0.2,3,1.5,0.65,120,80,1.0,5,1.0,0.1,10,2.0,1.0,1.0,20,0.7,2.0,lb=5/20 w=eq band=0.195 algo=100000 reg=10/60@1.15x0.22 ols=40@0.20z2.00 mpairs=40@0.20k3z1.50c0.65 leadlag=120@1.00k5z1.00c0.10 adapt=10@2.00 vt=20@0.70-2.00,123.86,156.7,1.942,66805417.0,30.54,108.62,124.32,True
"(5, 20)",,0.195,100000.0,10000.0,1.0,10,0.0,10,60,1.15,0.22,1.0,5,0.0,False,40,0.0,2.0,1.0,0.0,40,0.2,2.0,False,40,0.2,3,1.5,0.65,120,80,1.0,5,1.0,0.03,10,2.0,1.0,1.0,20,0.7,2.0,lb=5/20 w=eq band=0.195 algo=100000 reg=10/60@1.15x0.22 ols=40@0.20z2.00 mpairs=40@0.20k3z1.50c0.65 leadlag=120@1.00k5z1.00c0.03 adapt=10@2.00 vt=20@0.70-2.00,123.25,156.15,1.935,66757196.0,27.39,110.84,120.84,False
"(5, 20)",,0.195,100000.0,10000.0,1.0,10,0.0,10,60,1.15,0.22,1.0,5,0.0,False,40,0.0,2.0,1.0,0.0,40,0.2,2.0,False,40,0.2,3,1.5,0.65,120,80,1.0,5,1.0,0.06,10,2.0,1.0,1.0,20,0.7,2.0,lb=5/20 w=eq band=0.195 algo=100000 reg=10/60@1.15x0.22 ols=40@0.20z2.00 mpairs=40@0.20k3z1.50c0.65 leadlag=120@1.00k5z1.00c0.06 adapt=10@2.00 vt=20@0.70-2.00,123.25,156.15,1.935,66757196.0,27.39,110.84,120.84,False
"(5, 20)",,0.195,100000.0,10000.0,1.0,10,0.0,10,60,1.15,0.22,1.0,5,0.0,False,40,0.0,2.0,1.0,0.0,40,0.2,2.0,False,40,0.2,3,1.5,0.65,120,80,0.75,10,0.0,0.03,10,2.0,1.0,1.0,20,0.7,2.0,lb=5/20 w=eq band=0.195 algo=100000 reg=10/60@1.15x0.22 ols=40@0.20z2.00 mpairs=40@0.20k3z1.50c0.65 leadlag=120@0.75k10z0.00c0.03 adapt=10@2.00 vt=20@0.70-2.00,123.23,152.03,2.069,46054072.0,84.07,136.39,131.66,True
"(5, 20)",,0.195,100000.0,10000.0,1.0,10,0.0,10,60,1.15,0.22,1.0,5,0.0,False,40,0.0,2.0,1.0,0.0,40,0.2,2.0,False,40,0.2,3,1.5,0.65,120,80,0.75,10,0.0,0.06,10,2.0,1.0,1.0,20,0.7,2.0,lb=5/20 w=eq band=0.195 algo=100000 reg=10/60@1.15x0.22 ols=40@0.20z2.00 mpairs=40@0.20k3z1.50c0.65 leadlag=120@0.75k10z0.00c0.06 adapt=10@2.00 vt=20@0.70-2.00,123.23,152.03,2.069,46054072.0,84.07,136.39,131.66,True
"(5, 20)",,0.195,100000.0,10000.0,1.0,10,0.0,10,60,1.15,0.22,1.0,5,0.0,False,40,0.0,2.0,1.0,0.0,40,0.2,2.0,False,40,0.2,3,1.5,0.65,120,80,0.75,3,0.0,0.03,10,2.0,1.0,1.0,20,0.7,2.0,lb=5/20 w=eq band=0.195 algo=100000 reg=10/60@1.15x0.22 ols=40@0.20z2.00 mpairs=40@0.20k3z1.50c0.65 leadlag=120@0.75k3z0.00c0.03 adapt=10@2.00 vt=20@0.70-2.00,119.77,156.12,1.815,65630271.0,54.23,71.49,85.09,True
"(5, 20)",,0.195,100000.0,10000.0,1.0,10,0.0,10,60,1.15,0.22,1.0,5,0.0,False,40,0.0,2.0,1.0,0.0,40,0.2,2.0,False,40,0.2,3,1.5,0.65,120,80,0.75,3,0.0,0.06,10,2.0,1.0,1.0,20,0.7,2.0,lb=5/20 w=eq band=0.195 algo=100000 reg=10/60@1.15x0.22 ols=40@0.20z2.00 mpairs=40@0.20k3z1.50c0.65 leadlag=120@0.75k3z0.00c0.06 adapt=10@2.00 vt=20@0.70-2.00,119.77,156.12,1.815,65630271.0,54.23,71.49,85.09,True
"(5, 20)",,0.195,100000.0,10000.0,1.0,10,0.0,10,60,1.15,0.22,1.0,5,0.0,False,40,0.0,2.0,1.0,0.0,40,0.2,2.0,False,40,0.2,3,1.5,0.65,120,80,0.75,3,0.0,0.1,10,2.0,1.0,1.0,20,0.7,2.0,lb=5/20 w=eq band=0.195 algo=100000 reg=10/60@1.15x0.22 ols=40@0.20z2.00 mpairs=40@0.20k3z1.50c0.65 leadlag=120@0.75k3z0.00c0.10 adapt=10@2.00 vt=20@0.70-2.00,119.77,156.12,1.815,65630271.0,55.98,71.49,85.09,True
"(5, 20)",,0.195,100000.0,10000.0,1.0,10,0.0,10,60,1.15,0.22,1.0,5,0.0,False,40,0.0,2.0,1.0,0.0,40,0.2,2.0,False,40,0.2,3,1.5,0.65,120,80,0.75,10,0.0,0.1,10,2.0,1.0,1.0,20,0.7,2.0,lb=5/20 w=eq band=0.195 algo=100000 reg=10/60@1.15x0.22 ols=40@0.20z2.00 mpairs=40@0.20k3z1.50c0.65 leadlag=120@0.75k10z0.00c0.10 adapt=10@2.00 vt=20@0.70-2.00,116.23,146.48,1.96,46644542.0,86.84,118.36,135.08,True
"(5, 20)",,0.195,100000.0,10000.0,1.0,10,0.0,10,60,1.15,0.22,1.0,5,0.0,False,40,0.0,2.0,1.0,0.0,40,0.2,2.0,False,40,0.2,3,1.5,0.65,120,80,0.5,5,0.0,0.1,10,2.0,1.0,1.0,20,0.7,2.0,lb=5/20 w=eq band=0.195 algo=100000 reg=10/60@1.15x0.22 ols=40@0.20z2.00 mpairs=40@0.20k3z1.50c0.65 leadlag=120@0.50k5z0.00c0.10 adapt=10@2.00 vt=20@0.70-2.00,115.29,152.57,1.758,37729596.0,30.59,199.71,51.93,True
"(5, 20)",,0.195,100000.0,10000.0,1.0,10,0.0,10,60,1.15,0.22,1.0,5,0.0,False,40,0.0,2.0,1.0,0.0,40,0.2,2.0,False,40,0.2,3,1.5,0.65,120,80,0.5,5,0.0,0.03,10,2.0,1.0,1.0,20,0.7,2.0,lb=5/20 w=eq band=0.195 algo=100000 reg=10/60@1.15x0.22 ols=40@0.20z2.00 mpairs=40@0.20k3z1.50c0.65 leadlag=120@0.50k5z0.00c0.03 adapt=10@2.00 vt=20@0.70-2.00,115.24,152.53,1.758,37718028.0,28.92,200.37,51.38,True
"(5, 20)",,0.195,100000.0,10000.0,1.0,10,0.0,10,60,1.15,0.22,1.0,5,0.0,False,40,0.0,2.0,1.0,0.0,40,0.2,2.0,False,40,0.2,3,1.5,0.65,120,80,0.5,5,0.0,0.06,10,2.0,1.0,1.0,20,0.7,2.0,lb=5/20 w=eq band=0.195 algo=100000 reg=10/60@1.15x0.22 ols=40@0.20z2.00 mpairs=40@0.20k3z1.50c0.65 leadlag=120@0.50k5z0.00c0.06 adapt=10@2.00 vt=20@0.70-2.00,115.24,152.53,1.758,37718028.0,28.92,200.37,51.38,True
"(5, 20)",,0.195,100000.0,10000.0,1.0,10,0.0,10,60,1.15,0.22,1.0,5,0.0,False,40,0.0,2.0,1.0,0.0,40,0.2,2.0,False,40,0.2,3,1.5,0.65,120,80,0.75,3,0.5,0.03,10,2.0,1.0,1.0,20,0.7,2.0,lb=5/20 w=eq band=0.195 algo=100000 reg=10/60@1.15x0.22 ols=40@0.20z2.00 mpairs=40@0.20k3z1.50c0.65 leadlag=120@0.75k3z0.50c0.03 adapt=10@2.00 vt=20@0.70-2.00,106.24,142.61,1.709,64945209.0,86.66,62.98,60.61,True
"(5, 20)",,0.195,100000.0,10000.0,1.0,10,0.0,10,60,1.15,0.22,1.0,5,0.0,False,40,0.0,2.0,1.0,0.0,40,0.2,2.0,False,40,0.2,3,1.5,0.65,120,80,0.75,3,0.5,0.06,10,2.0,1.0,1.0,20,0.7,2.0,lb=5/20 w=eq band=0.195 algo=100000 reg=10/60@1.15x0.22 ols=40@0.20z2.00 mpairs=40@0.20k3z1.50c0.65 leadlag=120@0.75k3z0.50c0.06 adapt=10@2.00 vt=20@0.70-2.00,106.24,142.61,1.709,64945209.0,86.66,62.98,60.61,True
"(5, 20)",,0.195,100000.0,10000.0,1.0,10,0.0,10,60,1.15,0.22,1.0,5,0.0,False,40,0.0,2.0,1.0,0.0,40,0.2,2.0,False,40,0.2,3,1.5,0.65,120,80,0.75,3,0.5,0.1,10,2.0,1.0,1.0,20,0.7,2.0,lb=5/20 w=eq band=0.195 algo=100000 reg=10/60@1.15x0.22 ols=40@0.20z2.00 mpairs=40@0.20k3z1.50c0.65 leadlag=120@0.75k3z0.50c0.10 adapt=10@2.00 vt=20@0.70-2.00,106.24,142.61,1.709,64945209.0,88.39,62.98,60.61,True
"(5, 20)",,0.195,100000.0,10000.0,1.0,10,0.0,10,60,1.15,0.22,1.0,5,0.0,False,40,0.0,2.0,1.0,0.0,40,0.2,2.0,False,40,0.2,3,1.5,0.65,120,80,1.0,10,1.0,0.03,10,2.0,1.0,1.0,20,0.7,2.0,lb=5/20 w=eq band=0.195 algo=100000 reg=10/60@1.15x0.22 ols=40@0.20z2.00 mpairs=40@0.20k3z1.50c0.65 leadlag=120@1.00k10z1.00c0.03 adapt=10@2.00 vt=20@0.70-2.00,100.29,132.07,1.776,52107608.0,11.49,74.56,134.16,False
"(5, 20)",,0.195,100000.0,10000.0,1.0,10,0.0,10,60,1.15,0.22,1.0,5,0.0,False,40,0.0,2.0,1.0,0.0,40,0.2,2.0,False,40,0.2,3,1.5,0.65,120,80,1.0,10,1.0,0.06,10,2.0,1.0,1.0,20,0.7,2.0,lb=5/20 w=eq band=0.195 algo=100000 reg=10/60@1.15x0.22 ols=40@0.20z2.00 mpairs=40@0.20k3z1.50c0.65 leadlag=120@1.00k10z1.00c0.06 adapt=10@2.00 vt=20@0.70-2.00,100.29,132.07,1.776,52107608.0,11.49,74.56,134.16,False
"(5, 20)",,0.195,100000.0,10000.0,1.0,10,0.0,10,60,1.15,0.22,1.0,5,0.0,False,40,0.0,2.0,1.0,0.0,40,0.2,2.0,False,40,0.2,3,1.5,0.65,120,80,0.5,5,0.5,0.1,10,2.0,1.0,1.0,20,0.7,2.0,lb=5/20 w=eq band=0.195 algo=100000 reg=10/60@1.15x0.22 ols=40@0.20z2.00 mpairs=40@0.20k3z1.50c0.65 leadlag=120@0.50k5z0.50c0.10 adapt=10@2.00 vt=20@0.70-2.00,96.93,136.88,1.558,37462916.0,23.28,182.2,45.6,True
"(5, 20)",,0.195,100000.0,10000.0,1.0,10,0.0,10,60,1.15,0.22,1.0,5,0.0,False,40,0.0,2.0,1.0,0.0,40,0.2,2.0,False,40,0.2,3,1.5,0.65,120,80,0.5,5,0.5,0.03,10,2.0,1.0,1.0,20,0.7,2.0,lb=5/20 w=eq band=0.195 algo=100000 reg=10/60@1.15x0.22 ols=40@0.20z2.00 mpairs=40@0.20k3z1.50c0.65 leadlag=120@0.50k5z0.50c0.03 adapt=10@2.00 vt=20@0.70-2.00,96.35,136.33,1.552,37439572.0,21.6,182.73,44.05,True
"(5, 20)",,0.195,100000.0,10000.0,1.0,10,0.0,10,60,1.15,0.22,1.0,5,0.0,False,40,0.0,2.0,1.0,0.0,40,0.2,2.0,False,40,0.2,3,1.5,0.65,120,80,0.5,5,0.5,0.06,10,2.0,1.0,1.0,20,0.7,2.0,lb=5/20 w=eq band=0.195 algo=100000 reg=10/60@1.15x0.22 ols=40@0.20z2.00 mpairs=40@0.20k3z1.50c0.65 leadlag=120@0.50k5z0.50c0.06 adapt=10@2.00 vt=20@0.70-2.00,96.35,136.33,1.552,37439572.0,21.6,182.73,44.05,True
"(5, 20)",,0.195,100000.0,10000.0,1.0,10,0.0,10,60,1.15,0.22,1.0,5,0.0,False,40,0.0,2.0,1.0,0.0,40,0.2,2.0,False,40,0.2,3,1.5,0.65,120,80,1.0,10,1.0,0.1,10,2.0,1.0,1.0,20,0.7,2.0,lb=5/20 w=eq band=0.195 algo=100000 reg=10/60@1.15x0.22 ols=40@0.20z2.00 mpairs=40@0.20k3z1.50c0.65 leadlag=120@1.00k10z1.00c0.10 adapt=10@2.00 vt=20@0.70-2.00,95.89,128.59,1.712,52915482.0,3.23,79.74,129.61,False
"(5, 20)",,0.195,100000.0,10000.0,1.0,10,0.0,10,60,1.15,0.22,1.0,5,0.0,False,40,0.0,2.0,1.0,0.0,40,0.2,2.0,False,40,0.2,3,1.5,0.65,120,80,0.75,3,1.0,0.03,10,2.0,1.0,1.0,20,0.7,2.0,lb=5/20 w=eq band=0.195 algo=100000 reg=10/60@1.15x0.22 ols=40@0.20z2.00 mpairs=40@0.20k3z1.50c0.65 leadlag=120@0.75k3z1.00c0.03 adapt=10@2.00 vt=20@0.70-2.00,93.73,128.61,1.639,57659640.0,65.68,57.6,44.15,True
"(5, 20)",,0.195,100000.0,10000.0,1.0,10,0.0,10,60,1.15,0.22,1.0,5,0.0,False,40,0.0,2.0,1.0,0.0,40,0.2,2.0,False,40,0.2,3,1.5,0.65,120,80,0.75,3,1.0,0.06,10,2.0,1.0,1.0,20,0.7,2.0,lb=5/20 w=eq band=0.195 algo=100000 reg=10/60@1.15x0.22 ols=40@0.20z2.00 mpairs=40@0.20k3z1.50c0.65 leadlag=120@0.75k3z1.00c0.06 adapt=10@2.00 vt=20@0.70-2.00,93.73,128.61,1.639,57659640.0,65.68,57.6,44.15,True
"(5, 20)",,0.195,100000.0,10000.0,1.0,10,0.0,10,60,1.15,0.22,1.0,5,0.0,False,40,0.0,2.0,1.0,0.0,40,0.2,2.0,False,40,0.2,3,1.5,0.65,120,80,0.75,3,1.0,0.1,10,2.0,1.0,1.0,20,0.7,2.0,lb=5/20 w=eq band=0.195 algo=100000 reg=10/60@1.15x0.22 ols=40@0.20z2.00 mpairs=40@0.20k3z1.50c0.65 leadlag=120@0.75k3z1.00c0.10 adapt=10@2.00 vt=20@0.70-2.00,93.73,128.61,1.639,57659640.0,66.8,57.6,44.15,True
"(5, 20)",,0.195,100000.0,10000.0,1.0,10,0.0,10,60,1.15,0.22,1.0,5,0.0,False,40,0.0,2.0,1.0,0.0,40,0.2,2.0,False,40,0.2,3,1.5,0.65,120,80,0.75,10,0.5,0.1,10,2.0,1.0,1.0,20,0.7,2.0,lb=5/20 w=eq band=0.195 algo=100000 reg=10/60@1.15x0.22 ols=40@0.20z2.00 mpairs=40@0.20k3z1.50c0.65 leadlag=120@0.75k10z0.50c0.10 adapt=10@2.00 vt=20@0.70-2.00,93.16,124.93,1.712,45718781.0,87.43,84.04,103.29,True
"(5, 20)",,0.195,100000.0,10000.0,1.0,10,0.0,10,60,1.15,0.22,1.0,5,0.0,False,40,0.0,2.0,1.0,0.0,40,0.2,2.0,False,40,0.2,3,1.5,0.65,120,80,0.75,5,1.0,0.1,10,2.0,1.0,1.0,20,0.7,2.0,lb=5/20 w=eq band=0.195 algo=100000 reg=10/60@1.15x0.22 ols=40@0.20z2.00 mpairs=40@0.20k3z1.50c0.65 leadlag=120@0.75k5z1.00c0.10 adapt=10@2.00 vt=20@0.70-2.00,89.83,120.84,1.702,48740904.0,29.52,127.77,35.96,True
"(5, 20)",,0.195,100000.0,10000.0,1.0,10,0.0,10,60,1.15,0.22,1.0,5,0.0,False,40,0.0,2.0,1.0,0.0,40,0.2,2.0,False,40,0.2,3,1.5,0.65,120,80,0.75,5,1.0,0.03,10,2.0,1.0,1.0,20,0.7,2.0,lb=5/20 w=eq band=0.195 algo=100000 reg=10/60@1.15x0.22 ols=40@0.20z2.00 mpairs=40@0.20k3z1.50c0.65 leadlag=120@0.75k5z1.00c0.03 adapt=10@2.00 vt=20@0.70-2.00,88.75,119.85,1.689,48719304.0,27.69,126.68,34.55,True
"(5, 20)",,0.195,100000.0,10000.0,1.0,10,0.0,10,60,1.15,0.22,1.0,5,0.0,False,40,0.0,2.0,1.0,0.0,40,0.2,2.0,False,40,0.2,3,1.5,0.65,120,80,0.75,5,1.0,0.06,10,2.0,1.0,1.0,20,0.7,2.0,lb=5/20 w=eq band=0.195 algo=100000 reg=10/60@1.15x0.22 ols=40@0.20z2.00 mpairs=40@0.20k3z1.50c0.65 leadlag=120@0.75k5z1.00c0.06 adapt=10@2.00 vt=20@0.70-2.00,88.75,119.85,1.689,48719304.0,27.69,126.68,34.55,True
"(5, 20)",,0.195,100000.0,10000.0,1.0,10,0.0,10,60,1.15,0.22,1.0,5,0.0,False,40,0.0,2.0,1.0,0.0,40,0.2,2.0,False,40,0.2,3,1.5,0.65,120,80,0.75,10,1.0,0.03,10,2.0,1.0,1.0,20,0.7,2.0,lb=5/20 w=eq band=0.195 algo=100000 reg=10/60@1.15x0.22 ols=40@0.20z2.00 mpairs=40@0.20k3z1.50c0.65 leadlag=120@0.75k10z1.00c0.03 adapt=10@2.00 vt=20@0.70-2.00,86.32,114.75,1.742,37980577.0,28.85,118.67,92.29,True
"(5, 20)",,0.195,100000.0,10000.0,1.0,10,0.0,10,60,1.15,0.22,1.0,5,0.0,False,40,0.0,2.0,1.0,0.0,40,0.2,2.0,False,40,0.2,3,1.5,0.65,120,80,0.75,10,1.0,0.06,10,2.0,1.0,1.0,20,0.7,2.0,lb=5/20 w=eq band=0.195 algo=100000 reg=10/60@1.15x0.22 ols=40@0.20z2.00 mpairs=40@0.20k3z1.50c0.65 leadlag=120@0.75k10z1.00c0.06 adapt=10@2.00 vt=20@0.70-2.00,86.32,114.75,1.742,37980577.0,28.85,118.67,92.29,True
"(5, 20)",,0.195,100000.0,10000.0,1.0,10,0.0,10,60,1.15,0.22,1.0,5,0.0,False,40,0.0,2.0,1.0,0.0,40,0.2,2.0,False,40,0.2,3,1.5,0.65,120,80,0.75,10,0.5,0.03,10,2.0,1.0,1.0,20,0.7,2.0,lb=5/20 w=eq band=0.195 algo=100000 reg=10/60@1.15x0.22 ols=40@0.20z2.00 mpairs=40@0.20k3z1.50c0.65 leadlag=120@0.75k10z0.50c0.03 adapt=10@2.00 vt=20@0.70-2.00,83.74,115.98,1.611,45136933.0,86.39,95.05,70.48,True
"(5, 20)",,0.195,100000.0,10000.0,1.0,10,0.0,10,60,1.15,0.22,1.0,5,0.0,False,40,0.0,2.0,1.0,0.0,40,0.2,2.0,False,40,0.2,3,1.5,0.65,120,80,0.75,10,0.5,0.06,10,2.0,1.0,1.0,20,0.7,2.0,lb=5/20 w=eq band=0.195 algo=100000 reg=10/60@1.15x0.22 ols=40@0.20z2.00 mpairs=40@0.20k3z1.50c0.65 leadlag=120@0.75k10z0.50c0.06 adapt=10@2.00 vt=20@0.70-2.00,83.74,115.98,1.611,45136933.0,86.39,95.05,70.48,True
"(5, 20)",,0.195,100000.0,10000.0,1.0,10,0.0,10,60,1.15,0.22,1.0,5,0.0,False,40,0.0,2.0,1.0,0.0,40,0.2,2.0,False,40,0.2,3,1.5,0.65,0,80,0.75,10,0.0,0.1,10,2.0,1.0,1.0,20,0.7,2.0,lb=5/20 w=eq band=0.195 algo=100000 reg=10/60@1.15x0.22 ols=40@0.20z2.00 mpairs=40@0.20k3z1.50c0.65 leadlag=0@0.75k10z0.00c0.10 adapt=10@2.00 vt=20@0.70-2.00,75.59,106.18,1.572,45202969.0,56.12,119.96,28.16,True
"(5, 20)",,0.195,100000.0,10000.0,1.0,10,0.0,10,60,1.15,0.22,1.0,5,0.0,False,40,0.0,2.0,1.0,0.0,40,0.2,2.0,False,40,0.2,3,1.5,0.65,0,80,0.75,10,0.0,0.03,10,2.0,1.0,1.0,20,0.7,2.0,lb=5/20 w=eq band=0.195 algo=100000 reg=10/60@1.15x0.22 ols=40@0.20z2.00 mpairs=40@0.20k3z1.50c0.65 leadlag=0@0.75k10z0.00c0.03 adapt=10@2.00 vt=20@0.70-2.00,74.32,105.09,1.554,45150740.0,55.0,118.55,27.02,True
"(5, 20)",,0.195,100000.0,10000.0,1.0,10,0.0,10,60,1.15,0.22,1.0,5,0.0,False,40,0.0,2.0,1.0,0.0,40,0.2,2.0,False,40,0.2,3,1.5,0.65,0,80,0.75,10,0.0,0.06,10,2.0,1.0,1.0,20,0.7,2.0,lb=5/20 w=eq band=0.195 algo=100000 reg=10/60@1.15x0.22 ols=40@0.20z2.00 mpairs=40@0.20k3z1.50c0.65 leadlag=0@0.75k10z0.00c0.06 adapt=10@2.00 vt=20@0.70-2.00,74.32,105.09,1.554,45150740.0,55.0,118.55,27.02,True
"(5, 20)",,0.195,100000.0,10000.0,1.0,10,0.0,10,60,1.15,0.22,1.0,5,0.0,False,40,0.0,2.0,1.0,0.0,40,0.2,2.0,False,40,0.2,3,1.5,0.65,120,80,0.5,3,0.5,0.03,10,2.0,1.0,1.0,20,0.7,2.0,lb=5/20 w=eq band=0.195 algo=100000 reg=10/60@1.15x0.22 ols=40@0.20z2.00 mpairs=40@0.20k3z1.50c0.65 leadlag=120@0.50k3z0.50c0.03 adapt=10@2.00 vt=20@0.70-2.00,64.34,108.13,1.212,42808838.0,48.79,147.17,0.31,True
"(5, 20)",,0.195,100000.0,10000.0,1.0,10,0.0,10,60,1.15,0.22,1.0,5,0.0,False,40,0.0,2.0,1.0,0.0,40,0.2,2.0,False,40,0.2,3,1.5,0.65,120,80,0.5,3,0.5,0.06,10,2.0,1.0,1.0,20,0.7,2.0,lb=5/20 w=eq band=0.195 algo=100000 reg=10/60@1.15x0.22 ols=40@0.20z2.00 mpairs=40@0.20k3z1.50c0.65 leadlag=120@0.50k3z0.50c0.06 adapt=10@2.00 vt=20@0.70-2.00,64.34,108.13,1.212,42808838.0,48.79,147.17,0.31,True
"(5, 20)",,0.195,100000.0,10000.0,1.0,10,0.0,10,60,1.15,0.22,1.0,5,0.0,False,40,0.0,2.0,1.0,0.0,40,0.2,2.0,False,40,0.2,3,1.5,0.65,120,80,0.5,3,0.5,0.1,10,2.0,1.0,1.0,20,0.7,2.0,lb=5/20 w=eq band=0.195 algo=100000 reg=10/60@1.15x0.22 ols=40@0.20z2.00 mpairs=40@0.20k3z1.50c0.65 leadlag=120@0.50k3z0.50c0.10 adapt=10@2.00 vt=20@0.70-2.00,64.34,108.13,1.212,42808838.0,49.41,147.17,0.31,True
"(5, 20)",,0.195,100000.0,10000.0,1.0,10,0.0,10,60,1.15,0.22,1.0,5,0.0,False,40,0.0,2.0,1.0,0.0,40,0.2,2.0,False,40,0.2,3,1.5,0.65,120,80,0.75,10,1.0,0.1,10,2.0,1.0,1.0,20,0.7,2.0,lb=5/20 w=eq band=0.195 algo=100000 reg=10/60@1.15x0.22 ols=40@0.20z2.00 mpairs=40@0.20k3z1.50c0.65 leadlag=120@0.75k10z1.00c0.10 adapt=10@2.00 vt=20@0.70-2.00,63.97,94.87,1.439,38673787.0,19.7,79.59,76.1,False
"(5, 20)",,0.195,100000.0,10000.0,1.0,10,0.0,10,60,1.15,0.22,1.0,5,0.0,False,40,0.0,2.0,1.0,0.0,40,0.2,2.0,False,40,0.2,3,1.5,0.65,120,80,0.5,10,0.0,0.03,10,2.0,1.0,1.0,20,0.7,2.0,lb=5/20 w=eq band=0.195 algo=100000 reg=10/60@1.15x0.22 ols=40@0.20z2.00 mpairs=40@0.20k3z1.50c0.65 leadlag=120@0.50k10z0.00c0.03 adapt=10@2.00 vt=20@0.70-2.00,63.39,104.39,1.244,30964096.0,41.42,172.86,6.52,True
"(5, 20)",,0.195,100000.0,10000.0,1.0,10,0.0,10,60,1.15,0.22,1.0,5,0.0,False,40,0.0,2.0,1.0,0.0,40,0.2,2.0,False,40,0.2,3,1.5,0.65,120,80,0.5,10,0.0,0.06,10,2.0,1.0,1.0,20,0.7,2.0,lb=5/20 w=eq band=0.195 algo=100000 reg=10/60@1.15x0.22 ols=40@0.20z2.00 mpairs=40@0.20k3z1.50c0.65 leadlag=120@0.50k10z0.00c0.06 adapt=10@2.00 vt=20@0.70-2.00,63.39,104.39,1.244,30964096.0,41.42,172.86,6.52,True
"(5, 20)",,0.195,100000.0,10000.0,1.0,10,0.0,10,60,1.15,0.22,1.0,5,0.0,False,40,0.0,2.0,1.0,0.0,40,0.2,2.0,False,40,0.2,3,1.5,0.65,120,80,0.5,10,0.0,0.1,10,2.0,1.0,1.0,20,0.7,2.0,lb=5/20 w=eq band=0.195 algo=100000 reg=10/60@1.15x0.22 ols=40@0.20z2.00 mpairs=40@0.20k3z1.50c0.65 leadlag=120@0.50k10z0.00c0.10 adapt=10@2.00 vt=20@0.70-2.00,62.16,103.27,1.229,31213745.0,42.94,150.34,13.15,True
"(5, 20)",,0.195,100000.0,10000.0,1.0,10,0.0,10,60,1.15,0.22,1.0,5,0.0,False,40,0.0,2.0,1.0,0.0,40,0.2,2.0,False,40,0.2,3,1.5,0.65,120,80,0.5,3,0.0,0.03,10,2.0,1.0,1.0,20,0.7,2.0,lb=5/20 w=eq band=0.195 algo=100000 reg=10/60@1.15x0.22 ols=40@0.20z2.00 mpairs=40@0.20k3z1.50c0.65 leadlag=120@0.50k3z0.00c0.03 adapt=10@2.00 vt=20@0.70-2.00,61.68,106.05,1.179,43497507.0,32.04,145.49,0.26,True
"(5, 20)",,0.195,100000.0,10000.0,1.0,10,0.0,10,60,1.15,0.22,1.0,5,0.0,False,40,0.0,2.0,1.0,0.0,40,0.2,2.0,False,40,0.2,3,1.5,0.65,120,80,0.5,3,0.0,0.06,10,2.0,1.0,1.0,20,0.7,2.0,lb=5/20 w=eq band=0.195 algo=100000 reg=10/60@1.15x0.22 ols=40@0.20z2.00 mpairs=40@0.20k3z1.50c0.65 leadlag=120@0.50k3z0.00c0.06 adapt=10@2.00 vt=20@0.70-2.00,61.68,106.05,1.179,43497507.0,32.04,145.49,0.26,True
"(5, 20)",,0.195,100000.0,10000.0,1.0,10,0.0,10,60,1.15,0.22,1.0,5,0.0,False,40,0.0,2.0,1.0,0.0,40,0.2,2.0,False,40,0.2,3,1.5,0.65,120,80,0.5,3,0.0,0.1,10,2.0,1.0,1.0,20,0.7,2.0,lb=5/20 w=eq band=0.195 algo=100000 reg=10/60@1.15x0.22 ols=40@0.20z2.00 mpairs=40@0.20k3z1.50c0.65 leadlag=120@0.50k3z0.00c0.10 adapt=10@2.00 vt=20@0.70-2.00,61.68,106.05,1.179,43497507.0,32.6,145.49,0.26,True
"(5, 20)",,0.195,100000.0,10000.0,1.0,10,0.0,10,60,1.15,0.22,1.0,5,0.0,False,40,0.0,2.0,1.0,0.0,40,0.2,2.0,False,40,0.2,3,1.5,0.65,120,80,0.5,5,1.0,0.1,10,2.0,1.0,1.0,20,0.7,2.0,lb=5/20 w=eq band=0.195 algo=100000 reg=10/60@1.15x0.22 ols=40@0.20z2.00 mpairs=40@0.20k3z1.50c0.65 leadlag=120@0.50k5z1.00c0.10 adapt=10@2.00 vt=20@0.70-2.00,60.25,102.22,1.198,33602269.0,14.14,162.31,13.14,True
"(5, 20)",,0.195,100000.0,10000.0,1.0,10,0.0,10,60,1.15,0.22,1.0,5,0.0,False,40,0.0,2.0,1.0,0.0,40,0.2,2.0,False,40,0.2,3,1.5,0.65,120,80,0.5,5,1.0,0.03,10,2.0,1.0,1.0,20,0.7,2.0,lb=5/20 w=eq band=0.195 algo=100000 reg=10/60@1.15x0.22 ols=40@0.20z2.00 mpairs=40@0.20k3z1.50c0.65 leadlag=120@0.50k5z1.00c0.03 adapt=10@2.00 vt=20@0.70-2.00,58.91,100.99,1.183,33567998.0,13.2,161.83,11.25,True
"(5, 20)",,0.195,100000.0,10000.0,1.0,10,0.0,10,60,1.15,0.22,1.0,5,0.0,False,40,0.0,2.0,1.0,0.0,40,0.2,2.0,False,40,0.2,3,1.5,0.65,120,80,0.5,5,1.0,0.06,10,2.0,1.0,1.0,20,0.7,2.0,lb=5/20 w=eq band=0.195 algo=100000 reg=10/60@1.15x0.22 ols=40@0.20z2.00 mpairs=40@0.20k3z1.50c0.65 leadlag=120@0.50k5z1.00c0.06 adapt=10@2.00 vt=20@0.70-2.00,58.91,100.99,1.183,33567998.0,13.2,161.83,11.25,True
"(5, 20)",,0.195,100000.0,10000.0,1.0,10,0.0,10,60,1.15,0.22,1.0,5,0.0,False,40,0.0,2.0,1.0,0.0,40,0.2,2.0,False,40,0.2,3,1.5,0.65,0,80,0.75,10,1.0,0.1,10,2.0,1.0,1.0,20,0.7,2.0,lb=5/20 w=eq band=0.195 algo=100000 reg=10/60@1.15x0.22 ols=40@0.20z2.00 mpairs=40@0.20k3z1.50c0.65 leadlag=0@0.75k10z1.00c0.10 adapt=10@2.00 vt=20@0.70-2.00,58.43,87.3,1.423,38435782.0,70.97,80.28,23.89,True
"(5, 20)",,0.195,100000.0,10000.0,1.0,10,0.0,10,60,1.15,0.22,1.0,5,0.0,False,40,0.0,2.0,1.0,0.0,40,0.2,2.0,False,40,0.2,3,1.5,0.65,0,80,0.75,10,1.0,0.03,10,2.0,1.0,1.0,20,0.7,2.0,lb=5/20 w=eq band=0.195 algo=100000 reg=10/60@1.15x0.22 ols=40@0.20z2.00 mpairs=40@0.20k3z1.50c0.65 leadlag=0@0.75k10z1.00c0.03 adapt=10@2.00 vt=20@0.70-2.00,57.98,86.97,1.414,38428695.0,70.82,77.52,24.67,True
"(5, 20)",,0.195,100000.0,10000.0,1.0,10,0.0,10,60,1.15,0.22,1.0,5,0.0,False,40,0.0,2.0,1.0,0.0,40,0.2,2.0,False,40,0.2,3,1.5,0.65,0,80,0.75,10,1.0,0.06,10,2.0,1.0,1.0,20,0.7,2.0,lb=5/20 w=eq band=0.195 algo=100000 reg=10/60@1.15x0.22 ols=40@0.20z2.00 mpairs=40@0.20k3z1.50c0.65 leadlag=0@0.75k10z1.00c0.06 adapt=10@2.00 vt=20@0.70-2.00,57.98,86.97,1.414,38428695.0,70.82,77.52,24.67,True
"(5, 20)",,0.195,100000.0,10000.0,1.0,10,0.0,10,60,1.15,0.22,1.0,5,0.0,False,40,0.0,2.0,1.0,0.0,40,0.2,2.0,False,40,0.2,3,1.5,0.65,120,80,0.5,10,0.5,0.1,10,2.0,1.0,1.0,20,0.7,2.0,lb=5/20 w=eq band=0.195 algo=100000 reg=10/60@1.15x0.22 ols=40@0.20z2.00 mpairs=40@0.20k3z1.50c0.65 leadlag=120@0.50k10z0.50c0.10 adapt=10@2.00 vt=20@0.70-2.00,56.55,97.32,1.178,31108666.0,42.35,113.19,22.82,True
"(5, 20)",,0.195,100000.0,10000.0,1.0,10,0.0,10,60,1.15,0.22,1.0,5,0.0,False,40,0.0,2.0,1.0,0.0,40,0.2,2.0,False,40,0.2,3,1.5,0.65,0,80,1.0,5,0.0,0.03,10,2.0,1.0,1.0,20,0.7,2.0,lb=5/20 w=eq band=0.195 algo=100000 reg=10/60@1.15x0.22 ols=40@0.20z2.00 mpairs=40@0.20k3z1.50c0.65 leadlag=0@1.00k5z0.00c0.03 adapt=10@2.00 vt=20@0.70-2.00,55.71,100.5,1.115,76082546.0,16.93,11.19,125.06,False
"(5, 20)",,0.195,100000.0,10000.0,1.0,10,0.0,10,60,1.15,0.22,1.0,5,0.0,False,40,0.0,2.0,1.0,0.0,40,0.2,2.0,False,40,0.2,3,1.5,0.65,0,80,1.0,5,0.0,0.06,10,2.0,1.0,1.0,20,0.7,2.0,lb=5/20 w=eq band=0.195 algo=100000 reg=10/60@1.15x0.22 ols=40@0.20z2.00 mpairs=40@0.20k3z1.50c0.65 leadlag=0@1.00k5z0.00c0.06 adapt=10@2.00 vt=20@0.70-2.00,55.71,100.5,1.115,76082546.0,16.93,11.19,125.06,False
"(5, 20)",,0.195,100000.0,10000.0,1.0,10,0.0,10,60,1.15,0.22,1.0,5,0.0,False,40,0.0,2.0,1.0,0.0,40,0.2,2.0,False,40,0.2,3,1.5,0.65,0,80,1.0,5,0.0,0.1,10,2.0,1.0,1.0,20,0.7,2.0,lb=5/20 w=eq band=0.195 algo=100000 reg=10/60@1.15x0.22 ols=40@0.20z2.00 mpairs=40@0.20k3z1.50c0.65 leadlag=0@1.00k5z0.00c0.10 adapt=10@2.00 vt=20@0.70-2.00,55.71,100.5,1.115,76082546.0,16.93,11.19,125.06,False
"(5, 20)",,0.195,100000.0,10000.0,1.0,10,0.0,10,60,1.15,0.22,1.0,5,0.0,False,40,0.0,2.0,1.0,0.0,40,0.2,2.0,False,40,0.2,3,1.5,0.65,0,80,1.0,10,0.0,0.03,10,2.0,1.0,1.0,20,0.7,2.0,lb=5/20 w=eq band=0.195 algo=100000 reg=10/60@1.15x0.22 ols=40@0.20z2.00 mpairs=40@0.20k3z1.50c0.65 leadlag=0@1.00k10z0.00c0.03 adapt=10@2.00 vt=20@0.70-2.00,51.39,91.94,1.126,62062021.0,74.59,10.01,60.4,True
"(5, 20)",,0.195,100000.0,10000.0,1.0,10,0.0,10,60,1.15,0.22,1.0,5,0.0,False,40,0.0,2.0,1.0,0.0,40,0.2,2.0,False,40,0.2,3,1.5,0.65,0,80,1.0,10,0.0,0.06,10,2.0,1.0,1.0,20,0.7,2.0,lb=5/20 w=eq band=0.195 algo=100000 reg=10/60@1.15x0.22 ols=40@0.20z2.00 mpairs=40@0.20k3z1.50c0.65 leadlag=0@1.00k10z0.00c0.06 adapt=10@2.00 vt=20@0.70-2.00,51.39,91.94,1.126,62062021.0,74.59,10.01,60.4,True
"(5, 20)",,0.195,100000.0,10000.0,1.0,10,0.0,10,60,1.15,0.22,1.0,5,0.0,False,40,0.0,2.0,1.0,0.0,40,0.2,2.0,False,40,0.2,3,1.5,0.65,0,80,1.0,10,0.0,0.1,10,2.0,1.0,1.0,20,0.7,2.0,lb=5/20 w=eq band=0.195 algo=100000 reg=10/60@1.15x0.22 ols=40@0.20z2.00 mpairs=40@0.20k3z1.50c0.65 leadlag=0@1.00k10z0.00c0.10 adapt=10@2.00 vt=20@0.70-2.00,51.1,91.66,1.123,62105820.0,76.92,8.69,61.14,True
"(5, 20)",,0.195,100000.0,10000.0,1.0,10,0.0,10,60,1.15,0.22,1.0,5,0.0,False,40,0.0,2.0,1.0,0.0,40,0.2,2.0,False,40,0.2,3,1.5,0.65,120,80,0.5,10,0.5,0.03,10,2.0,1.0,1.0,20,0.7,2.0,lb=5/20 w=eq band=0.195 algo=100000 reg=10/60@1.15x0.22 ols=40@0.20z2.00 mpairs=40@0.20k3z1.50c0.65 leadlag=120@0.50k10z0.50c0.03 adapt=10@2.00 vt=20@0.70-2.00,51.08,92.39,1.112,30689512.0,38.98,123.05,10.47,True
"(5, 20)",,0.195,100000.0,10000.0,1.0,10,0.0,10,60,1.15,0.22,1.0,5,0.0,False,40,0.0,2.0,1.0,0.0,40,0.2,2.0,False,40,0.2,3,1.5,0.65,120,80,0.5,10,0.5,0.06,10,2.0,1.0,1.0,20,0.7,2.0,lb=5/20 w=eq band=0.195 algo=100000 reg=10/60@1.15x0.22 ols=40@0.20z2.00 mpairs=40@0.20k3z1.50c0.65 leadlag=120@0.50k10z0.50c0.06 adapt=10@2.00 vt=20@0.70-2.00,51.08,92.39,1.112,30689512.0,38.98,123.05,10.47,True
"(5, 20)",,0.195,100000.0,10000.0,1.0,10,0.0,10,60,1.15,0.22,1.0,5,0.0,False,40,0.0,2.0,1.0,0.0,40,0.2,2.0,False,40,0.2,3,1.5,0.65,0,80,0.75,10,0.5,0.1,10,2.0,1.0,1.0,20,0.7,2.0,lb=5/20 w=eq band=0.195 algo=100000 reg=10/60@1.15x0.22 ols=40@0.20z2.00 mpairs=40@0.20k3z1.50c0.65 leadlag=0@0.75k10z0.50c0.10 adapt=10@2.00 vt=20@0.70-2.00,48.85,79.92,1.254,44567217.0,61.5,94.88,10.95,True
"(5, 20)",,0.195,100000.0,10000.0,1.0,10,0.0,10,60,1.15,0.22,1.0,5,0.0,False,40,0.0,2.0,1.0,0.0,40,0.2,2.0,False,40,0.2,3,1.5,0.65,0,80,0.75,10,0.5,0.03,10,2.0,1.0,1.0,20,0.7,2.0,lb=5/20 w=eq band=0.195 algo=100000 reg=10/60@1.15x0.22 ols=40@0.20z2.00 mpairs=40@0.20k3z1.50c0.65 leadlag=0@0.75k10z0.50c0.03 adapt=10@2.00 vt=20@0.70-2.00,48.06,79.24,1.242,44537533.0,60.64,94.54,10.33,True
"(5, 20)",,0.195,100000.0,10000.0,1.0,10,0.0,10,60,1.15,0.22,1.0,5,0.0,False,40,0.0,2.0,1.0,0.0,40,0.2,2.0,False,40,0.2,3,1.5,0.65,0,80,0.75,10,0.5,0.06,10,2.0,1.0,1.0,20,0.7,2.0,lb=5/20 w=eq band=0.195 algo=100000 reg=10/60@1.15x0.22 ols=40@0.20z2.00 mpairs=40@0.20k3z1.50c0.65 leadlag=0@0.75k10z0.50c0.06 adapt=10@2.00 vt=20@0.70-2.00,48.06,79.24,1.242,44537533.0,60.64,94.54,10.33,True
"(5, 20)",,0.195,100000.0,10000.0,1.0,10,0.0,10,60,1.15,0.22,1.0,5,0.0,False,40,0.0,2.0,1.0,0.0,40,0.2,2.0,False,40,0.2,3,1.5,0.65,120,80,0.5,3,1.0,0.03,10,2.0,1.0,1.0,20,0.7,2.0,lb=5/20 w=eq band=0.195 algo=100000 reg=10/60@1.15x0.22 ols=40@0.20z2.00 mpairs=40@0.20k3z1.50c0.65 leadlag=120@0.50k3z1.00c0.03 adapt=10@2.00 vt=20@0.70-2.00,47.05,90.51,1.041,38436871.0,49.56,104.44,0.1,True
"(5, 20)",,0.195,100000.0,10000.0,1.0,10,0.0,10,60,1.15,0.22,1.0,5,0.0,False,40,0.0,2.0,1.0,0.0,40,0.2,2.0,False,40,0.2,3,1.5,0.65,120,80,0.5,3,1.0,0.06,10,2.0,1.0,1.0,20,0.7,2.0,lb=5/20 w=eq band=0.195 algo=100000 reg=10/60@1.15x0.22 ols=40@0.20z2.00 mpairs=40@0.20k3z1.50c0.65 leadlag=120@0.50k3z1.00c0.06 adapt=10@2.00 vt=20@0.70-2.00,47.05,90.51,1.041,38436871.0,49.56,104.44,0.1,True
"(5, 20)",,0.195,100000.0,10000.0,1.0,10,0.0,10,60,1.15,0.22,1.0,5,0.0,False,40,0.0,2.0,1.0,0.0,40,0.2,2.0,False,40,0.2,3,1.5,0.65,120,80,0.5,3,1.0,0.1,10,2.0,1.0,1.0,20,0.7,2.0,lb=5/20 w=eq band=0.195 algo=100000 reg=10/60@1.15x0.22 ols=40@0.20z2.00 mpairs=40@0.20k3z1.50c0.65 leadlag=120@0.50k3z1.00c0.10 adapt=10@2.00 vt=20@0.70-2.00,47.05,90.51,1.041,38436871.0,49.47,104.44,0.1,True
"(5, 20)",,0.195,100000.0,10000.0,1.0,10,0.0,10,60,1.15,0.22,1.0,5,0.0,False,40,0.0,2.0,1.0,0.0,40,0.2,2.0,False,40,0.2,3,1.5,0.65,0,80,0.5,10,0.0,0.03,10,2.0,1.0,1.0,20,0.7,2.0,lb=5/20 w=eq band=0.195 algo=100000 reg=10/60@1.15x0.22 ols=40@0.20z2.00 mpairs=40@0.20k3z1.50c0.65 leadlag=0@0.50k10z0.00c0.03 adapt=10@2.00 vt=20@0.70-2.00,41.21,81.1,1.017,30132906.0,58.2,102.69,7.63,True
"(5, 20)",,0.195,100000.0,10000.0,1.0,10,0.0,10,60,1.15,0.22,1.0,5,0.0,False,40,0.0,2.0,1.0,0.0,40,0.2,2.0,False,40,0.2,3,1.5,0.65,0,80,0.5,10,0.0,0.06,10,2.0,1.0,1.0,20,0.7,2.0,lb=5/20 w=eq band=0.195 algo=100000 reg=10/60@1.15x0.22 ols=40@0.20z2.00 mpairs=40@0.20k3z1.50c0.65 leadlag=0@0.50k10z0.00c0.06 adapt=10@2.00 vt=20@0.70-2.00,41.21,81.1,1.017,30132906.0,58.2,102.69,7.63,True
"(5, 20)",,0.195,100000.0,10000.0,1.0,10,0.0,10,60,1.15,0.22,1.0,5,0.0,False,40,0.0,2.0,1.0,0.0,40,0.2,2.0,False,40,0.2,3,1.5,0.65,0,80,1.0,5,0.5,0.03,10,2.0,1.0,1.0,20,0.7,2.0,lb=5/20 w=eq band=0.195 algo=100000 reg=10/60@1.15x0.22 ols=40@0.20z2.00 mpairs=40@0.20k3z1.50c0.65 leadlag=0@1.00k5z0.50c0.03 adapt=10@2.00 vt=20@0.70-2.00,40.26,83.38,0.966,74582921.0,99.21,1.83,99.35,True
"(5, 20)",,0.195,100000.0,10000.0,1.0,10,0.0,10,60,1.15,0.22,1.0,5,0.0,False,40,0.0,2.0,1.0,0.0,40,0.2,2.0,False,40,0.2,3,1.5,0.65,0,80,1.0,5,0.5,0.06,10,2.0,1.0,1.0,20,0.7,2.0,lb=5/20 w=eq band=0.195 algo=100000 reg=10/60@1.15x0.22 ols=40@0.20z2.00 mpairs=40@0.20k3z1.50c0.65 leadlag=0@1.00k5z0.50c0.06 adapt=10@2.00 vt=20@0.70-2.00,40.26,83.38,0.966,74582921.0,99.21,1.83,99.35,True
"(5, 20)",,0.195,100000.0,10000.0,1.0,10,0.0,10,60,1.15,0.22,1.0,5,0.0,False,40,0.0,2.0,1.0,0.0,40,0.2,2.0,False,40,0.2,3,1.5,0.65,0,80,1.0,5,0.5,0.1,10,2.0,1.0,1.0,20,0.7,2.0,lb=5/20 w=eq band=0.195 algo=100000 reg=10/60@1.15x0.22 ols=40@0.20z2.00 mpairs=40@0.20k3z1.50c0.65 leadlag=0@1.00k5z0.50c0.10 adapt=10@2.00 vt=20@0.70-2.00,40.26,83.38,0.966,74582921.0,99.21,1.83,99.35,True
"(5, 20)",,0.195,100000.0,10000.0,1.0,10,0.0,10,60,1.15,0.22,1.0,5,0.0,False,40,0.0,2.0,1.0,0.0,40,0.2,2.0,False,40,0.2,3,1.5,0.65,0,80,0.5,10,0.0,0.1,10,2.0,1.0,1.0,20,0.7,2.0,lb=5/20 w=eq band=0.195 algo=100000 reg=10/60@1.15x0.22 ols=40@0.20z2.00 mpairs=40@0.20k3z1.50c0.65 leadlag=0@0.50k10z0.00c0.10 adapt=10@2.00 vt=20@0.70-2.00,39.61,79.4,0.998,30143722.0,60.03,101.67,6.0,True
"(5, 20)",,0.195,100000.0,10000.0,1.0,10,0.0,10,60,1.15,0.22,1.0,5,0.0,False,40,0.0,2.0,1.0,0.0,40,0.2,2.0,False,40,0.2,3,1.5,0.65,0,80,0.75,5,0.0,0.03,10,2.0,1.0,1.0,20,0.7,2.0,lb=5/20 w=eq band=0.195 algo=100000 reg=10/60@1.15x0.22 ols=40@0.20z2.00 mpairs=40@0.20k3z1.50c0.65 leadlag=0@0.75k5z0.00c0.03 adapt=10@2.00 vt=20@0.70-2.00,36.5,74.1,0.985,58290844.0,23.98,58.38,31.91,False
"(5, 20)",,0.195,100000.0,10000.0,1.0,10,0.0,10,60,1.15,0.22,1.0,5,0.0,False,40,0.0,2.0,1.0,0.0,40,0.2,2.0,False,40,0.2,3,1.5,0.65,0,80,0.75,5,0.0,0.06,10,2.0,1.0,1.0,20,0.7,2.0,lb=5/20 w=eq band=0.195 algo=100000 reg=10/60@1.15x0.22 ols=40@0.20z2.00 mpairs=40@0.20k3z1.50c0.65 leadlag=0@0.75k5z0.00c0.06 adapt=10@2.00 vt=20@0.70-2.00,36.5,74.1,0.985,58290844.0,23.98,58.38,31.91,False
"(5, 20)",,0.195,100000.0,10000.0,1.0,10,0.0,10,60,1.15,0.22,1.0,5,0.0,False,40,0.0,2.0,1.0,0.0,40,0.2,2.0,False,40,0.2,3,1.5,0.65,0,80,0.75,5,0.0,0.1,10,2.0,1.0,1.0,20,0.7,2.0,lb=5/20 w=eq band=0.195 algo=100000 reg=10/60@1.15x0.22 ols=40@0.20z2.00 mpairs=40@0.20k3z1.50c0.65 leadlag=0@0.75k5z0.00c0.10 adapt=10@2.00 vt=20@0.70-2.00,36.5,74.1,0.985,58290844.0,23.98,58.38,31.91,False
"(5, 20)",,0.195,100000.0,10000.0,1.0,10,0.0,10,60,1.15,0.22,1.0,5,0.0,False,40,0.0,2.0,1.0,0.0,40,0.2,2.0,False,40,0.2,3,1.5,0.65,120,80,1.0,1,0.0,0.03,10,2.0,1.0,1.0,20,0.7,2.0,lb=5/20 w=eq band=0.195 algo=100000 reg=10/60@1.15x0.22 ols=40@0.20z2.00 mpairs=40@0.20k3z1.50c0.65 leadlag=120@1.00k1z0.00c0.03 adapt=10@2.00 vt=20@0.70-2.00,36.45,85.29,0.864,104590959.0,41.09,-132.94,212.32,False
"(5, 20)",,0.195,100000.0,10000.0,1.0,10,0.0,10,60,1.15,0.22,1.0,5,0.0,False,40,0.0,2.0,1.0,0.0,40,0.2,2.0,False,40,0.2,3,1.5,0.65,120,80,1.0,1,0.0,0.06,10,2.0,1.0,1.0,20,0.7,2.0,lb=5/20 w=eq band=0.195 algo=100000 reg=10/60@1.15x0.22 ols=40@0.20z2.00 mpairs=40@0.20k3z1.50c0.65 leadlag=120@1.00k1z0.00c0.06 adapt=10@2.00 vt=20@0.70-2.00,36.45,85.29,0.864,104590959.0,41.09,-132.94,212.32,False
"(5, 20)",,0.195,100000.0,10000.0,1.0,10,0.0,10,60,1.15,0.22,1.0,5,0.0,False,40,0.0,2.0,1.0,0.0,40,0.2,2.0,False,40,0.2,3,1.5,0.65,120,80,1.0,1,0.0,0.1,10,2.0,1.0,1.0,20,0.7,2.0,lb=5/20 w=eq band=0.195 algo=100000 reg=10/60@1.15x0.22 ols=40@0.20z2.00 mpairs=40@0.20k3z1.50c0.65 leadlag=120@1.00k1z0.00c0.10 adapt=10@2.00 vt=20@0.70-2.00,36.45,85.29,0.864,104590959.0,41.09,-132.94,212.32,False
"(5, 20)",,0.195,100000.0,10000.0,1.0,10,0.0,10,60,1.15,0.22,1.0,5,0.0,False,40,0.0,2.0,1.0,0.0,40,0.2,2.0,False,40,0.2,3,1.5,0.65,120,80,0.5,10,1.0,0.1,10,2.0,1.0,1.0,20,0.7,2.0,lb=5/20 w=eq band=0.195 algo=100000 reg=10/60@1.15x0.22 ols=40@0.20z2.00 mpairs=40@0.20k3z1.50c0.65 leadlag=120@0.50k10z1.00c0.10 adapt=10@2.00 vt=20@0.70-2.00,31.41,71.73,0.883,26922486.0,45.44,127.24,-1.04,False
"(5, 20)",,0.195,100000.0,10000.0,1.0,10,0.0,10,60,1.15,0.22,1.0,5,0.0,False,40,0.0,2.0,1.0,0.0,40,0.2,2.0,False,40,0.2,3,1.5,0.65,0,80,1.0,10,0.5,0.03,10,2.0,1.0,1.0,20,0.7,2.0,lb=5/20 w=eq band=0.195 algo=100000 reg=10/60@1.15x0.22 ols=40@0.20z2.00 mpairs=40@0.20k3z1.50c0.65 leadlag=0@1.00k10z0.50c0.03 adapt=10@2.00 vt=20@0.70-2.00,28.1,67.29,0.847,60785311.0,85.46,1.01,47.67,True
"(5, 20)",,0.195,100000.0,10000.0,1.0,10,0.0,10,60,1.15,0.22,1.0,5,0.0,False,40,0.0,2.0,1.0,0.0,40,0.2,2.0,False,40,0.2,3,1.5,0.65,0,80,1.0,10,0.5,0.06,10,2.0,1.0,1.0,20,0.7,2.0,lb=5/20 w=eq band=0.195 algo=100000 reg=10/60@1.15x0.22 ols=40@0.20z2.00 mpairs=40@0.20k3z1.50c0.65 leadlag=0@1.00k10z0.50c0.06 adapt=10@2.00 vt=20@0.70-2.00,28.1,67.29,0.847,60785311.0,85.46,1.01,47.67,True
"(5, 20)",,0.195,100000.0,10000.0,1.0,10,0.0,10,60,1.15,0.22,1.0,5,0.0,False,40,0.0,2.0,1.0,0.0,40,0.2,2.0,False,40,0.2,3,1.5,0.65,0,80,1.0,10,0.5,0.1,10,2.0,1.0,1.0,20,0.7,2.0,lb=5/20 w=eq band=0.195 algo=100000 reg=10/60@1.15x0.22 ols=40@0.20z2.00 mpairs=40@0.20k3z1.50c0.65 leadlag=0@1.00k10z0.50c0.10 adapt=10@2.00 vt=20@0.70-2.00,28.07,67.26,0.846,60802569.0,86.05,0.63,49.18,True
"(5, 20)",,0.195,100000.0,10000.0,1.0,10,0.0,10,60,1.15,0.22,1.0,5,0.0,False,40,0.0,2.0,1.0,0.0,40,0.2,2.0,False,40,0.2,3,1.5,0.65,0,80,0.75,5,0.5,0.03,10,2.0,1.0,1.0,20,0.7,2.0,lb=5/20 w=eq band=0.195 algo=100000 reg=10/60@1.15x0.22 ols=40@0.20z2.00 mpairs=40@0.20k3z1.50c0.65 leadlag=0@0.75k5z0.50c0.03 adapt=10@2.00 vt=20@0.70-2.00,26.31,62.63,0.851,56860612.0,81.4,49.49,23.02,True
"(5, 20)",,0.195,100000.0,10000.0,1.0,10,0.0,10,60,1.15,0.22,1.0,5,0.0,False,40,0.0,2.0,1.0,0.0,40,0.2,2.0,False,40,0.2,3,1.5,0.65,0,80,0.75,5,0.5,0.06,10,2.0,1.0,1.0,20,0.7,2.0,lb=5/20 w=eq band=0.195 algo=100000 reg=10/60@1.15x0.22 ols=40@0.20z2.00 mpairs=40@0.20k3z1.50c0.65 leadlag=0@0.75k5z0.50c0.06 adapt=10@2.00 vt=20@0.70-2.00,26.31,62.63,0.851,56860612.0,81.4,49.49,23.02,True
"(5, 20)",,0.195,100000.0,10000.0,1.0,10,0.0,10,60,1.15,0.22,1.0,5,0.0,False,40,0.0,2.0,1.0,0.0,40,0.2,2.0,False,40,0.2,3,1.5,0.65,0,80,0.75,5,0.5,0.1,10,2.0,1.0,1.0,20,0.7,2.0,lb=5/20 w=eq band=0.195 algo=100000 reg=10/60@1.15x0.22 ols=40@0.20z2.00 mpairs=40@0.20k3z1.50c0.65 leadlag=0@0.75k5z0.50c0.10 adapt=10@2.00 vt=20@0.70-2.00,26.31,62.63,0.851,56860612.0,81.4,49.49,23.02,True
"(5, 20)",,0.195,100000.0,10000.0,1.0,10,0.0,10,60,1.15,0.22,1.0,5,0.0,False,40,0.0,2.0,1.0,0.0,40,0.2,2.0,False,40,0.2,3,1.5,0.65,120,80,0.5,1,0.0,0.03,10,2.0,1.0,1.0,20,0.7,2.0,lb=5/20 w=eq band=0.195 algo=100000 reg=10/60@1.15x0.22 ols=40@0.20z2.00 mpairs=40@0.20k3z1.50c0.65 leadlag=120@0.50k1z0.00c0.03 adapt=10@2.00 vt=20@0.70-2.00,26.11,69.39,0.777,57397258.0,28.48,3.64,41.75,False
"(5, 20)",,0.195,100000.0,10000.0,1.0,10,0.0,10,60,1.15,0.22,1.0,5,0.0,False,40,0.0,2.0,1.0,0.0,40,0.2,2.0,False,40,0.2,3,1.5,0.65,120,80,0.5,1,0.0,0.06,10,2.0,1.0,1.0,20,0.7,2.0,lb=5/20 w=eq band=0.195 algo=100000 reg=10/60@1.15x0.22 ols=40@0.20z2.00 mpairs=40@0.20k3z1.50c0.65 leadlag=120@0.50k1z0.00c0.06 adapt=10@2.00 vt=20@0.70-2.00,26.11,69.39,0.777,57397258.0,28.48,3.64,41.75,False
"(5, 20)",,0.195,100000.0,10000.0,1.0,10,0.0,10,60,1.15,0.22,1.0,5,0.0,False,40,0.0,2.0,1.0,0.0,40,0.2,2.0,False,40,0.2,3,1.5,0.65,120,80,0.5,1,0.0,0.1,10,2.0,1.0,1.0,20,0.7,2.0,lb=5/20 w=eq band=0.195 algo=100000 reg=10/60@1.15x0.22 ols=40@0.20z2.00 mpairs=40@0.20k3z1.50c0.65 leadlag=120@0.50k1z0.00c0.10 adapt=10@2.00 vt=20@0.70-2.00,26.11,69.39,0.777,57397258.0,28.48,3.64,41.75,False
"(5, 20)",,0.195,100000.0,10000.0,1.0,10,0.0,10,60,1.15,0.22,1.0,5,0.0,False,40,0.0,2.0,1.0,0.0,40,0.2,2.0,False,40,0.2,3,1.5,0.65,120,80,0.3,10,0.5,0.1,10,2.0,1.0,1.0,20,0.7,2.0,lb=5/20 w=eq band=0.195 algo=100000 reg=10/60@1.15x0.22 ols=40@0.20z2.00 mpairs=40@0.20k3z1.50c0.65 leadlag=120@0.30k10z0.50c0.10 adapt=10@2.00 vt=20@0.70-2.00,25.42,74.18,0.722,24783180.0,64.19,178.5,-59.06,False
"(5, 20)",,0.195,100000.0,10000.0,1.0,10,0.0,10,60,1.15,0.22,1.0,5,0.0,False,40,0.0,2.0,1.0,0.0,40,0.2,2.0,False,40,0.2,3,1.5,0.65,120,80,0.5,10,1.0,0.03,10,2.0,1.0,1.0,20,0.7,2.0,lb=5/20 w=eq band=0.195 algo=100000 reg=10/60@1.15x0.22 ols=40@0.20z2.00 mpairs=40@0.20k3z1.50c0.65 leadlag=120@0.50k10z1.00c0.03 adapt=10@2.00 vt=20@0.70-2.00,24.62,64.3,0.788,26565157.0,47.23,127.21,-16.38,False
"(5, 20)",,0.195,100000.0,10000.0,1.0,10,0.0,10,60,1.15,0.22,1.0,5,0.0,False,40,0.0,2.0,1.0,0.0,40,0.2,2.0,False,40,0.2,3,1.5,0.65,120,80,0.5,10,1.0,0.06,10,2.0,1.0,1.0,20,0.7,2.0,lb=5/20 w=eq band=0.195 algo=100000 reg=10/60@1.15x0.22 ols=40@0.20z2.00 mpairs=40@0.20k3z1.50c0.65 leadlag=120@0.50k10z1.00c0.06 adapt=10@2.00 vt=20@0.70-2.00,24.62,64.3,0.788,26565157.0,47.23,127.21,-16.38,False
"(5, 20)",,0.195,100000.0,10000.0,1.0,10,0.0,10,60,1.15,0.22,1.0,5,0.0,False,40,0.0,2.0,1.0,0.0,40,0.2,2.0,False,40,0.2,3,1.5,0.65,120,80,0.3,10,0.5,0.03,10,2.0,1.0,1.0,20,0.7,2.0,lb=5/20 w=eq band=0.195 algo=100000 reg=10/60@1.15x0.22 ols=40@0.20z2.00 mpairs=40@0.20k3z1.50c0.65 leadlag=120@0.30k10z0.50c0.03 adapt=10@2.00 vt=20@0.70-2.00,23.15,71.34,0.693,24733334.0,64.58,165.63,-51.13,False
"(5, 20)",,0.195,100000.0,10000.0,1.0,10,0.0,10,60,1.15,0.22,1.0,5,0.0,False,40,0.0,2.0,1.0,0.0,40,0.2,2.0,False,40,0.2,3,1.5,0.65,120,80,0.3,10,0.5,0.06,10,2.0,1.0,1.0,20,0.7,2.0,lb=5/20 w=eq band=0.195 algo=100000 reg=10/60@1.15x0.22 ols=40@0.20z2.00 mpairs=40@0.20k3z1.50c0.65 leadlag=120@0.30k10z0.50c0.06 adapt=10@2.00 vt=20@0.70-2.00,23.15,71.34,0.693,24733334.0,64.58,165.63,-51.13,False
"(5, 20)",,0.195,100000.0,10000.0,1.0,10,0.0,10,60,1.15,0.22,1.0,5,0.0,False,40,0.0,2.0,1.0,0.0,40,0.2,2.0,False,40,0.2,3,1.5,0.65,0,80,0.5,10,0.5,0.03,10,2.0,1.0,1.0,20,0.7,2.0,lb=5/20 w=eq band=0.195 algo=100000 reg=10/60@1.15x0.22 ols=40@0.20z2.00 mpairs=40@0.20k3z1.50c0.65 leadlag=0@0.50k10z0.50c0.03 adapt=10@2.00 vt=20@0.70-2.00,22.89,60.68,0.778,29424100.0,58.01,80.1,1.36,True
"(5, 20)",,0.195,100000.0,10000.0,1.0,10,0.0,10,60,1.15,0.22,1.0,5,0.0,False,40,0.0,2.0,1.0,0.0,40,0.2,2.0,False,40,0.2,3,1.5,0.65,0,80,0.5,10,0.5,0.06,10,2.0,1.0,1.0,20,0.7,2.0,lb=5/20 w=eq band=0.195 algo=100000 reg=10/60@1.15x0.22 ols=40@0.20z2.00 mpairs=40@0.20k3z1.50c0.65 leadlag=0@0.50k10z0.50c0.06 adapt=10@2.00 vt=20@0.70-2.00,22.89,60.68,0.778,29424100.0,58.01,80.1,1.36,True
"(5, 20)",,0.195,100000.0,10000.0,1.0,10,0.0,10,60,1.15,0.22,1.0,5,0.0,False,40,0.0,2.0,1.0,0.0,40,0.2,2.0,False,40,0.2,3,1.5,0.65,0,80,0.5,10,0.5,0.1,10,2.0,1.0,1.0,20,0.7,2.0,lb=5/20 w=eq band=0.195 algo=100000 reg=10/60@1.15x0.22 ols=40@0.20z2.00 mpairs=40@0.20k3z1.50c0.65 leadlag=0@0.50k10z0.50c0.10 adapt=10@2.00 vt=20@0.70-2.00,22.2,59.79,0.768,29451937.0,58.43,79.79,0.79,True
"(5, 20)",,0.195,100000.0,10000.0,1.0,10,0.0,10,60,1.15,0.22,1.0,5,0.0,False,40,0.0,2.0,1.0,0.0,40,0.2,2.0,False,40,0.2,3,1.5,0.65,120,80,0.75,1,0.0,0.03,10,2.0,1.0,1.0,20,0.7,2.0,lb=5/20 w=eq band=0.195 algo=100000 reg=10/60@1.15x0.22 ols=40@0.20z2.00 mpairs=40@0.20k3z1.50c0.65 leadlag=120@0.75k1z0.00c0.03 adapt=10@2.00 vt=20@0.70-2.00,21.87,62.44,0.734,85062412.0,33.9,-80.31,125.88,False
"(5, 20)",,0.195,100000.0,10000.0,1.0,10,0.0,10,60,1.15,0.22,1.0,5,0.0,False,40,0.0,2.0,1.0,0.0,40,0.2,2.0,False,40,0.2,3,1.5,0.65,120,80,0.75,1,0.0,0.06,10,2.0,1.0,1.0,20,0.7,2.0,lb=5/20 w=eq band=0.195 algo=100000 reg=10/60@1.15x0.22 ols=40@0.20z2.00 mpairs=40@0.20k3z1.50c0.65 leadlag=120@0.75k1z0.00c0.06 adapt=10@2.00 vt=20@0.70-2.00,21.87,62.44,0.734,85062412.0,33.9,-80.31,125.88,False
"(5, 20)",,0.195,100000.0,10000.0,1.0,10,0.0,10,60,1.15,0.22,1.0,5,0.0,False,40,0.0,2.0,1.0,0.0,40,0.2,2.0,False,40,0.2,3,1.5,0.65,120,80,0.75,1,0.0,0.1,10,2.0,1.0,1.0,20,0.7,2.0,lb=5/20 w=eq band=0.195 algo=100000 reg=10/60@1.15x0.22 ols=40@0.20z2.00 mpairs=40@0.20k3z1.50c0.65 leadlag=120@0.75k1z0.00c0.10 adapt=10@2.00 vt=20@0.70-2.00,21.87,62.44,0.734,85062412.0,33.9,-80.31,125.88,False
"(5, 20)",,0.195,100000.0,10000.0,1.0,10,0.0,10,60,1.15,0.22,1.0,5,0.0,False,40,0.0,2.0,1.0,0.0,40,0.2,2.0,False,40,0.2,3,1.5,0.65,0,80,1.0,1,0.0,0.03,10,2.0,1.0,1.0,20,0.7,2.0,lb=5/20 w=eq band=0.195 algo=100000 reg=10/60@1.15x0.22 ols=40@0.20z2.00 mpairs=40@0.20k3z1.50c0.65 leadlag=0@1.00k1z0.00c0.03 adapt=10@2.00 vt=20@0.70-2.00,20.5,66.95,0.664,105514098.0,114.58,13.93,-1.04,False
"(5, 20)",,0.195,100000.0,10000.0,1.0,10,0.0,10,60,1.15,0.22,1.0,5,0.0,False,40,0.0,2.0,1.0,0.0,40,0.2,2.0,False,40,0.2,3,1.5,0.65,0,80,1.0,1,0.0,0.06,10,2.0,1.0,1.0,20,0.7,2.0,lb=5/20 w=eq band=0.195 algo=100000 reg=10/60@1.15x0.22 ols=40@0.20z2.00 mpairs=40@0.20k3z1.50c0.65 leadlag=0@1.00k1z0.00c0.06 adapt=10@2.00 vt=20@0.70-2.00,20.5,66.95,0.664,105514098.0,114.58,13.93,-1.04,False
"(5, 20)",,0.195,100000.0,10000.0,1.0,10,0.0,10,60,1.15,0.22,1.0,5,0.0,False,40,0.0,2.0,1.0,0.0,40,0.2,2.0,False,40,0.2,3,1.5,0.65,0,80,1.0,1,0.0,0.1,10,2.0,1.0,1.0,20,0.7,2.0,lb=5/20 w=eq band=0.195 algo=100000 reg=10/60@1.15x0.22 ols=40@0.20z2.00 mpairs=40@0.20k3z1.50c0.65 leadlag=0@1.00k1z0.00c0.10 adapt=10@2.00 vt=20@0.70-2.00,20.5,66.95,0.664,105514098.0,114.58,13.93,-1.04,False
"(5, 20)",,0.195,100000.0,10000.0,1.0,10,0.0,10,60,1.15,0.22,1.0,5,0.0,False,40,0.0,2.0,1.0,0.0,40,0.2,2.0,False,40,0.2,3,1.5,0.65,0,80,1.0,10,1.0,0.03,10,2.0,1.0,1.0,20,0.7,2.0,lb=5/20 w=eq band=0.195 algo=100000 reg=10/60@1.15x0.22 ols=40@0.20z2.00 mpairs=40@0.20k3z1.50c0.65 leadlag=0@1.00k10z1.00c0.03 adapt=10@2.00 vt=20@0.70-2.00,20.25,53.73,0.778,52743179.0,71.43,9.92,17.49,True
"(5, 20)",,0.195,100000.0,10000.0,1.0,10,0.0,10,60,1.15,0.22,1.0,5,0.0,False,40,0.0,2.0,1.0,0.0,40,0.2,2.0,False,40,0.2,3,1.5,0.65,0,80,1.0,10,1.0,0.06,10,2.0,1.0,1.0,20,0.7,2.0,lb=5/20 w=eq band=0.195 algo=100000 reg=10/60@1.15x0.22 ols=40@0.20z2.00 mpairs=40@0.20k3z1.50c0.65 leadlag=0@1.00k10z1.00c0.06 adapt=10@2.00 vt=20@0.70-2.00,20.25,53.73,0.778,52743179.0,71.43,9.92,17.49,True
"(5, 20)",,0.195,100000.0,10000.0,1.0,10,0.0,10,60,1.15,0.22,1.0,5,0.0,False,40,0.0,2.0,1.0,0.0,40,0.2,2.0,False,40,0.2,3,1.5,0.65,0,80,0.5,1,0.0,0.03,10,2.0,1.0,1.0,20,0.7,2.0,lb=5/20 w=eq band=0.195 algo=100000 reg=10/60@1.15x0.22 ols=40@0.20z2.00 mpairs=40@0.20k3z1.50c0.65 leadlag=0@0.50k1z0.00c0.03 adapt=10@2.00 vt=20@0.70-2.00,18.01,59.25,0.661,58606446.0,62.89,103.82,-52.61,False
"(5, 20)",,0.195,100000.0,10000.0,1.0,10,0.0,10,60,1.15,0.22,1.0,5,0.0,False,40,0.0,2.0,1.0,0.0,40,0.2,2.0,False,40,0.2,3,1.5,0.65,0,80,0.5,1,0.0,0.06,10,2.0,1.0,1.0,20,0.7,2.0,lb=5/20 w=eq band=0.195 algo=100000 reg=10/60@1.15x0.22 ols=40@0.20z2.00 mpairs=40@0.20k3z1.50c0.65 leadlag=0@0.50k1z0.00c0.06 adapt=10@2.00 vt=20@0.70-2.00,18.01,59.25,0.661,58606446.0,62.89,103.82,-52.61,False
"(5, 20)",,0.195,100000.0,10000.0,1.0,10,0.0,10,60,1.15,0.22,1.0,5,0.0,False,40,0.0,2.0,1.0,0.0,40,0.2,2.0,False,40,0.2,3,1.5,0.65,0,80,0.5,1,0.0,0.1,10,2.0,1.0,1.0,20,0.7,2.0,lb=5/20 w=eq band=0.195 algo=100000 reg=10/60@1.15x0.22 ols=40@0.20z2.00 mpairs=40@0.20k3z1.50c0.65 leadlag=0@0.50k1z0.00c0.10 adapt=10@2.00 vt=20@0.70-2.00,18.01,59.25,0.661,58606446.0,62.89,103.82,-52.61,False
"(5, 20)",,0.195,100000.0,10000.0,1.0,10,0.0,10,60,1.15,0.22,1.0,5,0.0,False,40,0.0,2.0,1.0,0.0,40,0.2,2.0,False,40,0.2,3,1.5,0.65,0,80,1.0,10,1.0,0.1,10,2.0,1.0,1.0,20,0.7,2.0,lb=5/20 w=eq band=0.195 algo=100000 reg=10/60@1.15x0.22 ols=40@0.20z2.00 mpairs=40@0.20k3z1.50c0.65 leadlag=0@1.00k10z1.00c0.10 adapt=10@2.00 vt=20@0.70-2.00,17.76,50.67,0.735,52756570.0,72.09,6.24,17.01,True
"(5, 20)",,0.195,100000.0,10000.0,1.0,10,0.0,10,60,1.15,0.22,1.0,5,0.0,False,40,0.0,2.0,1.0,0.0,40,0.2,2.0,False,40,0.2,3,1.5,0.65,120,80,0.3,10,0.0,0.1,10,2.0,1.0,1.0,20,0.7,2.0,lb=5/20 w=eq band=0.195 algo=100000 reg=10/60@1.15x0.22 ols=40@0.20z2.00 mpairs=40@0.20k3z1.50c0.65 leadlag=120@0.30k10z0.00c0.10 adapt=10@2.00 vt=20@0.70-2.00,17.25,63.44,0.611,25195291.0,50.84,176.18,-74.66,False
"(5, 20)",,0.195,100000.0,10000.0,1.0,10,0.0,10,60,1.15,0.22,1.0,5,0.0,False,40,0.0,2.0,1.0,0.0,40,0.2,2.0,False,40,0.2,3,1.5,0.65,0,80,1.0,5,1.0,0.03,10,2.0,1.0,1.0,20,0.7,2.0,lb=5/20 w=eq band=0.195 algo=100000 reg=10/60@1.15x0.22 ols=40@0.20z2.00 mpairs=40@0.20k3z1.50c0.65 leadlag=0@1.00k5z1.00c0.03 adapt=10@2.00 vt=20@0.70-2.00,16.64,53.35,0.673,68184006.0,123.85,11.62,10.14,True
"(5, 20)",,0.195,100000.0,10000.0,1.0,10,0.0,10,60,1.15,0.22,1.0,5,0.0,False,40,0.0,2.0,1.0,0.0,40,0.2,2.0,False,40,0.2,3,1.5,0.65,0,80,1.0,5,1.0,0.06,10,2.0,1.0,1.0,20,0.7,2.0,lb=5/20 w=eq band=0.195 algo=100000 reg=10/60@1.15x0.22 ols=40@0.20z2.00 mpairs=40@0.20k3z1.50c0.65 leadlag=0@1.00k5z1.00c0.06 adapt=10@2.00 vt=20@0.70-2.00,16.64,53.35,0.673,68184006.0,123.85,11.62,10.14,True
"(5, 20)",,0.195,100000.0,10000.0,1.0,10,0.0,10,60,1.15,0.22,1.0,5,0.0,False,40,0.0,2.0,1.0,0.0,40,0.2,2.0,False,40,0.2,3,1.5,0.65,0,80,1.0,5,1.0,0.1,10,2.0,1.0,1.0,20,0.7,2.0,lb=5/20 w=eq band=0.195 algo=100000 reg=10/60@1.15x0.22 ols=40@0.20z2.00 mpairs=40@0.20k3z1.50c0.65 leadlag=0@1.00k5z1.00c0.10 adapt=10@2.00 vt=20@0.70-2.00,16.64,53.35,0.673,68184006.0,123.85,11.62,10.14,True
"(5, 20)",,0.195,100000.0,10000.0,1.0,10,0.0,10,60,1.15,0.22,1.0,5,0.0,False,40,0.0,2.0,1.0,0.0,40,0.2,2.0,False,40,0.2,3,1.5,0.65,0,80,0.75,1,0.0,0.03,10,2.0,1.0,1.0,20,0.7,2.0,lb=5/20 w=eq band=0.195 algo=100000 reg=10/60@1.15x0.22 ols=40@0.20z2.00 mpairs=40@0.20k3z1.50c0.65 leadlag=0@0.75k1z0.00c0.03 adapt=10@2.00 vt=20@0.70-2.00,16.11,56.77,0.629,87002873.0,108.23,33.6,-34.8,False
"(5, 20)",,0.195,100000.0,10000.0,1.0,10,0.0,10,60,1.15,0.22,1.0,5,0.0,False,40,0.0,2.0,1.0,0.0,40,0.2,2.0,False,40,0.2,3,1.5,0.65,0,80,0.75,1,0.0,0.06,10,2.0,1.0,1.0,20,0.7,2.0,lb=5/20 w=eq band=0.195 algo=100000 reg=10/60@1.15x0.22 ols=40@0.20z2.00 mpairs=40@0.20k3z1.50c0.65 leadlag=0@0.75k1z0.00c0.06 adapt=10@2.00 vt=20@0.70-2.00,16.11,56.77,0.629,87002873.0,108.23,33.6,-34.8,False
"(5, 20)",,0.195,100000.0,10000.0,1.0,10,0.0,10,60,1.15,0.22,1.0,5,0.0,False,40,0.0,2.0,1.0,0.0,40,0.2,2.0,False,40,0.2,3,1.5,0.65,0,80,0.75,1,0.0,0.1,10,2.0,1.0,1.0,20,0.7,2.0,lb=5/20 w=eq band=0.195 algo=100000 reg=10/60@1.15x0.22 ols=40@0.20z2.00 mpairs=40@0.20k3z1.50c0.65 leadlag=0@0.75k1z0.00c0.10 adapt=10@2.00 vt=20@0.70-2.00,16.11,56.77,0.629,87002873.0,108.23,33.6,-34.8,False
"(5, 20)",,0.195,100000.0,10000.0,1.0,10,0.0,10,60,1.15,0.22,1.0,5,0.0,False,40,0.0,2.0,1.0,0.0,40,0.2,2.0,False,40,0.2,3,1.5,0.65,120,80,0.3,3,1.0,0.03,10,2.0,1.0,1.0,20,0.7,2.0,lb=5/20 w=eq band=0.195 algo=100000 reg=10/60@1.15x0.22 ols=40@0.20z2.00 mpairs=40@0.20k3z1.50c0.65 leadlag=120@0.30k3z1.00c0.03 adapt=10@2.00 vt=20@0.70-2.00,15.16,60.98,0.575,28087883.0,42.8,157.1,-95.12,False
"(5, 20)",,0.195,100000.0,10000.0,1.0,10,0.0,10,60,1.15,0.22,1.0,5,0.0,False,40,0.0,2.0,1.0,0.0,40,0.2,2.0,False,40,0.2,3,1.5,0.65,120,80,0.3,3,1.0,0.06,10,2.0,1.0,1.0,20,0.7,2.0,lb=5/20 w=eq band=0.195 algo=100000 reg=10/60@1.15x0.22 ols=40@0.20z2.00 mpairs=40@0.20k3z1.50c0.65 leadlag=120@0.30k3z1.00c0.06 adapt=10@2.00 vt=20@0.70-2.00,15.16,60.98,0.575,28087883.0,42.8,157.1,-95.12,False
"(5, 20)",,0.195,100000.0,10000.0,1.0,10,0.0,10,60,1.15,0.22,1.0,5,0.0,False,40,0.0,2.0,1.0,0.0,40,0.2,2.0,False,40,0.2,3,1.5,0.65,120,80,0.3,3,1.0,0.1,10,2.0,1.0,1.0,20,0.7,2.0,lb=5/20 w=eq band=0.195 algo=100000 reg=10/60@1.15x0.22 ols=40@0.20z2.00 mpairs=40@0.20k3z1.50c0.65 leadlag=120@0.30k3z1.00c0.10 adapt=10@2.00 vt=20@0.70-2.00,15.16,60.98,0.575,28087883.0,43.04,157.1,-95.12,False
"(5, 20)",,0.195,100000.0,10000.0,1.0,10,0.0,10,60,1.15,0.22,1.0,5,0.0,False,40,0.0,2.0,1.0,0.0,40,0.2,2.0,False,40,0.2,3,1.5,0.65,120,80,0.3,5,0.0,0.1,10,2.0,1.0,1.0,20,0.7,2.0,lb=5/20 w=eq band=0.195 algo=100000 reg=10/60@1.15x0.22 ols=40@0.20z2.00 mpairs=40@0.20k3z1.50c0.65 leadlag=120@0.30k5z0.00c0.10 adapt=10@2.00 vt=20@0.70-2.00,14.83,60.41,0.57,27284341.0,39.45,179.5,-87.57,False
"(5, 20)",,0.195,100000.0,10000.0,1.0,10,0.0,10,60,1.15,0.22,1.0,5,0.0,False,40,0.0,2.0,1.0,0.0,40,0.2,2.0,False,40,0.2,3,1.5,0.65,120,80,0.3,5,0.0,0.03,10,2.0,1.0,1.0,20,0.7,2.0,lb=5/20 w=eq band=0.195 algo=100000 reg=10/60@1.15x0.22 ols=40@0.20z2.00 mpairs=40@0.20k3z1.50c0.65 leadlag=120@0.30k5z0.00c0.03 adapt=10@2.00 vt=20@0.70-2.00,14.18,59.35,0.56,27261531.0,38.43,177.83,-88.76,False
"(5, 20)",,0.195,100000.0,10000.0,1.0,10,0.0,10,60,1.15,0.22,1.0,5,0.0,False,40,0.0,2.0,1.0,0.0,40,0.2,2.0,False,40,0.2,3,1.5,0.65,120,80,0.3,5,0.0,0.06,10,2.0,1.0,1.0,20,0.7,2.0,lb=5/20 w=eq band=0.195 algo=100000 reg=10/60@1.15x0.22 ols=40@0.20z2.00 mpairs=40@0.20k3z1.50c0.65 leadlag=120@0.30k5z0.00c0.06 adapt=10@2.00 vt=20@0.70-2.00,14.18,59.35,0.56,27261531.0,38.43,177.83,-88.76,False
"(5, 20)",,0.195,100000.0,10000.0,1.0,10,0.0,10,60,1.15,0.22,1.0,5,0.0,False,40,0.0,2.0,1.0,0.0,40,0.2,2.0,False,40,0.2,3,1.5,0.65,120,80,0.3,3,0.0,0.03,10,2.0,1.0,1.0,20,0.7,2.0,lb=5/20 w=eq band=0.195 algo=100000 reg=10/60@1.15x0.22 ols=40@0.20z2.00 mpairs=40@0.20k3z1.50c0.65 leadlag=120@0.30k3z0.00c0.03 adapt=10@2.00 vt=20@0.70-2.00,14.16,59.2,0.561,30106892.0,67.39,122.53,-94.83,False
"(5, 20)",,0.195,100000.0,10000.0,1.0,10,0.0,10,60,1.15,0.22,1.0,5,0.0,False,40,0.0,2.0,1.0,0.0,40,0.2,2.0,False,40,0.2,3,1.5,0.65,120,80,0.3,3,0.0,0.06,10,2.0,1.0,1.0,20,0.7,2.0,lb=5/20 w=eq band=0.195 algo=100000 reg=10/60@1.15x0.22 ols=40@0.20z2.00 mpairs=40@0.20k3z1.50c0.65 leadlag=120@0.30k3z0.00c0.06 adapt=10@2.00 vt=20@0.70-2.00,14.16,59.2,0.561,30106892.0,67.39,122.53,-94.83,False
"(5, 20)",,0.195,100000.0,10000.0,1.0,10,0.0,10,60,1.15,0.22,1.0,5,0.0,False,40,0.0,2.0,1.0,0.0,40,0.2,2.0,False,40,0.2,3,1.5,0.65,120,80,0.3,3,0.0,0.1,10,2.0,1.0,1.0,20,0.7,2.0,lb=5/20 w=eq band=0.195 algo=100000 reg=10/60@1.15x0.22 ols=40@0.20z2.00 mpairs=40@0.20k3z1.50c0.65 leadlag=120@0.30k3z0.00c0.10 adapt=10@2.00 vt=20@0.70-2.00,14.16,59.2,0.561,30106892.0,67.75,122.53,-94.83,False
"(5, 20)",,0.195,100000.0,10000.0,1.0,10,0.0,10,60,1.15,0.22,1.0,5,0.0,False,40,0.0,2.0,1.0,0.0,40,0.2,2.0,False,40,0.2,3,1.5,0.65,120,80,0.3,5,1.0,0.1,10,2.0,1.0,1.0,20,0.7,2.0,lb=5/20 w=eq band=0.195 algo=100000 reg=10/60@1.15x0.22 ols=40@0.20z2.00 mpairs=40@0.20k3z1.50c0.65 leadlag=120@0.30k5z1.00c0.10 adapt=10@2.00 vt=20@0.70-2.00,14.01,58.81,0.559,26055072.0,27.83,164.06,-91.11,False
"(5, 20)",,0.195,100000.0,10000.0,1.0,10,0.0,10,60,1.15,0.22,1.0,5,0.0,False,40,0.0,2.0,1.0,0.0,40,0.2,2.0,False,40,0.2,3,1.5,0.65,120,80,0.3,5,1.0,0.03,10,2.0,1.0,1.0,20,0.7,2.0,lb=5/20 w=eq band=0.195 algo=100000 reg=10/60@1.15x0.22 ols=40@0.20z2.00 mpairs=40@0.20k3z1.50c0.65 leadlag=120@0.30k5z1.00c0.03 adapt=10@2.00 vt=20@0.70-2.00,13.71,58.33,0.554,26043559.0,27.13,164.62,-92.78,False
"(5, 20)",,0.195,100000.0,10000.0,1.0,10,0.0,10,60,1.15,0.22,1.0,5,0.0,False,40,0.0,2.0,1.0,0.0,40,0.2,2.0,False,40,0.2,3,1.5,0.65,120,80,0.3,5,1.0,0.06,10,2.0,1.0,1.0,20,0.7,2.0,lb=5/20 w=eq band=0.195 algo=100000 reg=10/60@1.15x0.22 ols=40@0.20z2.00 mpairs=40@0.20k3z1.50c0.65 leadlag=120@0.30k5z1.00c0.06 adapt=10@2.00 vt=20@0.70-2.00,13.71,58.33,0.554,26043559.0,27.13,164.62,-92.78,False
"(5, 20)",,0.195,100000.0,10000.0,1.0,10,0.0,10,60,1.15,0.22,1.0,5,0.0,False,40,0.0,2.0,1.0,0.0,40,0.2,2.0,False,40,0.2,3,1.5,0.65,120,80,0.3,3,0.5,0.03,10,2.0,1.0,1.0,20,0.7,2.0,lb=5/20 w=eq band=0.195 algo=100000 reg=10/60@1.15x0.22 ols=40@0.20z2.00 mpairs=40@0.20k3z1.50c0.65 leadlag=120@0.30k3z0.50c0.03 adapt=10@2.00 vt=20@0.70-2.00,13.49,57.88,0.551,29779433.0,48.19,125.77,-85.2,False
"(5, 20)",,0.195,100000.0,10000.0,1.0,10,0.0,10,60,1.15,0.22,1.0,5,0.0,False,40,0.0,2.0,1.0,0.0,40,0.2,2.0,False,40,0.2,3,1.5,0.65,120,80,0.3,3,0.5,0.06,10,2.0,1.0,1.0,20,0.7,2.0,lb=5/20 w=eq band=0.195 algo=100000 reg=10/60@1.15x0.22 ols=40@0.20z2.00 mpairs=40@0.20k3z1.50c0.65 leadlag=120@0.30k3z0.50c0.06 adapt=10@2.00 vt=20@0.70-2.00,13.49,57.88,0.551,29779433.0,48.19,125.77,-85.2,False
"(5, 20)",,0.195,100000.0,10000.0,1.0,10,0.0,10,60,1.15,0.22,1.0,5,0.0,False,40,0.0,2.0,1.0,0.0,40,0.2,2.0,False,40,0.2,3,1.5,0.65,120,80,0.3,3,0.5,0.1,10,2.0,1.0,1.0,20,0.7,2.0,lb=5/20 w=eq band=0.195 algo=100000 reg=10/60@1.15x0.22 ols=40@0.20z2.00 mpairs=40@0.20k3z1.50c0.65 leadlag=120@0.30k3z0.50c0.10 adapt=10@2.00 vt=20@0.70-2.00,13.49,57.88,0.551,29779433.0,48.53,125.77,-85.2,False
"(5, 20)",,0.195,100000.0,10000.0,1.0,10,0.0,10,60,1.15,0.22,1.0,5,0.0,False,40,0.0,2.0,1.0,0.0,40,0.2,2.0,False,40,0.2,3,1.5,0.65,120,80,0.3,10,0.0,0.03,10,2.0,1.0,1.0,20,0.7,2.0,lb=5/20 w=eq band=0.195 algo=100000 reg=10/60@1.15x0.22 ols=40@0.20z2.00 mpairs=40@0.20k3z1.50c0.65 leadlag=120@0.30k10z0.00c0.03 adapt=10@2.00 vt=20@0.70-2.00,13.16,56.84,0.549,25073801.0,45.39,171.76,-75.09,False
"(5, 20)",,0.195,100000.0,10000.0,1.0,10,0.0,10,60,1.15,0.22,1.0,5,0.0,False,40,0.0,2.0,1.0,0.0,40,0.2,2.0,False,40,0.2,3,1.5,0.65,120,80,0.3,10,0.0,0.06,10,2.0,1.0,1.0,20,0.7,2.0,lb=5/20 w=eq band=0.195 algo=100000 reg=10/60@1.15x0.22 ols=40@0.20z2.00 mpairs=40@0.20k3z1.50c0.65 leadlag=120@0.30k10z0.00c0.06 adapt=10@2.00 vt=20@0.70-2.00,13.16,56.84,0.549,25073801.0,45.39,171.76,-75.09,False
"(5, 20)",,0.195,100000.0,10000.0,1.0,10,0.0,10,60,1.15,0.22,1.0,5,0.0,False,40,0.0,2.0,1.0,0.0,40,0.2,2.0,False,40,0.2,3,1.5,0.65,0,80,0.75,5,1.0,0.03,10,2.0,1.0,1.0,20,0.7,2.0,lb=5/20 w=eq band=0.195 algo=100000 reg=10/60@1.15x0.22 ols=40@0.20z2.00 mpairs=40@0.20k3z1.50c0.65 leadlag=0@0.75k5z1.00c0.03 adapt=10@2.00 vt=20@0.70-2.00,12.37,42.84,0.637,49787369.0,104.98,23.55,0.18,True
"(5, 20)",,0.195,100000.0,10000.0,1.0,10,0.0,10,60,1.15,0.22,1.0,5,0.0,False,40,0.0,2.0,1.0,0.0,40,0.2,2.0,False,40,0.2,3,1.5,0.65,0,80,0.75,5,1.0,0.06,10,2.0,1.0,1.0,20,0.7,2.0,lb=5/20 w=eq band=0.195 algo=100000 reg=10/60@1.15x0.22 ols=40@0.20z2.00 mpairs=40@0.20k3z1.50c0.65 leadlag=0@0.75k5z1.00c0.06 adapt=10@2.00 vt=20@0.70-2.00,12.37,42.84,0.637,49787369.0,104.98,23.55,0.18,True
"(5, 20)",,0.195,100000.0,10000.0,1.0,10,0.0,10,60,1.15,0.22,1.0,5,0.0,False,40,0.0,2.0,1.0,0.0,40,0.2,2.0,False,40,0.2,3,1.5,0.65,0,80,0.75,5,1.0,0.1,10,2.0,1.0,1.0,20,0.7,2.0,lb=5/20 w=eq band=0.195 algo=100000 reg=10/60@1.15x0.22 ols=40@0.20z2.00 mpairs=40@0.20k3z1.50c0.65 leadlag=0@0.75k5z1.00c0.10 adapt=10@2.00 vt=20@0.70-2.00,12.37,42.84,0.637,49787369.0,104.98,23.55,0.18,True
"(5, 20)",,0.195,100000.0,10000.0,1.0,10,0.0,10,60,1.15,0.22,1.0,5,0.0,False,40,0.0,2.0,1.0,0.0,40,0.2,2.0,False,40,0.2,3,1.5,0.65,0,80,0.75,3,0.5,0.03,10,2.0,1.0,1.0,20,0.7,2.0,lb=5/20 w=eq band=0.195 algo=100000 reg=10/60@1.15x0.22 ols=40@0.20z2.00 mpairs=40@0.20k3z1.50c0.65 leadlag=0@0.75k3z0.50c0.03 adapt=10@2.00 vt=20@0.70-2.00,11.94,45.64,0.595,66209831.0,93.43,5.1,10.96,True
"(5, 20)",,0.195,100000.0,10000.0,1.0,10,0.0,10,60,1.15,0.22,1.0,5,0.0,False,40,0.0,2.0,1.0,0.0,40,0.2,2.0,False,40,0.2,3,1.5,0.65,0,80,0.75,3,0.5,0.06,10,2.0,1.0,1.0,20,0.7,2.0,lb=5/20 w=eq band=0.195 algo=100000 reg=10/60@1.15x0.22 ols=40@0.20z2.00 mpairs=40@0.20k3z1.50c0.65 leadlag=0@0.75k3z0.50c0.06 adapt=10@2.00 vt=20@0.70-2.00,11.94,45.64,0.595,66209831.0,93.43,5.1,10.96,True
"(5, 20)",,0.195,100000.0,10000.0,1.0,10,0.0,10,60,1.15,0.22,1.0,5,0.0,False,40,0.0,2.0,1.0,0.0,40,0.2,2.0,False,40,0.2,3,1.5,0.65,0,80,0.75,3,0.5,0.1,10,2.0,1.0,1.0,20,0.7,2.0,lb=5/20 w=eq band=0.195 algo=100000 reg=10/60@1.15x0.22 ols=40@0.20z2.00 mpairs=40@0.20k3z1.50c0.65 leadlag=0@0.75k3z0.50c0.10 adapt=10@2.00 vt=20@0.70-2.00,11.94,45.64,0.595,66209831.0,93.43,5.1,10.96,True
"(5, 20)",,0.195,100000.0,10000.0,1.0,10,0.0,10,60,1.15,0.22,1.0,5,0.0,False,40,0.0,2.0,1.0,0.0,40,0.2,2.0,False,40,0.2,3,1.5,0.65,120,80,0.3,5,0.5,0.1,10,2.0,1.0,1.0,20,0.7,2.0,lb=5/20 w=eq band=0.195 algo=100000 reg=10/60@1.15x0.22 ols=40@0.20z2.00 mpairs=40@0.20k3z1.50c0.65 leadlag=120@0.30k5z0.50c0.10 adapt=10@2.00 vt=20@0.70-2.00,10.85,53.43,0.505,27200232.0,38.45,159.35,-86.58,False
"(5, 20)",,0.195,100000.0,10000.0,1.0,10,0.0,10,60,1.15,0.22,1.0,5,0.0,False,40,0.0,2.0,1.0,0.0,40,0.2,2.0,False,40,0.2,3,1.5,0.65,120,80,0.3,5,0.5,0.03,10,2.0,1.0,1.0,20,0.7,2.0,lb=5/20 w=eq band=0.195 algo=100000 reg=10/60@1.15x0.22 ols=40@0.20z2.00 mpairs=40@0.20k3z1.50c0.65 leadlag=120@0.30k5z0.50c0.03 adapt=10@2.00 vt=20@0.70-2.00,10.28,52.34,0.494,27188945.0,36.9,158.38,-88.45,False
"(5, 20)",,0.195,100000.0,10000.0,1.0,10,0.0,10,60,1.15,0.22,1.0,5,0.0,False,40,0.0,2.0,1.0,0.0,40,0.2,2.0,False,40,0.2,3,1.5,0.65,120,80,0.3,5,0.5,0.06,10,2.0,1.0,1.0,20,0.7,2.0,lb=5/20 w=eq band=0.195 algo=100000 reg=10/60@1.15x0.22 ols=40@0.20z2.00 mpairs=40@0.20k3z1.50c0.65 leadlag=120@0.30k5z0.50c0.06 adapt=10@2.00 vt=20@0.70-2.00,10.28,52.34,0.494,27188945.0,36.9,158.38,-88.45,False
"(5, 20)",,0.195,100000.0,10000.0,1.0,10,0.0,10,60,1.15,0.22,1.0,5,0.0,False,40,0.0,2.0,1.0,0.0,40,0.2,2.0,False,40,0.2,3,1.5,0.65,0,80,0.5,5,1.0,0.03,10,2.0,1.0,1.0,20,0.7,2.0,lb=5/20 w=eq band=0.195 algo=100000 reg=10/60@1.15x0.22 ols=40@0.20z2.00 mpairs=40@0.20k3z1.50c0.65 leadlag=0@0.50k5z1.00c0.03 adapt=10@2.00 vt=20@0.70-2.00,9.55,43.83,0.528,33844050.0,45.18,91.38,-11.33,False
"(5, 20)",,0.195,100000.0,10000.0,1.0,10,0.0,10,60,1.15,0.22,1.0,5,0.0,False,40,0.0,2.0,1.0,0.0,40,0.2,2.0,False,40,0.2,3,1.5,0.65,0,80,0.5,5,1.0,0.06,10,2.0,1.0,1.0,20,0.7,2.0,lb=5/20 w=eq band=0.195 algo=100000 reg=10/60@1.15x0.22 ols=40@0.20z2.00 mpairs=40@0.20k3z1.50c0.65 leadlag=0@0.50k5z1.00c0.06 adapt=10@2.00 vt=20@0.70-2.00,9.55,43.83,0.528,33844050.0,45.18,91.38,-11.33,False
"(5, 20)",,0.195,100000.0,10000.0,1.0,10,0.0,10,60,1.15,0.22,1.0,5,0.0,False,40,0.0,2.0,1.0,0.0,40,0.2,2.0,False,40,0.2,3,1.5,0.65,0,80,0.5,5,1.0,0.1,10,2.0,1.0,1.0,20,0.7,2.0,lb=5/20 w=eq band=0.195 algo=100000 reg=10/60@1.15x0.22 ols=40@0.20z2.00 mpairs=40@0.20k3z1.50c0.65 leadlag=0@0.50k5z1.00c0.10 adapt=10@2.00 vt=20@0.70-2.00,9.55,43.83,0.528,33844050.0,45.18,91.38,-11.33,False
"(5, 20)",,0.195,100000.0,10000.0,1.0,10,0.0,10,60,1.15,0.22,1.0,5,0.0,False,40,0.0,2.0,1.0,0.0,40,0.2,2.0,False,40,0.2,3,1.5,0.65,120,80,0.3,1,0.0,0.03,10,2.0,1.0,1.0,20,0.7,2.0,lb=5/20 w=eq band=0.195 algo=100000 reg=10/60@1.15x0.22 ols=40@0.20z2.00 mpairs=40@0.20k3z1.50c0.65 leadlag=120@0.30k1z0.00c0.03 adapt=10@2.00 vt=20@0.70-2.00,9.51,51.18,0.478,36834422.0,35.64,48.78,-21.24,False
"(5, 20)",,0.195,100000.0,10000.0,1.0,10,0.0,10,60,1.15,0.22,1.0,5,0.0,False,40,0.0,2.0,1.0,0.0,40,0.2,2.0,False,40,0.2,3,1.5,0.65,120,80,0.3,1,0.0,0.06,10,2.0,1.0,1.0,20,0.7,2.0,lb=5/20 w=eq band=0.195 algo=100000 reg=10/60@1.15x0.22 ols=40@0.20z2.00 mpairs=40@0.20k3z1.50c0.65 leadlag=120@0.30k1z0.00c0.06 adapt=10@2.00 vt=20@0.70-2.00,9.51,51.18,0.478,36834422.0,35.64,48.78,-21.24,False
"(5, 20)",,0.195,100000.0,10000.0,1.0,10,0.0,10,60,1.15,0.22,1.0,5,0.0,False,40,0.0,2.0,1.0,0.0,40,0.2,2.0,False,40,0.2,3,1.5,0.65,120,80,0.3,1,0.0,0.1,10,2.0,1.0,1.0,20,0.7,2.0,lb=5/20 w=eq band=0.195 algo=100000 reg=10/60@1.15x0.22 ols=40@0.20z2.00 mpairs=40@0.20k3z1.50c0.65 leadlag=120@0.30k1z0.00c0.10 adapt=10@2.00 vt=20@0.70-2.00,9.51,51.18,0.478,36834422.0,35.64,48.78,-21.24,False
"(5, 20)",,0.195,100000.0,10000.0,1.0,10,0.0,10,60,1.15,0.22,1.0,5,0.0,False,40,0.0,2.0,1.0,0.0,40,0.2,2.0,False,40,0.2,3,1.5,0.65,0,80,0.5,1,0.5,0.03,10,2.0,1.0,1.0,20,0.7,2.0,lb=5/20 w=eq band=0.195 algo=100000 reg=10/60@1.15x0.22 ols=40@0.20z2.00 mpairs=40@0.20k3z1.50c0.65 leadlag=0@0.50k1z0.50c0.03 adapt=10@2.00 vt=20@0.70-2.00,9.14,44.52,0.508,56946751.0,50.7,96.46,-66.47,False
"(5, 20)",,0.195,100000.0,10000.0,1.0,10,0.0,10,60,1.15,0.22,1.0,5,0.0,False,40,0.0,2.0,1.0,0.0,40,0.2,2.0,False,40,0.2,3,1.5,0.65,0,80,0.5,1,0.5,0.06,10,2.0,1.0,1.0,20,0.7,2.0,lb=5/20 w=eq band=0.195 algo=100000 reg=10/60@1.15x0.22 ols=40@0.20z2.00 mpairs=40@0.20k3z1.50c0.65 leadlag=0@0.50k1z0.50c0.06 adapt=10@2.00 vt=20@0.70-2.00,9.14,44.52,0.508,56946751.0,50.7,96.46,-66.47,False
"(5, 20)",,0.195,100000.0,10000.0,1.0,10,0.0,10,60,1.15,0.22,1.0,5,0.0,False,40,0.0,2.0,1.0,0.0,40,0.2,2.0,False,40,0.2,3,1.5,0.65,0,80,0.5,1,0.5,0.1,10,2.0,1.0,1.0,20,0.7,2.0,lb=5/20 w=eq band=0.195 algo=100000 reg=10/60@1.15x0.22 ols=40@0.20z2.00 mpairs=40@0.20k3z1.50c0.65 leadlag=0@0.50k1z0.50c0.10 adapt=10@2.00 vt=20@0.70-2.00,9.14,44.52,0.508,56946751.0,50.7,96.46,-66.47,False
"(5, 20)",,0.195,100000.0,10000.0,1.0,10,0.0,10,60,1.15,0.22,1.0,5,0.0,False,40,0.0,2.0,1.0,0.0,40,0.2,2.0,False,40,0.2,3,1.5,0.65,0,80,0.5,5,0.0,0.03,10,2.0,1.0,1.0,20,0.7,2.0,lb=5/20 w=eq band=0.195 algo=100000 reg=10/60@1.15x0.22 ols=40@0.20z2.00 mpairs=40@0.20k3z1.50c0.65 leadlag=0@0.50k5z0.00c0.03 adapt=10@2.00 vt=20@0.70-2.00,8.7,42.21,0.51,37871229.0,11.39,124.1,-40.91,False
"(5, 20)",,0.195,100000.0,10000.0,1.0,10,0.0,10,60,1.15,0.22,1.0,5,0.0,False,40,0.0,2.0,1.0,0.0,40,0.2,2.0,False,40,0.2,3,1.5,0.65,0,80,0.5,5,0.0,0.06,10,2.0,1.0,1.0,20,0.7,2.0,lb=5/20 w=eq band=0.195 algo=100000 reg=10/60@1.15x0.22 ols=40@0.20z2.00 mpairs=40@0.20k3z1.50c0.65 leadlag=0@0.50k5z0.00c0.06 adapt=10@2.00 vt=20@0.70-2.00,8.7,42.21,0.51,37871229.0,11.39,124.1,-40.91,False
"(5, 20)",,0.195,100000.0,10000.0,1.0,10,0.0,10,60,1.15,0.22,1.0,5,0.0,False,40,0.0,2.0,1.0,0.0,40,0.2,2.0,False,40,0.2,3,1.5,0.65,0,80,0.5,5,0.0,0.1,10,2.0,1.0,1.0,20,0.7,2.0,lb=5/20 w=eq band=0.195 algo=100000 reg=10/60@1.15x0.22 ols=40@0.20z2.00 mpairs=40@0.20k3z1.50c0.65 leadlag=0@0.50k5z0.00c0.10 adapt=10@2.00 vt=20@0.70-2.00,8.7,42.21,0.51,37871229.0,11.39,124.1,-40.91,False
"(5, 20)",,0.195,100000.0,10000.0,1.0,10,0.0,10,60,1.15,0.22,1.0,5,0.0,False,40,0.0,2.0,1.0,0.0,40,0.2,2.0,False,40,0.2,3,1.5,0.65,120,80,0.5,1,0.5,0.03,10,2.0,1.0,1.0,20,0.7,2.0,lb=5/20 w=eq band=0.195 algo=100000 reg=10/60@1.15x0.22 ols=40@0.20z2.00 mpairs=40@0.20k3z1.50c0.65 leadlag=120@0.50k1z0.50c0.03 adapt=10@2.00 vt=20@0.70-2.00,7.35,40.22,0.473,55001734.0,38.59,0.0,20.19,True
"(5, 20)",,0.195,100000.0,10000.0,1.0,10,0.0,10,60,1.15,0.22,1.0,5,0.0,False,40,0.0,2.0,1.0,0.0,40,0.2,2.0,False,40,0.2,3,1.5,0.65,120,80,0.5,1,0.5,0.06,10,2.0,1.0,1.0,20,0.7,2.0,lb=5/20 w=eq band=0.195 algo=100000 reg=10/60@1.15x0.22 ols=40@0.20z2.00 mpairs=40@0.20k3z1.50c0.65 leadlag=120@0.50k1z0.50c0.06 adapt=10@2.00 vt=20@0.70-2.00,7.35,40.22,0.473,55001734.0,38.59,0.0,20.19,True
"(5, 20)",,0.195,100000.0,10000.0,1.0,10,0.0,10,60,1.15,0.22,1.0,5,0.0,False,40,0.0,2.0,1.0,0.0,40,0.2,2.0,False,40,0.2,3,1.5,0.65,120,80,0.5,1,0.5,0.1,10,2.0,1.0,1.0,20,0.7,2.0,lb=5/20 w=eq band=0.195 algo=100000 reg=10/60@1.15x0.22 ols=40@0.20z2.00 mpairs=40@0.20k3z1.50c0.65 leadlag=120@0.50k1z0.50c0.10 adapt=10@2.00 vt=20@0.70-2.00,7.35,40.22,0.473,55001734.0,38.59,0.0,20.19,True
"(5, 20)",,0.195,100000.0,10000.0,1.0,10,0.0,10,60,1.15,0.22,1.0,5,0.0,False,40,0.0,2.0,1.0,0.0,40,0.2,2.0,False,40,0.2,3,1.5,0.65,120,80,1.0,1,0.5,0.03,10,2.0,1.0,1.0,20,0.7,2.0,lb=5/20 w=eq band=0.195 algo=100000 reg=10/60@1.15x0.22 ols=40@0.20z2.00 mpairs=40@0.20k3z1.50c0.65 leadlag=120@1.00k1z0.50c0.03 adapt=10@2.00 vt=20@0.70-2.00,7.1,41.27,0.456,98160197.0,58.69,-191.12,152.07,False
"(5, 20)",,0.195,100000.0,10000.0,1.0,10,0.0,10,60,1.15,0.22,1.0,5,0.0,False,40,0.0,2.0,1.0,0.0,40,0.2,2.0,False,40,0.2,3,1.5,0.65,120,80,1.0,1,0.5,0.06,10,2.0,1.0,1.0,20,0.7,2.0,lb=5/20 w=eq band=0.195 algo=100000 reg=10/60@1.15x0.22 ols=40@0.20z2.00 mpairs=40@0.20k3z1.50c0.65 leadlag=120@1.00k1z0.50c0.06 adapt=10@2.00 vt=20@0.70-2.00,7.1,41.27,0.456,98160197.0,58.69,-191.12,152.07,False
"(5, 20)",,0.195,100000.0,10000.0,1.0,10,0.0,10,60,1.15,0.22,1.0,5,0.0,False,40,0.0,2.0,1.0,0.0,40,0.2,2.0,False,40,0.2,3,1.5,0.65,120,80,1.0,1,0.5,0.1,10,2.0,1.0,1.0,20,0.7,2.0,lb=5/20 w=eq band=0.195 algo=100000 reg=10/60@1.15x0.22 ols=40@0.20z2.00 mpairs=40@0.20k3z1.50c0.65 leadlag=120@1.00k1z0.50c0.10 adapt=10@2.00 vt=20@0.70-2.00,7.1,41.27,0.456,98160197.0,58.69,-191.12,152.07,False
"(5, 20)",,0.195,100000.0,10000.0,1.0,10,0.0,10,60,1.15,0.22,1.0,5,0.0,False,40,0.0,2.0,1.0,0.0,40,0.2,2.0,False,40,0.2,3,1.5,0.65,0,80,1.0,3,1.0,0.03,10,2.0,1.0,1.0,20,0.7,2.0,lb=5/20 w=eq band=0.195 algo=100000 reg=10/60@1.15x0.22 ols=40@0.20z2.00 mpairs=40@0.20k3z1.50c0.65 leadlag=0@1.00k3z1.00c0.03 adapt=10@2.00 vt=20@0.70-2.00,5.71,35.93,0.435,77221319.0,112.23,-2.76,0.1,False
"(5, 20)",,0.195,100000.0,10000.0,1.0,10,0.0,10,60,1.15,0.22,1.0,5,0.0,False,40,0.0,2.0,1.0,0.0,40,0.2,2.0,False,40,0.2,3,1.5,0.65,0,80,1.0,3,1.0,0.06,10,2.0,1.0,1.0,20,0.7,2.0,lb=5/20 w=eq band=0.195 algo=100000 reg=10/60@1.15x0.22 ols=40@0.20z2.00 mpairs=40@0.20k3z1.50c0.65 leadlag=0@1.00k3z1.00c0.06 adapt=10@2.00 vt=20@0.70-2.00,5.71,35.93,0.435,77221319.0,112.23,-2.76,0.1,False
"(5, 20)",,0.195,100000.0,10000.0,1.0,10,0.0,10,60,1.15,0.22,1.0,5,0.0,False,40,0.0,2.0,1.0,0.0,40,0.2,2.0,False,40,0.2,3,1.5,0.65,0,80,1.0,3,1.0,0.1,10,2.0,1.0,1.0,20,0.7,2.0,lb=5/20 w=eq band=0.195 algo=100000 reg=10/60@1.15x0.22 ols=40@0.20z2.00 mpairs=40@0.20k3z1.50c0.65 leadlag=0@1.00k3z1.00c0.10 adapt=10@2.00 vt=20@0.70-2.00,5.71,35.93,0.435,77221319.0,112.23,-2.76,0.1,False
"(5, 20)",,0.195,100000.0,10000.0,1.0,10,0.0,10,60,1.15,0.22,1.0,5,0.0,False,40,0.0,2.0,1.0,0.0,40,0.2,2.0,False,40,0.2,3,1.5,0.65,120,80,0.3,10,1.0,0.1,10,2.0,1.0,1.0,20,0.7,2.0,lb=5/20 w=eq band=0.195 algo=100000 reg=10/60@1.15x0.22 ols=40@0.20z2.00 mpairs=40@0.20k3z1.50c0.65 leadlag=120@0.30k10z1.00c0.10 adapt=10@2.00 vt=20@0.70-2.00,5.49,40.73,0.395,23534449.0,33.66,131.89,-95.56,False
"(5, 20)",,0.195,100000.0,10000.0,1.0,10,0.0,10,60,1.15,0.22,1.0,5,0.0,False,40,0.0,2.0,1.0,0.0,40,0.2,2.0,False,40,0.2,3,1.5,0.65,120,80,0.3,10,1.0,0.03,10,2.0,1.0,1.0,20,0.7,2.0,lb=5/20 w=eq band=0.195 algo=100000 reg=10/60@1.15x0.22 ols=40@0.20z2.00 mpairs=40@0.20k3z1.50c0.65 leadlag=120@0.30k10z1.00c0.03 adapt=10@2.00 vt=20@0.70-2.00,5.13,39.76,0.385,23373184.0,34.02,139.17,-102.98,False
"(5, 20)",,0.195,100000.0,10000.0,1.0,10,0.0,10,60,1.15,0.22,1.0,5,0.0,False,40,0.0,2.0,1.0,0.0,40,0.2,2.0,False,40,0.2,3,1.5,0.65,120,80,0.3,10,1.0,0.06,10,2.0,1.0,1.0,20,0.7,2.0,lb=5/20 w=eq band=0.195 algo=100000 reg=10/60@1.15x0.22 ols=40@0.20z2.00 mpairs=40@0.20k3z1.50c0.65 leadlag=120@0.30k10z1.00c0.06 adapt=10@2.00 vt=20@0.70-2.00,5.13,39.76,0.385,23373184.0,34.02,139.17,-102.98,False
"(5, 20)",,0.195,100000.0,10000.0,1.0,10,0.0,10,60,1.15,0.22,1.0,5,0.0,False,40,0.0,2.0,1.0,0.0,40,0.2,2.0,False,40,0.2,3,1.5,0.65,0,80,0.75,3,0.0,0.03,10,2.0,1.0,1.0,20,0.7,2.0,lb=5/20 w=eq band=0.195 algo=100000 reg=10/60@1.15x0.22 ols=40@0.20z2.00 mpairs=40@0.20k3z1.50c0.65 leadlag=0@0.75k3z0.00c0.03 adapt=10@2.00 vt=20@0.70-2.00,5.05,33.35,0.422,67664948.0,61.87,0.15,2.29,True
"(5, 20)",,0.195,100000.0,10000.0,1.0,10,0.0,10,60,1.15,0.22,1.0,5,0.0,False,40,0.0,2.0,1.0,0.0,40,0.2,2.0,False,40,0.2,3,1.5,0.65,0,80,0.75,3,0.0,0.06,10,2.0,1.0,1.0,20,0.7,2.0,lb=5/20 w=eq band=0.195 algo=100000 reg=10/60@1.15x0.22 ols=40@0.20z2.00 mpairs=40@0.20k3z1.50c0.65 leadlag=0@0.75k3z0.00c0.06 adapt=10@2.00 vt=20@0.70-2.00,5.05,33.35,0.422,67664948.0,61.87,0.15,2.29,True
"(5, 20)",,0.195,100000.0,10000.0,1.0,10,0.0,10,60,1.15,0.22,1.0,5,0.0,False,40,0.0,2.0,1.0,0.0,40,0.2,2.0,False,40,0.2,3,1.5,0.65,0,80,0.75,3,0.0,0.1,10,2.0,1.0,1.0,20,0.7,2.0,lb=5/20 w=eq band=0.195 algo=100000 reg=10/60@1.15x0.22 ols=40@0.20z2.00 mpairs=40@0.20k3z1.50c0.65 leadlag=0@0.75k3z0.00c0.10 adapt=10@2.00 vt=20@0.70-2.00,5.05,33.35,0.422,67664948.0,61.87,0.15,2.29,True
"(5, 20)",,0.195,100000.0,10000.0,1.0,10,0.0,10,60,1.15,0.22,1.0,5,0.0,False,40,0.0,2.0,1.0,0.0,40,0.2,2.0,False,40,0.2,3,1.5,0.65,0,80,0.3,5,0.0,0.03,10,2.0,1.0,1.0,20,0.7,2.0,lb=5/20 w=eq band=0.195 algo=100000 reg=10/60@1.15x0.22 ols=40@0.20z2.00 mpairs=40@0.20k3z1.50c0.65 leadlag=0@0.30k5z0.00c0.03 adapt=10@2.00 vt=20@0.70-2.00,5.02,39.65,0.381,27647189.0,39.57,123.05,-65.49,False
"(5, 20)",,0.195,100000.0,10000.0,1.0,10,0.0,10,60,1.15,0.22,1.0,5,0.0,False,40,0.0,2.0,1.0,0.0,40,0.2,2.0,False,40,0.2,3,1.5,0.65,0,80,0.3,5,0.0,0.06,10,2.0,1.0,1.0,20,0.7,2.0,lb=5/20 w=eq band=0.195 algo=100000 reg=10/60@1.15x0.22 ols=40@0.20z2.00 mpairs=40@0.20k3z1.50c0.65 leadlag=0@0.30k5z0.00c0.06 adapt=10@2.00 vt=20@0.70-2.00,5.02,39.65,0.381,27647189.0,39.57,123.05,-65.49,False
"(5, 20)",,0.195,100000.0,10000.0,1.0,10,0.0,10,60,1.15,0.22,1.0,5,0.0,False,40,0.0,2.0,1.0,0.0,40,0.2,2.0,False,40,0.2,3,1.5,0.65,0,80,0.3,5,0.0,0.1,10,2.0,1.0,1.0,20,0.7,2.0,lb=5/20 w=eq band=0.195 algo=100000 reg=10/60@1.15x0.22 ols=40@0.20z2.00 mpairs=40@0.20k3z1.50c0.65 leadlag=0@0.30k5z0.00c0.10 adapt=10@2.00 vt=20@0.70-2.00,5.02,39.65,0.381,27647189.0,39.57,123.05,-65.49,False
"(5, 20)",,0.195,100000.0,10000.0,1.0,10,0.0,10,60,1.15,0.22,1.0,5,0.0,False,40,0.0,2.0,1.0,0.0,40,0.2,2.0,False,40,0.2,3,1.5,0.65,0,80,1.0,3,0.0,0.03,10,2.0,1.0,1.0,20,0.7,2.0,lb=5/20 w=eq band=0.195 algo=100000 reg=10/60@1.15x0.22 ols=40@0.20z2.00 mpairs=40@0.20k3z1.50c0.65 leadlag=0@1.00k3z0.00c0.03 adapt=10@2.00 vt=20@0.70-2.00,4.61,35.42,0.387,86524426.0,67.72,-25.4,3.5,False
"(5, 20)",,0.195,100000.0,10000.0,1.0,10,0.0,10,60,1.15,0.22,1.0,5,0.0,False,40,0.0,2.0,1.0,0.0,40,0.2,2.0,False,40,0.2,3,1.5,0.65,0,80,1.0,3,0.0,0.06,10,2.0,1.0,1.0,20,0.7,2.0,lb=5/20 w=eq band=0.195 algo=100000 reg=10/60@1.15x0.22 ols=40@0.20z2.00 mpairs=40@0.20k3z1.50c0.65 leadlag=0@1.00k3z0.00c0.06 adapt=10@2.00 vt=20@0.70-2.00,4.61,35.42,0.387,86524426.0,67.72,-25.4,3.5,False
"(5, 20)",,0.195,100000.0,10000.0,1.0,10,0.0,10,60,1.15,0.22,1.0,5,0.0,False,40,0.0,2.0,1.0,0.0,40,0.2,2.0,False,40,0.2,3,1.5,0.65,0,80,1.0,3,0.0,0.1,10,2.0,1.0,1.0,20,0.7,2.0,lb=5/20 w=eq band=0.195 algo=100000 reg=10/60@1.15x0.22 ols=40@0.20z2.00 mpairs=40@0.20k3z1.50c0.65 leadlag=0@1.00k3z0.00c0.10 adapt=10@2.00 vt=20@0.70-2.00,4.61,35.42,0.387,86524426.0,67.72,-25.4,3.5,False
"(5, 20)",,0.195,100000.0,10000.0,1.0,10,0.0,10,60,1.15,0.22,1.0,5,0.0,False,40,0.0,2.0,1.0,0.0,40,0.2,2.0,False,40,0.2,3,1.5,0.65,0,80,0.5,3,0.0,0.03,10,2.0,1.0,1.0,20,0.7,2.0,lb=5/20 w=eq band=0.195 algo=100000 reg=10/60@1.15x0.22 ols=40@0.20z2.00 mpairs=40@0.20k3z1.50c0.65 leadlag=0@0.50k3z0.00c0.03 adapt=10@2.00 vt=20@0.70-2.00,4.61,33.36,0.401,43845171.0,33.94,63.91,-28.77,False
"(5, 20)",,0.195,100000.0,10000.0,1.0,10,0.0,10,60,1.15,0.22,1.0,5,0.0,False,40,0.0,2.0,1.0,0.0,40,0.2,2.0,False,40,0.2,3,1.5,0.65,0,80,0.5,3,0.0,0.06,10,2.0,1.0,1.0,20,0.7,2.0,lb=5/20 w=eq band=0.195 algo=100000 reg=10/60@1.15x0.22 ols=40@0.20z2.00 mpairs=40@0.20k3z1.50c0.65 leadlag=0@0.50k3z0.00c0.06 adapt=10@2.00 vt=20@0.70-2.00,4.61,33.36,0.401,43845171.0,33.94,63.91,-28.77,False
"(5, 20)",,0.195,100000.0,10000.0,1.0,10,0.0,10,60,1.15,0.22,1.0,5,0.0,False,40,0.0,2.0,1.0,0.0,40,0.2,2.0,False,40,0.2,3,1.5,0.65,0,80,0.5,3,0.0,0.1,10,2.0,1.0,1.0,20,0.7,2.0,lb=5/20 w=eq band=0.195 algo=100000 reg=10/60@1.15x0.22 ols=40@0.20z2.00 mpairs=40@0.20k3z1.50c0.65 leadlag=0@0.50k3z0.00c0.10 adapt=10@2.00 vt=20@0.70-2.00,4.61,33.36,0.401,43845171.0,33.94,63.91,-28.77,False
"(5, 20)",,0.195,100000.0,10000.0,1.0,10,0.0,10,60,1.15,0.22,1.0,5,0.0,False,40,0.0,2.0,1.0,0.0,40,0.2,2.0,False,40,0.2,3,1.5,0.65,120,80,0.15,5,0.0,0.1,10,2.0,1.0,1.0,20,0.7,2.0,lb=5/20 w=eq band=0.195 algo=100000 reg=10/60@1.15x0.22 ols=40@0.20z2.00 mpairs=40@0.20k3z1.50c0.65 leadlag=120@0.15k5z0.00c0.10 adapt=10@2.00 vt=20@0.70-2.00,4.42,41.52,0.345,25843793.0,46.02,169.03,-121.18,False
"(5, 20)",,0.195,100000.0,10000.0,1.0,10,0.0,10,60,1.15,0.22,1.0,5,0.0,False,40,0.0,2.0,1.0,0.0,40,0.2,2.0,False,40,0.2,3,1.5,0.65,120,80,0.15,5,0.0,0.03,10,2.0,1.0,1.0,20,0.7,2.0,lb=5/20 w=eq band=0.195 algo=100000 reg=10/60@1.15x0.22 ols=40@0.20z2.00 mpairs=40@0.20k3z1.50c0.65 leadlag=120@0.15k5z0.00c0.03 adapt=10@2.00 vt=20@0.70-2.00,4.39,41.39,0.344,25839298.0,45.49,168.82,-121.3,False
"(5, 20)",,0.195,100000.0,10000.0,1.0,10,0.0,10,60,1.15,0.22,1.0,5,0.0,False,40,0.0,2.0,1.0,0.0,40,0.2,2.0,False,40,0.2,3,1.5,0.65,120,80,0.15,5,0.0,0.06,10,2.0,1.0,1.0,20,0.7,2.0,lb=5/20 w=eq band=0.195 algo=100000 reg=10/60@1.15x0.22 ols=40@0.20z2.00 mpairs=40@0.20k3z1.50c0.65 leadlag=120@0.15k5z0.00c0.06 adapt=10@2.00 vt=20@0.70-2.00,4.39,41.39,0.344,25839298.0,45.49,168.82,-121.3,False
"(5, 20)",,0.195,100000.0,10000.0,1.0,10,0.0,10,60,1.15,0.22,1.0,5,0.0,False,40,0.0,2.0,1.0,0.0,40,0.2,2.0,False,40,0.2,3,1.5,0.65,0,80,0.75,1,0.5,0.03,10,2.0,1.0,1.0,20,0.7,2.0,lb=5/20 w=eq band=0.195 algo=100000 reg=10/60@1.15x0.22 ols=40@0.20z2.00 mpairs=40@0.20k3z1.50c0.65 leadlag=0@0.75k1z0.50c0.03 adapt=10@2.00 vt=20@0.70-2.00,4.38,32.47,0.395,83590312.0,85.69,8.54,-47.26,False
"(5, 20)",,0.195,100000.0,10000.0,1.0,10,0.0,10,60,1.15,0.22,1.0,5,0.0,False,40,0.0,2.0,1.0,0.0,40,0.2,2.0,False,40,0.2,3,1.5,0.65,0,80,0.75,1,0.5,0.06,10,2.0,1.0,1.0,20,0.7,2.0,lb=5/20 w=eq band=0.195 algo=100000 reg=10/60@1.15x0.22 ols=40@0.20z2.00 mpairs=40@0.20k3z1.50c0.65 leadlag=0@0.75k1z0.50c0.06 adapt=10@2.00 vt=20@0.70-2.00,4.38,32.47,0.395,83590312.0,85.69,8.54,-47.26,False
"(5, 20)",,0.195,100000.0,10000.0,1.0,10,0.0,10,60,1.15,0.22,1.0,5,0.0,False,40,0.0,2.0,1.0,0.0,40,0.2,2.0,False,40,0.2,3,1.5,0.65,0,80,0.75,1,0.5,0.1,10,2.0,1.0,1.0,20,0.7,2.0,lb=5/20 w=eq band=0.195 algo=100000 reg=10/60@1.15x0.22 ols=40@0.20z2.00 mpairs=40@0.20k3z1.50c0.65 leadlag=0@0.75k1z0.50c0.10 adapt=10@2.00 vt=20@0.70-2.00,4.38,32.47,0.395,83590312.0,85.69,8.54,-47.26,False
"(5, 20)",,0.195,100000.0,10000.0,1.0,10,0.0,10,60,1.15,0.22,1.0,5,0.0,False,40,0.0,2.0,1.0,0.0,40,0.2,2.0,False,40,0.2,3,1.5,0.65,120,80,0.15,10,0.5,0.03,10,2.0,1.0,1.0,20,0.7,2.0,lb=5/20 w=eq band=0.195 algo=100000 reg=10/60@1.15x0.22 ols=40@0.20z2.00 mpairs=40@0.20k3z1.50c0.65 leadlag=120@0.15k10z0.50c0.03 adapt=10@2.00 vt=20@0.70-2.00,4.26,40.65,0.342,24845876.0,20.39,169.61,-124.36,False
"(5, 20)",,0.195,100000.0,10000.0,1.0,10,0.0,10,60,1.15,0.22,1.0,5,0.0,False,40,0.0,2.0,1.0,0.0,40,0.2,2.0,False,40,0.2,3,1.5,0.65,120,80,0.15,10,0.5,0.06,10,2.0,1.0,1.0,20,0.7,2.0,lb=5/20 w=eq band=0.195 algo=100000 reg=10/60@1.15x0.22 ols=40@0.20z2.00 mpairs=40@0.20k3z1.50c0.65 leadlag=120@0.15k10z0.50c0.06 adapt=10@2.00 vt=20@0.70-2.00,4.26,40.65,0.342,24845876.0,20.39,169.61,-124.36,False
"(5, 20)",,0.195,100000.0,10000.0,1.0,10,0.0,10,60,1.15,0.22,1.0,5,0.0,False,40,0.0,2.0,1.0,0.0,40,0.2,2.0,False,40,0.2,3,1.5,0.65,0,80,0.15,10,0.0,0.03,10,2.0,1.0,1.0,20,0.7,2.0,lb=5/20 w=eq band=0.195 algo=100000 reg=10/60@1.15x0.22 ols=40@0.20z2.00 mpairs=40@0.20k3z1.50c0.65 leadlag=0@0.15k10z0.00c0.03 adapt=10@2.00 vt=20@0.70-2.00,4.09,39.82,0.339,24570323.0,38.92,163.46,-103.26,False
"(5, 20)",,0.195,100000.0,10000.0,1.0,10,0.0,10,60,1.15,0.22,1.0,5,0.0,False,40,0.0,2.0,1.0,0.0,40,0.2,2.0,False,40,0.2,3,1.5,0.65,0,80,0.15,10,0.0,0.06,10,2.0,1.0,1.0,20,0.7,2.0,lb=5/20 w=eq band=0.195 algo=100000 reg=10/60@1.15x0.22 ols=40@0.20z2.00 mpairs=40@0.20k3z1.50c0.65 leadlag=0@0.15k10z0.00c0.06 adapt=10@2.00 vt=20@0.70-2.00,4.09,39.82,0.339,24570323.0,38.92,163.46,-103.26,False
"(5, 20)",,0.195,100000.0,10000.0,1.0,10,0.0,10,60,1.15,0.22,1.0,5,0.0,False,40,0.0,2.0,1.0,0.0,40,0.2,2.0,False,40,0.2,3,1.5,0.65,120,80,0.15,10,0.5,0.1,10,2.0,1.0,1.0,20,0.7,2.0,lb=5/20 w=eq band=0.195 algo=100000 reg=10/60@1.15x0.22 ols=40@0.20z2.00 mpairs=40@0.20k3z1.50c0.65 leadlag=120@0.15k10z0.50c0.10 adapt=10@2.00 vt=20@0.70-2.00,3.94,39.57,0.333,24912729.0,20.73,171.26,-128.2,False
"(5, 20)",,0.195,100000.0,10000.0,1.0,10,0.0,10,60,1.15,0.22,1.0,5,0.0,False,40,0.0,2.0,1.0,0.0,40,0.2,2.0,False,40,0.2,3,1.5,0.65,0,80,0.15,10,0.0,0.1,10,2.0,1.0,1.0,20,0.7,2.0,lb=5/20 w=eq band=0.195 algo=100000 reg=10/60@1.15x0.22 ols=40@0.20z2.00 mpairs=40@0.20k3z1.50c0.65 leadlag=0@0.15k10z0.00c0.10 adapt=10@2.00 vt=20@0.70-2.00,3.88,39.04,0.332,24567921.0,38.65,163.67,-105.43,False
"(5, 20)",,0.195,100000.0,10000.0,1.0,10,0.0,10,60,1.15,0.22,1.0,5,0.0,False,40,0.0,2.0,1.0,0.0,40,0.2,2.0,False,40,0.2,3,1.5,0.65,0,80,0.3,1,0.5,0.03,10,2.0,1.0,1.0,20,0.7,2.0,lb=5/20 w=eq band=0.195 algo=100000 reg=10/60@1.15x0.22 ols=40@0.20z2.00 mpairs=40@0.20k3z1.50c0.65 leadlag=0@0.30k1z0.50c0.03 adapt=10@2.00 vt=20@0.70-2.00,3.17,33.73,0.322,36485655.0,25.4,85.88,-73.9,False
"(5, 20)",,0.195,100000.0,10000.0,1.0,10,0.0,10,60,1.15,0.22,1.0,5,0.0,False,40,0.0,2.0,1.0,0.0,40,0.2,2.0,False,40,0.2,3,1.5,0.65,0,80,0.3,1,0.5,0.06,10,2.0,1.0,1.0,20,0.7,2.0,lb=5/20 w=eq band=0.195 algo=100000 reg=10/60@1.15x0.22 ols=40@0.20z2.00 mpairs=40@0.20k3z1.50c0.65 leadlag=0@0.30k1z0.50c0.06 adapt=10@2.00 vt=20@0.70-2.00,3.17,33.73,0.322,36485655.0,25.4,85.88,-73.9,False
"(5, 20)",,0.195,100000.0,10000.0,1.0,10,0.0,10,60,1.15,0.22,1.0,5,0.0,False,40,0.0,2.0,1.0,0.0,40,0.2,2.0,False,40,0.2,3,1.5,0.65,0,80,0.3,1,0.5,0.1,10,2.0,1.0,1.0,20,0.7,2.0,lb=5/20 w=eq band=0.195 algo=100000 reg=10/60@1.15x0.22 ols=40@0.20z2.00 mpairs=40@0.20k3z1.50c0.65 leadlag=0@0.30k1z0.50c0.10 adapt=10@2.00 vt=20@0.70-2.00,3.17,33.73,0.322,36485655.0,25.4,85.88,-73.9,False
"(5, 20)",,0.195,100000.0,10000.0,1.0,10,0.0,10,60,1.15,0.22,1.0,5,0.0,False,40,0.0,2.0,1.0,0.0,40,0.2,2.0,False,40,0.2,3,1.5,0.65,0,80,0.15,10,0.5,0.03,10,2.0,1.0,1.0,20,0.7,2.0,lb=5/20 w=eq band=0.195 algo=100000 reg=10/60@1.15x0.22 ols=40@0.20z2.00 mpairs=40@0.20k3z1.50c0.65 leadlag=0@0.15k10z0.50c0.03 adapt=10@2.00 vt=20@0.70-2.00,3.09,36.02,0.306,24543088.0,43.11,161.62,-117.77,False
"(5, 20)",,0.195,100000.0,10000.0,1.0,10,0.0,10,60,1.15,0.22,1.0,5,0.0,False,40,0.0,2.0,1.0,0.0,40,0.2,2.0,False,40,0.2,3,1.5,0.65,0,80,0.15,10,0.5,0.06,10,2.0,1.0,1.0,20,0.7,2.0,lb=5/20 w=eq band=0.195 algo=100000 reg=10/60@1.15x0.22 ols=40@0.20z2.00 mpairs=40@0.20k3z1.50c0.65 leadlag=0@0.15k10z0.50c0.06 adapt=10@2.00 vt=20@0.70-2.00,3.09,36.02,0.306,24543088.0,43.11,161.62,-117.77,False
"(5, 20)",,0.195,100000.0,10000.0,1.0,10,0.0,10,60,1.15,0.22,1.0,5,0.0,False,40,0.0,2.0,1.0,0.0,40,0.2,2.0,False,40,0.2,3,1.5,0.65,0,80,0.15,10,0.5,0.1,10,2.0,1.0,1.0,20,0.7,2.0,lb=5/20 w=eq band=0.195 algo=100000 reg=10/60@1.15x0.22 ols=40@0.20z2.00 mpairs=40@0.20k3z1.50c0.65 leadlag=0@0.15k10z0.50c0.10 adapt=10@2.00 vt=20@0.70-2.00,3.02,35.72,0.304,24547161.0,42.79,161.95,-119.34,False
"(5, 20)",,0.195,100000.0,10000.0,1.0,10,0.0,10,60,1.15,0.22,1.0,5,0.0,False,40,0.0,2.0,1.0,0.0,40,0.2,2.0,False,40,0.2,3,1.5,0.65,120,80,0.15,5,0.5,0.03,10,2.0,1.0,1.0,20,0.7,2.0,lb=5/20 w=eq band=0.195 algo=100000 reg=10/60@1.15x0.22 ols=40@0.20z2.00 mpairs=40@0.20k3z1.50c0.65 leadlag=120@0.15k5z0.50c0.03 adapt=10@2.00 vt=20@0.70-2.00,2.98,35.83,0.301,25666758.0,27.4,157.04,-119.39,False
"(5, 20)",,0.195,100000.0,10000.0,1.0,10,0.0,10,60,1.15,0.22,1.0,5,0.0,False,40,0.0,2.0,1.0,0.0,40,0.2,2.0,False,40,0.2,3,1.5,0.65,120,80,0.15,5,0.5,0.06,10,2.0,1.0,1.0,20,0.7,2.0,lb=5/20 w=eq band=0.195 algo=100000 reg=10/60@1.15x0.22 ols=40@0.20z2.00 mpairs=40@0.20k3z1.50c0.65 leadlag=120@0.15k5z0.50c0.06 adapt=10@2.00 vt=20@0.70-2.00,2.98,35.83,0.301,25666758.0,27.4,157.04,-119.39,False
"(5, 20)",,0.195,100000.0,10000.0,1.0,10,0.0,10,60,1.15,0.22,1.0,5,0.0,False,40,0.0,2.0,1.0,0.0,40,0.2,2.0,False,40,0.2,3,1.5,0.65,120,80,0.15,5,0.5,0.1,10,2.0,1.0,1.0,20,0.7,2.0,lb=5/20 w=eq band=0.195 algo=100000 reg=10/60@1.15x0.22 ols=40@0.20z2.00 mpairs=40@0.20k3z1.50c0.65 leadlag=120@0.15k5z0.50c0.10 adapt=10@2.00 vt=20@0.70-2.00,2.92,35.55,0.299,25665262.0,27.88,156.38,-119.48,False
"(5, 20)",,0.195,100000.0,10000.0,1.0,10,0.0,10,60,1.15,0.22,1.0,5,0.0,False,40,0.0,2.0,1.0,0.0,40,0.2,2.0,False,40,0.2,3,1.5,0.65,0,80,0.15,5,0.5,0.03,10,2.0,1.0,1.0,20,0.7,2.0,lb=5/20 w=eq band=0.195 algo=100000 reg=10/60@1.15x0.22 ols=40@0.20z2.00 mpairs=40@0.20k3z1.50c0.65 leadlag=0@0.15k5z0.50c0.03 adapt=10@2.00 vt=20@0.70-2.00,2.91,35.66,0.298,25490480.0,33.18,155.3,-117.77,False
"(5, 20)",,0.195,100000.0,10000.0,1.0,10,0.0,10,60,1.15,0.22,1.0,5,0.0,False,40,0.0,2.0,1.0,0.0,40,0.2,2.0,False,40,0.2,3,1.5,0.65,0,80,0.15,5,0.5,0.06,10,2.0,1.0,1.0,20,0.7,2.0,lb=5/20 w=eq band=0.195 algo=100000 reg=10/60@1.15x0.22 ols=40@0.20z2.00 mpairs=40@0.20k3z1.50c0.65 leadlag=0@0.15k5z0.50c0.06 adapt=10@2.00 vt=20@0.70-2.00,2.91,35.66,0.298,25490480.0,33.18,155.3,-117.77,False
"(5, 20)",,0.195,100000.0,10000.0,1.0,10,0.0,10,60,1.15,0.22,1.0,5,0.0,False,40,0.0,2.0,1.0,0.0,40,0.2,2.0,False,40,0.2,3,1.5,0.65,0,80,0.15,5,0.5,0.1,10,2.0,1.0,1.0,20,0.7,2.0,lb=5/20 w=eq band=0.195 algo=100000 reg=10/60@1.15x0.22 ols=40@0.20z2.00 mpairs=40@0.20k3z1.50c0.65 leadlag=0@0.15k5z0.50c0.10 adapt=10@2.00 vt=20@0.70-2.00,2.91,35.66,0.298,25490480.0,33.18,155.3,-117.77,False
"(5, 20)",,0.195,100000.0,10000.0,1.0,10,0.0,10,60,1.15,0.22,1.0,5,0.0,False,40,0.0,2.0,1.0,0.0,40,0.2,2.0,False,40,0.2,3,1.5,0.65,0,80,1.0,3,0.5,0.03,10,2.0,1.0,1.0,20,0.7,2.0,lb=5/20 w=eq band=0.195 algo=100000 reg=10/60@1.15x0.22 ols=40@0.20z2.00 mpairs=40@0.20k3z1.50c0.65 leadlag=0@1.00k3z0.50c0.03 adapt=10@2.00 vt=20@0.70-2.00,2.75,28.65,0.326,84695372.0,107.29,-35.73,3.79,False
"(5, 20)",,0.195,100000.0,10000.0,1.0,10,0.0,10,60,1.15,0.22,1.0,5,0.0,False,40,0.0,2.0,1.0,0.0,40,0.2,2.0,False,40,0.2,3,1.5,0.65,0,80,1.0,3,0.5,0.06,10,2.0,1.0,1.0,20,0.7,2.0,lb=5/20 w=eq band=0.195 algo=100000 reg=10/60@1.15x0.22 ols=40@0.20z2.00 mpairs=40@0.20k3z1.50c0.65 leadlag=0@1.00k3z0.50c0.06 adapt=10@2.00 vt=20@0.70-2.00,2.75,28.65,0.326,84695372.0,107.29,-35.73,3.79,False
"(5, 20)",,0.195,100000.0,10000.0,1.0,10,0.0,10,60,1.15,0.22,1.0,5,0.0,False,40,0.0,2.0,1.0,0.0,40,0.2,2.0,False,40,0.2,3,1.5,0.65,0,80,1.0,3,0.5,0.1,10,2.0,1.0,1.0,20,0.7,2.0,lb=5/20 w=eq band=0.195 algo=100000 reg=10/60@1.15x0.22 ols=40@0.20z2.00 mpairs=40@0.20k3z1.50c0.65 leadlag=0@1.00k3z0.50c0.10 adapt=10@2.00 vt=20@0.70-2.00,2.75,28.65,0.326,84695372.0,107.29,-35.73,3.79,False
"(5, 20)",,0.195,100000.0,10000.0,1.0,10,0.0,10,60,1.15,0.22,1.0,5,0.0,False,40,0.0,2.0,1.0,0.0,40,0.2,2.0,False,40,0.2,3,1.5,0.65,120,80,0.3,1,1.0,0.03,10,2.0,1.0,1.0,20,0.7,2.0,lb=5/20 w=eq band=0.195 algo=100000 reg=10/60@1.15x0.22 ols=40@0.20z2.00 mpairs=40@0.20k3z1.50c0.65 leadlag=120@0.30k1z1.00c0.03 adapt=10@2.00 vt=20@0.70-2.00,2.71,31.79,0.306,30074229.0,8.83,56.14,-39.33,False
"(5, 20)",,0.195,100000.0,10000.0,1.0,10,0.0,10,60,1.15,0.22,1.0,5,0.0,False,40,0.0,2.0,1.0,0.0,40,0.2,2.0,False,40,0.2,3,1.5,0.65,120,80,0.3,1,1.0,0.06,10,2.0,1.0,1.0,20,0.7,2.0,lb=5/20 w=eq band=0.195 algo=100000 reg=10/60@1.15x0.22 ols=40@0.20z2.00 mpairs=40@0.20k3z1.50c0.65 leadlag=120@0.30k1z1.00c0.06 adapt=10@2.00 vt=20@0.70-2.00,2.71,31.79,0.306,30074229.0,8.83,56.14,-39.33,False
"(5, 20)",,0.195,100000.0,10000.0,1.0,10,0.0,10,60,1.15,0.22,1.0,5,0.0,False,40,0.0,2.0,1.0,0.0,40,0.2,2.0,False,40,0.2,3,1.5,0.65,120,80,0.3,1,1.0,0.1,10,2.0,1.0,1.0,20,0.7,2.0,lb=5/20 w=eq band=0.195 algo=100000 reg=10/60@1.15x0.22 ols=40@0.20z2.00 mpairs=40@0.20k3z1.50c0.65 leadlag=120@0.30k1z1.00c0.10 adapt=10@2.00 vt=20@0.70-2.00,2.71,31.79,0.306,30074229.0,8.83,56.14,-39.33,False
"(5, 20)",,0.195,100000.0,10000.0,1.0,10,0.0,10,60,1.15,0.22,1.0,5,0.0,False,40,0.0,2.0,1.0,0.0,40,0.2,2.0,False,40,0.2,3,1.5,0.65,0,80,0.3,10,0.0,0.03,10,2.0,1.0,1.0,20,0.7,2.0,lb=5/20 w=eq band=0.195 algo=100000 reg=10/60@1.15x0.22 ols=40@0.20z2.00 mpairs=40@0.20k3z1.50c0.65 leadlag=0@0.30k10z0.00c0.03 adapt=10@2.00 vt=20@0.70-2.00,2.47,30.37,0.297,24416741.0,35.21,157.08,-107.95,False
"(5, 20)",,0.195,100000.0,10000.0,1.0,10,0.0,10,60,1.15,0.22,1.0,5,0.0,False,40,0.0,2.0,1.0,0.0,40,0.2,2.0,False,40,0.2,3,1.5,0.65,0,80,0.3,10,0.0,0.06,10,2.0,1.0,1.0,20,0.7,2.0,lb=5/20 w=eq band=0.195 algo=100000 reg=10/60@1.15x0.22 ols=40@0.20z2.00 mpairs=40@0.20k3z1.50c0.65 leadlag=0@0.30k10z0.00c0.06 adapt=10@2.00 vt=20@0.70-2.00,2.47,30.37,0.297,24416741.0,35.21,157.08,-107.95,False
"(5, 20)",,0.195,100000.0,10000.0,1.0,10,0.0,10,60,1.15,0.22,1.0,5,0.0,False,40,0.0,2.0,1.0,0.0,40,0.2,2.0,False,40,0.2,3,1.5,0.65,0,80,0.3,10,0.0,0.1,10,2.0,1.0,1.0,20,0.7,2.0,lb=5/20 w=eq band=0.195 algo=100000 reg=10/60@1.15x0.22 ols=40@0.20z2.00 mpairs=40@0.20k3z1.50c0.65 leadlag=0@0.30k10z0.00c0.10 adapt=10@2.00 vt=20@0.70-2.00,2.41,30.1,0.295,24418261.0,37.11,156.96,-108.18,False
"(5, 20)",,0.195,100000.0,10000.0,1.0,10,0.0,10,60,1.15,0.22,1.0,5,0.0,False,40,0.0,2.0,1.0,0.0,40,0.2,2.0,False,40,0.2,3,1.5,0.65,0,80,0.15,5,0.0,0.03,10,2.0,1.0,1.0,20,0.7,2.0,lb=5/20 w=eq band=0.195 algo=100000 reg=10/60@1.15x0.22 ols=40@0.20z2.00 mpairs=40@0.20k3z1.50c0.65 leadlag=0@0.15k5z0.00c0.03 adapt=10@2.00 vt=20@0.70-2.00,2.32,33.01,0.275,25408532.0,21.45,149.78,-113.62,False
"(5, 20)",,0.195,100000.0,10000.0,1.0,10,0.0,10,60,1.15,0.22,1.0,5,0.0,False,40,0.0,2.0,1.0,0.0,40,0.2,2.0,False,40,0.2,3,1.5,0.65,0,80,0.15,5,0.0,0.06,10,2.0,1.0,1.0,20,0.7,2.0,lb=5/20 w=eq band=0.195 algo=100000 reg=10/60@1.15x0.22 ols=40@0.20z2.00 mpairs=40@0.20k3z1.50c0.65 leadlag=0@0.15k5z0.00c0.06 adapt=10@2.00 vt=20@0.70-2.00,2.32,33.01,0.275,25408532.0,21.45,149.78,-113.62,False
"(5, 20)",,0.195,100000.0,10000.0,1.0,10,0.0,10,60,1.15,0.22,1.0,5,0.0,False,40,0.0,2.0,1.0,0.0,40,0.2,2.0,False,40,0.2,3,1.5,0.65,0,80,0.15,5,0.0,0.1,10,2.0,1.0,1.0,20,0.7,2.0,lb=5/20 w=eq band=0.195 algo=100000 reg=10/60@1.15x0.22 ols=40@0.20z2.00 mpairs=40@0.20k3z1.50c0.65 leadlag=0@0.15k5z0.00c0.10 adapt=10@2.00 vt=20@0.70-2.00,2.32,33.01,0.275,25408532.0,21.45,149.78,-113.62,False
"(5, 20)",,0.195,100000.0,10000.0,1.0,10,0.0,10,60,1.15,0.22,1.0,5,0.0,False,40,0.0,2.0,1.0,0.0,40,0.2,2.0,False,40,0.2,3,1.5,0.65,0,80,0.5,1,1.0,0.03,10,2.0,1.0,1.0,20,0.7,2.0,lb=5/20 w=eq band=0.195 algo=100000 reg=10/60@1.15x0.22 ols=40@0.20z2.00 mpairs=40@0.20k3z1.50c0.65 leadlag=0@0.50k1z1.00c0.03 adapt=10@2.00 vt=20@0.70-2.00,2.14,25.34,0.304,43505129.0,123.95,87.1,-125.08,False
"(5, 20)",,0.195,100000.0,10000.0,1.0,10,0.0,10,60,1.15,0.22,1.0,5,0.0,False,40,0.0,2.0,1.0,0.0,40,0.2,2.0,False,40,0.2,3,1.5,0.65,0,80,0.5,1,1.0,0.06,10,2.0,1.0,1.0,20,0.7,2.0,lb=5/20 w=eq band=0.195 algo=100000 reg=10/60@1.15x0.22 ols=40@0.20z2.00 mpairs=40@0.20k3z1.50c0.65 leadlag=0@0.50k1z1.00c0.06 adapt=10@2.00 vt=20@0.70-2.00,2.14,25.34,0.304,43505129.0,123.95,87.1,-125.08,False
"(5, 20)",,0.195,100000.0,10000.0,1.0,10,0.0,10,60,1.15,0.22,1.0,5,0.0,False,40,0.0,2.0,1.0,0.0,40,0.2,2.0,False,40,0.2,3,1.5,0.65,0,80,0.5,1,1.0,0.1,10,2.0,1.0,1.0,20,0.7,2.0,lb=5/20 w=eq band=0.195 algo=100000 reg=10/60@1.15x0.22 ols=40@0.20z2.00 mpairs=40@0.20k3z1.50c0.65 leadlag=0@0.50k1z1.00c0.10 adapt=10@2.00 vt=20@0.70-2.00,2.14,25.34,0.304,43505129.0,123.95,87.1,-125.08,False
"(5, 20)",,0.195,100000.0,10000.0,1.0,10,0.0,10,60,1.15,0.22,1.0,5,0.0,False,40,0.0,2.0,1.0,0.0,40,0.2,2.0,False,40,0.2,3,1.5,0.65,120,80,0.15,5,1.0,0.03,10,2.0,1.0,1.0,20,0.7,2.0,lb=5/20 w=eq band=0.195 algo=100000 reg=10/60@1.15x0.22 ols=40@0.20z2.00 mpairs=40@0.20k3z1.50c0.65 leadlag=120@0.15k5z1.00c0.03 adapt=10@2.00 vt=20@0.70-2.00,2.1,31.77,0.266,25097089.0,33.51,182.91,-158.12,False
"(5, 20)",,0.195,100000.0,10000.0,1.0,10,0.0,10,60,1.15,0.22,1.0,5,0.0,False,40,0.0,2.0,1.0,0.0,40,0.2,2.0,False,40,0.2,3,1.5,0.65,120,80,0.15,5,1.0,0.06,10,2.0,1.0,1.0,20,0.7,2.0,lb=5/20 w=eq band=0.195 algo=100000 reg=10/60@1.15x0.22 ols=40@0.20z2.00 mpairs=40@0.20k3z1.50c0.65 leadlag=120@0.15k5z1.00c0.06 adapt=10@2.00 vt=20@0.70-2.00,2.1,31.77,0.266,25097089.0,33.51,182.91,-158.12,False
"(5, 20)",,0.195,100000.0,10000.0,1.0,10,0.0,10,60,1.15,0.22,1.0,5,0.0,False,40,0.0,2.0,1.0,0.0,40,0.2,2.0,False,40,0.2,3,1.5,0.65,120,80,0.15,5,1.0,0.1,10,2.0,1.0,1.0,20,0.7,2.0,lb=5/20 w=eq band=0.195 algo=100000 reg=10/60@1.15x0.22 ols=40@0.20z2.00 mpairs=40@0.20k3z1.50c0.65 leadlag=120@0.15k5z1.00c0.10 adapt=10@2.00 vt=20@0.70-2.00,2.07,31.61,0.265,25094514.0,33.65,182.98,-158.24,False
"(5, 20)",,0.195,100000.0,10000.0,1.0,10,0.0,10,60,1.15,0.22,1.0,5,0.0,False,40,0.0,2.0,1.0,0.0,40,0.2,2.0,False,40,0.2,3,1.5,0.65,0,80,1.0,1,0.5,0.03,10,2.0,1.0,1.0,20,0.7,2.0,lb=5/20 w=eq band=0.195 algo=100000 reg=10/60@1.15x0.22 ols=40@0.20z2.00 mpairs=40@0.20k3z1.50c0.65 leadlag=0@1.00k1z0.50c0.03 adapt=10@2.00 vt=20@0.70-2.00,1.82,25.13,0.28,100086642.0,104.3,0.13,-43.92,False
"(5, 20)",,0.195,100000.0,10000.0,1.0,10,0.0,10,60,1.15,0.22,1.0,5,0.0,False,40,0.0,2.0,1.0,0.0,40,0.2,2.0,False,40,0.2,3,1.5,0.65,0,80,1.0,1,0.5,0.06,10,2.0,1.0,1.0,20,0.7,2.0,lb=5/20 w=eq band=0.195 algo=100000 reg=10/60@1.15x0.22 ols=40@0.20z2.00 mpairs=40@0.20k3z1.50c0.65 leadlag=0@1.00k1z0.50c0.06 adapt=10@2.00 vt=20@0.70-2.00,1.82,25.13,0.28,100086642.0,104.3,0.13,-43.92,False
"(5, 20)",,0.195,100000.0,10000.0,1.0,10,0.0,10,60,1.15,0.22,1.0,5,0.0,False,40,0.0,2.0,1.0,0.0,40,0.2,2.0,False,40,0.2,3,1.5,0.65,0,80,1.0,1,0.5,0.1,10,2.0,1.0,1.0,20,0.7,2.0,lb=5/20 w=eq band=0.195 algo=100000 reg=10/60@1.15x0.22 ols=40@0.20z2.00 mpairs=40@0.20k3z1.50c0.65 leadlag=0@1.00k1z0.50c0.10 adapt=10@2.00 vt=20@0.70-2.00,1.82,25.13,0.28,100086642.0,104.3,0.13,-43.92,False
"(5, 20)",,0.195,100000.0,10000.0,1.0,10,0.0,10,60,1.15,0.22,1.0,5,0.0,False,40,0.0,2.0,1.0,0.0,40,0.2,2.0,False,40,0.2,3,1.5,0.65,0,80,0.3,1,0.0,0.03,10,2.0,1.0,1.0,20,0.7,2.0,lb=5/20 w=eq band=0.195 algo=100000 reg=10/60@1.15x0.22 ols=40@0.20z2.00 mpairs=40@0.20k3z1.50c0.65 leadlag=0@0.30k1z0.00c0.03 adapt=10@2.00 vt=20@0.70-2.00,1.82,28.13,0.263,37434496.0,26.96,97.9,-112.42,False
"(5, 20)",,0.195,100000.0,10000.0,1.0,10,0.0,10,60,1.15,0.22,1.0,5,0.0,False,40,0.0,2.0,1.0,0.0,40,0.2,2.0,False,40,0.2,3,1.5,0.65,0,80,0.3,1,0.0,0.06,10,2.0,1.0,1.0,20,0.7,2.0,lb=5/20 w=eq band=0.195 algo=100000 reg=10/60@1.15x0.22 ols=40@0.20z2.00 mpairs=40@0.20k3z1.50c0.65 leadlag=0@0.30k1z0.00c0.06 adapt=10@2.00 vt=20@0.70-2.00,1.82,28.13,0.263,37434496.0,26.96,97.9,-112.42,False
"(5, 20)",,0.195,100000.0,10000.0,1.0,10,0.0,10,60,1.15,0.22,1.0,5,0.0,False,40,0.0,2.0,1.0,0.0,40,0.2,2.0,False,40,0.2,3,1.5,0.65,0,80,0.3,1,0.0,0.1,10,2.0,1.0,1.0,20,0.7,2.0,lb=5/20 w=eq band=0.195 algo=100000 reg=10/60@1.15x0.22 ols=40@0.20z2.00 mpairs=40@0.20k3z1.50c0.65 leadlag=0@0.30k1z0.00c0.10 adapt=10@2.00 vt=20@0.70-2.00,1.82,28.13,0.263,37434496.0,26.96,97.9,-112.42,False
"(5, 20)",,0.195,100000.0,10000.0,1.0,10,0.0,10,60,1.15,0.22,1.0,5,0.0,False,40,0.0,2.0,1.0,0.0,40,0.2,2.0,False,40,0.2,3,1.5,0.65,120,80,0.15,10,0.0,0.03,10,2.0,1.0,1.0,20,0.7,2.0,lb=5/20 w=eq band=0.195 algo=100000 reg=10/60@1.15x0.22 ols=40@0.20z2.00 mpairs=40@0.20k3z1.50c0.65 leadlag=120@0.15k10z0.00c0.03 adapt=10@2.00 vt=20@0.70-2.00,1.76,29.7,0.251,24683142.0,22.79,154.14,-134.27,False
"(5, 20)",,0.195,100000.0,10000.0,1.0,10,0.0,10,60,1.15,0.22,1.0,5,0.0,False,40,0.0,2.0,1.0,0.0,40,0.2,2.0,False,40,0.2,3,1.5,0.65,120,80,0.15,10,0.0,0.06,10,2.0,1.0,1.0,20,0.7,2.0,lb=5/20 w=eq band=0.195 algo=100000 reg=10/60@1.15x0.22 ols=40@0.20z2.00 mpairs=40@0.20k3z1.50c0.65 leadlag=120@0.15k10z0.00c0.06 adapt=10@2.00 vt=20@0.70-2.00,1.76,29.7,0.251,24683142.0,22.79,154.14,-134.27,False
"(5, 20)",,0.195,100000.0,10000.0,1.0,10,0.0,10,60,1.15,0.22,1.0,5,0.0,False,40,0.0,2.0,1.0,0.0,40,0.2,2.0,False,40,0.2,3,1.5,0.65,120,80,0.15,10,0.0,0.1,10,2.0,1.0,1.0,20,0.7,2.0,lb=5/20 w=eq band=0.195 algo=100000 reg=10/60@1.15x0.22 ols=40@0.20z2.00 mpairs=40@0.20k3z1.50c0.65 leadlag=120@0.15k10z0.00c0.10 adapt=10@2.00 vt=20@0.70-2.00,1.65,29.09,0.246,24719315.0,23.66,157.51,-140.89,False
"(5, 20)",,0.195,100000.0,10000.0,1.0,10,0.0,10,60,1.15,0.22,1.0,5,0.0,False,40,0.0,2.0,1.0,0.0,40,0.2,2.0,False,40,0.2,3,1.5,0.65,0,80,0.15,10,1.0,0.1,10,2.0,1.0,1.0,20,0.7,2.0,lb=5/20 w=eq band=0.195 algo=100000 reg=10/60@1.15x0.22 ols=40@0.20z2.00 mpairs=40@0.20k3z1.50c0.65 leadlag=0@0.15k10z1.00c0.10 adapt=10@2.00 vt=20@0.70-2.00,1.61,28.66,0.244,24252207.0,37.95,173.49,-151.73,False
"(5, 20)",,0.195,100000.0,10000.0,1.0,10,0.0,10,60,1.15,0.22,1.0,5,0.0,False,40,0.0,2.0,1.0,0.0,40,0.2,2.0,False,40,0.2,3,1.5,0.65,120,80,0.15,10,1.0,0.1,10,2.0,1.0,1.0,20,0.7,2.0,lb=5/20 w=eq band=0.195 algo=100000 reg=10/60@1.15x0.22 ols=40@0.20z2.00 mpairs=40@0.20k3z1.50c0.65 leadlag=120@0.15k10z1.00c0.10 adapt=10@2.00 vt=20@0.70-2.00,1.49,28.21,0.237,24540050.0,24.16,161.67,-148.7,False
"(5, 20)",,0.195,100000.0,10000.0,1.0,10,0.0,10,60,1.15,0.22,1.0,5,0.0,False,40,0.0,2.0,1.0,0.0,40,0.2,2.0,False,40,0.2,3,1.5,0.65,0,80,0.15,10,1.0,0.03,10,2.0,1.0,1.0,20,0.7,2.0,lb=5/20 w=eq band=0.195 algo=100000 reg=10/60@1.15x0.22 ols=40@0.20z2.00 mpairs=40@0.20k3z1.50c0.65 leadlag=0@0.15k10z1.00c0.03 adapt=10@2.00 vt=20@0.70-2.00,1.49,27.91,0.238,24252605.0,38.8,173.35,-152.95,False
"(5, 20)",,0.195,100000.0,10000.0,1.0,10,0.0,10,60,1.15,0.22,1.0,5,0.0,False,40,0.0,2.0,1.0,0.0,40,0.2,2.0,False,40,0.2,3,1.5,0.65,0,80,0.15,10,1.0,0.06,10,2.0,1.0,1.0,20,0.7,2.0,lb=5/20 w=eq band=0.195 algo=100000 reg=10/60@1.15x0.22 ols=40@0.20z2.00 mpairs=40@0.20k3z1.50c0.65 leadlag=0@0.15k10z1.00c0.06 adapt=10@2.00 vt=20@0.70-2.00,1.49,27.91,0.238,24252605.0,38.8,173.35,-152.95,False
"(5, 20)",,0.195,100000.0,10000.0,1.0,10,0.0,10,60,1.15,0.22,1.0,5,0.0,False,40,0.0,2.0,1.0,0.0,40,0.2,2.0,False,40,0.2,3,1.5,0.65,0,80,0.15,5,1.0,0.03,10,2.0,1.0,1.0,20,0.7,2.0,lb=5/20 w=eq band=0.195 algo=100000 reg=10/60@1.15x0.22 ols=40@0.20z2.00 mpairs=40@0.20k3z1.50c0.65 leadlag=0@0.15k5z1.00c0.03 adapt=10@2.00 vt=20@0.70-2.00,1.34,27.04,0.229,24792329.0,28.6,122.05,-106.29,False
"(5, 20)",,0.195,100000.0,10000.0,1.0,10,0.0,10,60,1.15,0.22,1.0,5,0.0,False,40,0.0,2.0,1.0,0.0,40,0.2,2.0,False,40,0.2,3,1.5,0.65,0,80,0.15,5,1.0,0.06,10,2.0,1.0,1.0,20,0.7,2.0,lb=5/20 w=eq band=0.195 algo=100000 reg=10/60@1.15x0.22 ols=40@0.20z2.00 mpairs=40@0.20k3z1.50c0.65 leadlag=0@0.15k5z1.00c0.06 adapt=10@2.00 vt=20@0.70-2.00,1.34,27.04,0.229,24792329.0,28.6,122.05,-106.29,False
"(5, 20)",,0.195,100000.0,10000.0,1.0,10,0.0,10,60,1.15,0.22,1.0,5,0.0,False,40,0.0,2.0,1.0,0.0,40,0.2,2.0,False,40,0.2,3,1.5,0.65,0,80,0.15,5,1.0,0.1,10,2.0,1.0,1.0,20,0.7,2.0,lb=5/20 w=eq band=0.195 algo=100000 reg=10/60@1.15x0.22 ols=40@0.20z2.00 mpairs=40@0.20k3z1.50c0.65 leadlag=0@0.15k5z1.00c0.10 adapt=10@2.00 vt=20@0.70-2.00,1.34,27.04,0.229,24792329.0,28.6,122.05,-106.29,False
"(5, 20)",,0.195,100000.0,10000.0,1.0,10,0.0,10,60,1.15,0.22,1.0,5,0.0,False,40,0.0,2.0,1.0,0.0,40,0.2,2.0,False,40,0.2,3,1.5,0.65,120,80,0.15,10,1.0,0.03,10,2.0,1.0,1.0,20,0.7,2.0,lb=5/20 w=eq band=0.195 algo=100000 reg=10/60@1.15x0.22 ols=40@0.20z2.00 mpairs=40@0.20k3z1.50c0.65 leadlag=120@0.15k10z1.00c0.03 adapt=10@2.00 vt=20@0.70-2.00,1.24,26.47,0.222,24336789.0,22.04,156.46,-146.72,False
"(5, 20)",,0.195,100000.0,10000.0,1.0,10,0.0,10,60,1.15,0.22,1.0,5,0.0,False,40,0.0,2.0,1.0,0.0,40,0.2,2.0,False,40,0.2,3,1.5,0.65,120,80,0.15,10,1.0,0.06,10,2.0,1.0,1.0,20,0.7,2.0,lb=5/20 w=eq band=0.195 algo=100000 reg=10/60@1.15x0.22 ols=40@0.20z2.00 mpairs=40@0.20k3z1.50c0.65 leadlag=120@0.15k10z1.00c0.06 adapt=10@2.00 vt=20@0.70-2.00,1.24,26.47,0.222,24336789.0,22.04,156.46,-146.72,False
"(5, 20)",,0.195,100000.0,10000.0,1.0,10,0.0,10,60,1.15,0.22,1.0,5,0.0,False,40,0.0,2.0,1.0,0.0,40,0.2,2.0,False,40,0.2,3,1.5,0.65,0,80,0.75,3,1.0,0.03,10,2.0,1.0,1.0,20,0.7,2.0,lb=5/20 w=eq band=0.195 algo=100000 reg=10/60@1.15x0.22 ols=40@0.20z2.00 mpairs=40@0.20k3z1.50c0.65 leadlag=0@0.75k3z1.00c0.03 adapt=10@2.00 vt=20@0.70-2.00,1.19,18.95,0.259,59117872.0,68.44,2.76,-23.48,False
"(5, 20)",,0.195,100000.0,10000.0,1.0,10,0.0,10,60,1.15,0.22,1.0,5,0.0,False,40,0.0,2.0,1.0,0.0,40,0.2,2.0,False,40,0.2,3,1.5,0.65,0,80,0.75,3,1.0,0.06,10,2.0,1.0,1.0,20,0.7,2.0,lb=5/20 w=eq band=0.195 algo=100000 reg=10/60@1.15x0.22 ols=40@0.20z2.00 mpairs=40@0.20k3z1.50c0.65 leadlag=0@0.75k3z1.00c0.06 adapt=10@2.00 vt=20@0.70-2.00,1.19,18.95,0.259,59117872.0,68.44,2.76,-23.48,False
"(5, 20)",,0.195,100000.0,10000.0,1.0,10,0.0,10,60,1.15,0.22,1.0,5,0.0,False,40,0.0,2.0,1.0,0.0,40,0.2,2.0,False,40,0.2,3,1.5,0.65,0,80,0.75,3,1.0,0.1,10,2.0,1.0,1.0,20,0.7,2.0,lb=5/20 w=eq band=0.195 algo=100000 reg=10/60@1.15x0.22 ols=40@0.20z2.00 mpairs=40@0.20k3z1.50c0.65 leadlag=0@0.75k3z1.00c0.10 adapt=10@2.00 vt=20@0.70-2.00,1.19,18.95,0.259,59117872.0,68.44,2.76,-23.48,False
"(5, 20)",,0.195,100000.0,10000.0,1.0,10,0.0,10,60,1.15,0.22,1.0,5,0.0,False,40,0.0,2.0,1.0,0.0,40,0.2,2.0,False,40,0.2,3,1.5,0.65,0,80,0.5,5,0.5,0.03,10,2.0,1.0,1.0,20,0.7,2.0,lb=5/20 w=eq band=0.195 algo=100000 reg=10/60@1.15x0.22 ols=40@0.20z2.00 mpairs=40@0.20k3z1.50c0.65 leadlag=0@0.50k5z0.50c0.03 adapt=10@2.00 vt=20@0.70-2.00,0.99,19.33,0.232,37441354.0,27.87,77.54,-55.34,False
"(5, 20)",,0.195,100000.0,10000.0,1.0,10,0.0,10,60,1.15,0.22,1.0,5,0.0,False,40,0.0,2.0,1.0,0.0,40,0.2,2.0,False,40,0.2,3,1.5,0.65,0,80,0.5,5,0.5,0.06,10,2.0,1.0,1.0,20,0.7,2.0,lb=5/20 w=eq band=0.195 algo=100000 reg=10/60@1.15x0.22 ols=40@0.20z2.00 mpairs=40@0.20k3z1.50c0.65 leadlag=0@0.50k5z0.50c0.06 adapt=10@2.00 vt=20@0.70-2.00,0.99,19.33,0.232,37441354.0,27.87,77.54,-55.34,False
"(5, 20)",,0.195,100000.0,10000.0,1.0,10,0.0,10,60,1.15,0.22,1.0,5,0.0,False,40,0.0,2.0,1.0,0.0,40,0.2,2.0,False,40,0.2,3,1.5,0.65,0,80,0.5,5,0.5,0.1,10,2.0,1.0,1.0,20,0.7,2.0,lb=5/20 w=eq band=0.195 algo=100000 reg=10/60@1.15x0.22 ols=40@0.20z2.00 mpairs=40@0.20k3z1.50c0.65 leadlag=0@0.50k5z0.50c0.10 adapt=10@2.00 vt=20@0.70-2.00,0.99,19.33,0.232,37441354.0,27.87,77.54,-55.34,False
"(5, 20)",,0.195,100000.0,10000.0,1.0,10,0.0,10,60,1.15,0.22,1.0,5,0.0,False,40,0.0,2.0,1.0,0.0,40,0.2,2.0,False,40,0.2,3,1.5,0.65,120,80,0.3,1,0.5,0.03,10,2.0,1.0,1.0,20,0.7,2.0,lb=5/20 w=eq band=0.195 algo=100000 reg=10/60@1.15x0.22 ols=40@0.20z2.00 mpairs=40@0.20k3z1.50c0.65 leadlag=120@0.30k1z0.50c0.03 adapt=10@2.00 vt=20@0.70-2.00,0.9,21.77,0.207,34910945.0,10.44,29.87,-55.22,False
"(5, 20)",,0.195,100000.0,10000.0,1.0,10,0.0,10,60,1.15,0.22,1.0,5,0.0,False,40,0.0,2.0,1.0,0.0,40,0.2,2.0,False,40,0.2,3,1.5,0.65,120,80,0.3,1,0.5,0.06,10,2.0,1.0,1.0,20,0.7,2.0,lb=5/20 w=eq band=0.195 algo=100000 reg=10/60@1.15x0.22 ols=40@0.20z2.00 mpairs=40@0.20k3z1.50c0.65 leadlag=120@0.30k1z0.50c0.06 adapt=10@2.00 vt=20@0.70-2.00,0.9,21.77,0.207,34910945.0,10.44,29.87,-55.22,False
"(5, 20)",,0.195,100000.0,10000.0,1.0,10,0.0,10,60,1.15,0.22,1.0,5,0.0,False,40,0.0,2.0,1.0,0.0,40,0.2,2.0,False,40,0.2,3,1.5,0.65,120,80,0.3,1,0.5,0.1,10,2.0,1.0,1.0,20,0.7,2.0,lb=5/20 w=eq band=0.195 algo=100000 reg=10/60@1.15x0.22 ols=40@0.20z2.00 mpairs=40@0.20k3z1.50c0.65 leadlag=120@0.30k1z0.50c0.10 adapt=10@2.00 vt=20@0.70-2.00,0.9,21.77,0.207,34910945.0,10.44,29.87,-55.22,False
"(5, 20)",,0.195,100000.0,10000.0,1.0,10,0.0,10,60,1.15,0.22,1.0,5,0.0,False,40,0.0,2.0,1.0,0.0,40,0.2,2.0,False,40,0.2,3,1.5,0.65,0,80,0.3,5,1.0,0.03,10,2.0,1.0,1.0,20,0.7,2.0,lb=5/20 w=eq band=0.195 algo=100000 reg=10/60@1.15x0.22 ols=40@0.20z2.00 mpairs=40@0.20k3z1.50c0.65 leadlag=0@0.30k5z1.00c0.03 adapt=10@2.00 vt=20@0.70-2.00,0.88,21.28,0.207,25360918.0,29.2,74.88,-67.15,False
"(5, 20)",,0.195,100000.0,10000.0,1.0,10,0.0,10,60,1.15,0.22,1.0,5,0.0,False,40,0.0,2.0,1.0,0.0,40,0.2,2.0,False,40,0.2,3,1.5,0.65,0,80,0.3,5,1.0,0.06,10,2.0,1.0,1.0,20,0.7,2.0,lb=5/20 w=eq band=0.195 algo=100000 reg=10/60@1.15x0.22 ols=40@0.20z2.00 mpairs=40@0.20k3z1.50c0.65 leadlag=0@0.30k5z1.00c0.06 adapt=10@2.00 vt=20@0.70-2.00,0.88,21.28,0.207,25360918.0,29.2,74.88,-67.15,False
"(5, 20)",,0.195,100000.0,10000.0,1.0,10,0.0,10,60,1.15,0.22,1.0,5,0.0,False,40,0.0,2.0,1.0,0.0,40,0.2,2.0,False,40,0.2,3,1.5,0.65,0,80,0.3,5,1.0,0.1,10,2.0,1.0,1.0,20,0.7,2.0,lb=5/20 w=eq band=0.195 algo=100000 reg=10/60@1.15x0.22 ols=40@0.20z2.00 mpairs=40@0.20k3z1.50c0.65 leadlag=0@0.30k5z1.00c0.10 adapt=10@2.00 vt=20@0.70-2.00,0.88,21.28,0.207,25360918.0,29.2,74.88,-67.15,False
"(5, 20)",,0.195,100000.0,10000.0,1.0,10,0.0,10,60,1.15,0.22,1.0,5,0.0,False,40,0.0,2.0,1.0,0.0,40,0.2,2.0,False,40,0.2,3,1.5,0.65,0,80,0.5,10,1.0,0.1,10,2.0,1.0,1.0,20,0.7,2.0,lb=5/20 w=eq band=0.195 algo=100000 reg=10/60@1.15x0.22 ols=40@0.20z2.00 mpairs=40@0.20k3z1.50c0.65 leadlag=0@0.50k10z1.00c0.10 adapt=10@2.00 vt=20@0.70-2.00,0.87,17.53,0.229,26284989.0,81.1,69.49,-68.6,False
"(5, 20)",,0.195,100000.0,10000.0,1.0,10,0.0,10,60,1.15,0.22,1.0,5,0.0,False,40,0.0,2.0,1.0,0.0,40,0.2,2.0,False,40,0.2,3,1.5,0.65,0,80,0.5,10,1.0,0.03,10,2.0,1.0,1.0,20,0.7,2.0,lb=5/20 w=eq band=0.195 algo=100000 reg=10/60@1.15x0.22 ols=40@0.20z2.00 mpairs=40@0.20k3z1.50c0.65 leadlag=0@0.50k10z1.00c0.03 adapt=10@2.00 vt=20@0.70-2.00,0.85,17.42,0.227,26278102.0,81.81,68.75,-67.51,False
"(5, 20)",,0.195,100000.0,10000.0,1.0,10,0.0,10,60,1.15,0.22,1.0,5,0.0,False,40,0.0,2.0,1.0,0.0,40,0.2,2.0,False,40,0.2,3,1.5,0.65,0,80,0.5,10,1.0,0.06,10,2.0,1.0,1.0,20,0.7,2.0,lb=5/20 w=eq band=0.195 algo=100000 reg=10/60@1.15x0.22 ols=40@0.20z2.00 mpairs=40@0.20k3z1.50c0.65 leadlag=0@0.50k10z1.00c0.06 adapt=10@2.00 vt=20@0.70-2.00,0.85,17.42,0.227,26278102.0,81.81,68.75,-67.51,False
"(5, 20)",,0.195,100000.0,10000.0,1.0,10,0.0,10,60,1.15,0.22,1.0,5,0.0,False,40,0.0,2.0,1.0,0.0,40,0.2,2.0,False,40,0.2,3,1.5,0.65,0,80,0.3,10,0.5,0.1,10,2.0,1.0,1.0,20,0.7,2.0,lb=5/20 w=eq band=0.195 algo=100000 reg=10/60@1.15x0.22 ols=40@0.20z2.00 mpairs=40@0.20k3z1.50c0.65 leadlag=0@0.30k10z0.50c0.10 adapt=10@2.00 vt=20@0.70-2.00,0.63,18.86,0.186,24135864.0,24.98,135.74,-112.24,False
"(5, 20)",,0.195,100000.0,10000.0,1.0,10,0.0,10,60,1.15,0.22,1.0,5,0.0,False,40,0.0,2.0,1.0,0.0,40,0.2,2.0,False,40,0.2,3,1.5,0.65,0,80,0.3,10,0.5,0.03,10,2.0,1.0,1.0,20,0.7,2.0,lb=5/20 w=eq band=0.195 algo=100000 reg=10/60@1.15x0.22 ols=40@0.20z2.00 mpairs=40@0.20k3z1.50c0.65 leadlag=0@0.30k10z0.50c0.03 adapt=10@2.00 vt=20@0.70-2.00,0.61,18.7,0.184,24132927.0,25.88,134.65,-111.91,False
"(5, 20)",,0.195,100000.0,10000.0,1.0,10,0.0,10,60,1.15,0.22,1.0,5,0.0,False,40,0.0,2.0,1.0,0.0,40,0.2,2.0,False,40,0.2,3,1.5,0.65,0,80,0.3,10,0.5,0.06,10,2.0,1.0,1.0,20,0.7,2.0,lb=5/20 w=eq band=0.195 algo=100000 reg=10/60@1.15x0.22 ols=40@0.20z2.00 mpairs=40@0.20k3z1.50c0.65 leadlag=0@0.30k10z0.50c0.06 adapt=10@2.00 vt=20@0.70-2.00,0.61,18.7,0.184,24132927.0,25.88,134.65,-111.91,False
"(5, 20)",,0.195,100000.0,10000.0,1.0,10,0.0,10,60,1.15,0.22,1.0,5,0.0,False,40,0.0,2.0,1.0,0.0,40,0.2,2.0,False,40,0.2,3,1.5,0.65,120,80,0.15,1,1.0,0.03,10,2.0,1.0,1.0,20,0.7,2.0,lb=5/20 w=eq band=0.195 algo=100000 reg=10/60@1.15x0.22 ols=40@0.20z2.00 mpairs=40@0.20k3z1.50c0.65 leadlag=120@0.15k1z1.00c0.03 adapt=10@2.00 vt=20@0.70-2.00,0.57,20.32,0.17,25608271.0,25.02,83.5,-104.74,False
"(5, 20)",,0.195,100000.0,10000.0,1.0,10,0.0,10,60,1.15,0.22,1.0,5,0.0,False,40,0.0,2.0,1.0,0.0,40,0.2,2.0,False,40,0.2,3,1.5,0.65,120,80,0.15,1,1.0,0.06,10,2.0,1.0,1.0,20,0.7,2.0,lb=5/20 w=eq band=0.195 algo=100000 reg=10/60@1.15x0.22 ols=40@0.20z2.00 mpairs=40@0.20k3z1.50c0.65 leadlag=120@0.15k1z1.00c0.06 adapt=10@2.00 vt=20@0.70-2.00,0.57,20.32,0.17,25608271.0,25.02,83.5,-104.74,False
"(5, 20)",,0.195,100000.0,10000.0,1.0,10,0.0,10,60,1.15,0.22,1.0,5,0.0,False,40,0.0,2.0,1.0,0.0,40,0.2,2.0,False,40,0.2,3,1.5,0.65,120,80,0.15,1,1.0,0.1,10,2.0,1.0,1.0,20,0.7,2.0,lb=5/20 w=eq band=0.195 algo=100000 reg=10/60@1.15x0.22 ols=40@0.20z2.00 mpairs=40@0.20k3z1.50c0.65 leadlag=120@0.15k1z1.00c0.10 adapt=10@2.00 vt=20@0.70-2.00,0.57,20.32,0.17,25608271.0,25.02,83.5,-104.74,False
"(5, 20)",,0.195,100000.0,10000.0,1.0,10,0.0,10,60,1.15,0.22,1.0,5,0.0,False,40,0.0,2.0,1.0,0.0,40,0.2,2.0,False,40,0.2,3,1.5,0.65,120,80,0.75,1,0.5,0.03,10,2.0,1.0,1.0,20,0.7,2.0,lb=5/20 w=eq band=0.195 algo=100000 reg=10/60@1.15x0.22 ols=40@0.20z2.00 mpairs=40@0.20k3z1.50c0.65 leadlag=120@0.75k1z0.50c0.03 adapt=10@2.00 vt=20@0.70-2.00,0.56,15.32,0.194,80524399.0,59.69,-171.6,84.18,False
"(5, 20)",,0.195,100000.0,10000.0,1.0,10,0.0,10,60,1.15,0.22,1.0,5,0.0,False,40,0.0,2.0,1.0,0.0,40,0.2,2.0,False,40,0.2,3,1.5,0.65,120,80,0.75,1,0.5,0.06,10,2.0,1.0,1.0,20,0.7,2.0,lb=5/20 w=eq band=0.195 algo=100000 reg=10/60@1.15x0.22 ols=40@0.20z2.00 mpairs=40@0.20k3z1.50c0.65 leadlag=120@0.75k1z0.50c0.06 adapt=10@2.00 vt=20@0.70-2.00,0.56,15.32,0.194,80524399.0,59.69,-171.6,84.18,False
"(5, 20)",,0.195,100000.0,10000.0,1.0,10,0.0,10,60,1.15,0.22,1.0,5,0.0,False,40,0.0,2.0,1.0,0.0,40,0.2,2.0,False,40,0.2,3,1.5,0.65,120,80,0.75,1,0.5,0.1,10,2.0,1.0,1.0,20,0.7,2.0,lb=5/20 w=eq band=0.195 algo=100000 reg=10/60@1.15x0.22 ols=40@0.20z2.00 mpairs=40@0.20k3z1.50c0.65 leadlag=120@0.75k1z0.50c0.10 adapt=10@2.00 vt=20@0.70-2.00,0.56,15.32,0.194,80524399.0,59.69,-171.6,84.18,False
"(5, 20)",,0.195,100000.0,10000.0,1.0,10,0.0,10,60,1.15,0.22,1.0,5,0.0,False,40,0.0,2.0,1.0,0.0,40,0.2,2.0,False,40,0.2,3,1.5,0.65,0,80,0.5,3,1.0,0.03,10,2.0,1.0,1.0,20,0.7,2.0,lb=5/20 w=eq band=0.195 algo=100000 reg=10/60@1.15x0.22 ols=40@0.20z2.00 mpairs=40@0.20k3z1.50c0.65 leadlag=0@0.50k3z1.00c0.03 adapt=10@2.00 vt=20@0.70-2.00,0.53,15.49,0.188,39042316.0,56.0,32.73,-59.17,False
"(5, 20)",,0.195,100000.0,10000.0,1.0,10,0.0,10,60,1.15,0.22,1.0,5,0.0,False,40,0.0,2.0,1.0,0.0,40,0.2,2.0,False,40,0.2,3,1.5,0.65,0,80,0.5,3,1.0,0.06,10,2.0,1.0,1.0,20,0.7,2.0,lb=5/20 w=eq band=0.195 algo=100000 reg=10/60@1.15x0.22 ols=40@0.20z2.00 mpairs=40@0.20k3z1.50c0.65 leadlag=0@0.50k3z1.00c0.06 adapt=10@2.00 vt=20@0.70-2.00,0.53,15.49,0.188,39042316.0,56.0,32.73,-59.17,False
"(5, 20)",,0.195,100000.0,10000.0,1.0,10,0.0,10,60,1.15,0.22,1.0,5,0.0,False,40,0.0,2.0,1.0,0.0,40,0.2,2.0,False,40,0.2,3,1.5,0.65,0,80,0.5,3,1.0,0.1,10,2.0,1.0,1.0,20,0.7,2.0,lb=5/20 w=eq band=0.195 algo=100000 reg=10/60@1.15x0.22 ols=40@0.20z2.00 mpairs=40@0.20k3z1.50c0.65 leadlag=0@0.50k3z1.00c0.10 adapt=10@2.00 vt=20@0.70-2.00,0.53,15.49,0.188,39042316.0,56.0,32.73,-59.17,False
"(5, 20)",,0.195,100000.0,10000.0,1.0,10,0.0,10,60,1.15,0.22,1.0,5,0.0,False,40,0.0,2.0,1.0,0.0,40,0.2,2.0,False,40,0.2,3,1.5,0.65,120,80,0.15,1,0.5,0.03,10,2.0,1.0,1.0,20,0.7,2.0,lb=5/20 w=eq band=0.195 algo=100000 reg=10/60@1.15x0.22 ols=40@0.20z2.00 mpairs=40@0.20k3z1.50c0.65 leadlag=120@0.15k1z0.50c0.03 adapt=10@2.00 vt=20@0.70-2.00,0.46,18.78,0.158,26969638.0,54.87,68.59,-105.66,False
"(5, 20)",,0.195,100000.0,10000.0,1.0,10,0.0,10,60,1.15,0.22,1.0,5,0.0,False,40,0.0,2.0,1.0,0.0,40,0.2,2.0,False,40,0.2,3,1.5,0.65,120,80,0.15,1,0.5,0.06,10,2.0,1.0,1.0,20,0.7,2.0,lb=5/20 w=eq band=0.195 algo=100000 reg=10/60@1.15x0.22 ols=40@0.20z2.00 mpairs=40@0.20k3z1.50c0.65 leadlag=120@0.15k1z0.50c0.06 adapt=10@2.00 vt=20@0.70-2.00,0.46,18.78,0.158,26969638.0,54.87,68.59,-105.66,False
"(5, 20)",,0.195,100000.0,10000.0,1.0,10,0.0,10,60,1.15,0.22,1.0,5,0.0,False,40,0.0,2.0,1.0,0.0,40,0.2,2.0,False,40,0.2,3,1.5,0.65,120,80,0.15,1,0.5,0.1,10,2.0,1.0,1.0,20,0.7,2.0,lb=5/20 w=eq band=0.195 algo=100000 reg=10/60@1.15x0.22 ols=40@0.20z2.00 mpairs=40@0.20k3z1.50c0.65 leadlag=120@0.15k1z0.50c0.10 adapt=10@2.00 vt=20@0.70-2.00,0.46,18.78,0.158,26969638.0,54.87,68.59,-105.66,False
"(5, 20)",,0.195,100000.0,10000.0,1.0,10,0.0,10,60,1.15,0.22,1.0,5,0.0,False,40,0.0,2.0,1.0,0.0,40,0.2,2.0,False,40,0.2,3,1.5,0.65,0,80,0.15,1,0.0,0.03,10,2.0,1.0,1.0,20,0.7,2.0,lb=5/20 w=eq band=0.195 algo=100000 reg=10/60@1.15x0.22 ols=40@0.20z2.00 mpairs=40@0.20k3z1.50c0.65 leadlag=0@0.15k1z0.00c0.03 adapt=10@2.00 vt=20@0.70-2.00,0.4,18.06,0.15,27092427.0,49.37,81.59,-133.45,False
"(5, 20)",,0.195,100000.0,10000.0,1.0,10,0.0,10,60,1.15,0.22,1.0,5,0.0,False,40,0.0,2.0,1.0,0.0,40,0.2,2.0,False,40,0.2,3,1.5,0.65,0,80,0.15,1,0.0,0.06,10,2.0,1.0,1.0,20,0.7,2.0,lb=5/20 w=eq band=0.195 algo=100000 reg=10/60@1.15x0.22 ols=40@0.20z2.00 mpairs=40@0.20k3z1.50c0.65 leadlag=0@0.15k1z0.00c0.06 adapt=10@2.00 vt=20@0.70-2.00,0.4,18.06,0.15,27092427.0,49.37,81.59,-133.45,False
"(5, 20)",,0.195,100000.0,10000.0,1.0,10,0.0,10,60,1.15,0.22,1.0,5,0.0,False,40,0.0,2.0,1.0,0.0,40,0.2,2.0,False,40,0.2,3,1.5,0.65,0,80,0.15,1,0.0,0.1,10,2.0,1.0,1.0,20,0.7,2.0,lb=5/20 w=eq band=0.195 algo=100000 reg=10/60@1.15x0.22 ols=40@0.20z2.00 mpairs=40@0.20k3z1.50c0.65 leadlag=0@0.15k1z0.00c0.10 adapt=10@2.00 vt=20@0.70-2.00,0.4,18.06,0.15,27092427.0,49.37,81.59,-133.45,False
"(5, 20)",,0.195,100000.0,10000.0,1.0,10,0.0,10,60,1.15,0.22,1.0,5,0.0,False,40,0.0,2.0,1.0,0.0,40,0.2,2.0,False,40,0.2,3,1.5,0.65,0,80,0.3,3,1.0,0.03,10,2.0,1.0,1.0,20,0.7,2.0,lb=5/20 w=eq band=0.195 algo=100000 reg=10/60@1.15x0.22 ols=40@0.20z2.00 mpairs=40@0.20k3z1.50c0.65 leadlag=0@0.30k3z1.00c0.03 adapt=10@2.00 vt=20@0.70-2.00,0.36,15.76,0.152,27621089.0,49.46,70.22,-113.8,False
"(5, 20)",,0.195,100000.0,10000.0,1.0,10,0.0,10,60,1.15,0.22,1.0,5,0.0,False,40,0.0,2.0,1.0,0.0,40,0.2,2.0,False,40,0.2,3,1.5,0.65,0,80,0.3,3,1.0,0.06,10,2.0,1.0,1.0,20,0.7,2.0,lb=5/20 w=eq band=0.195 algo=100000 reg=10/60@1.15x0.22 ols=40@0.20z2.00 mpairs=40@0.20k3z1.50c0.65 leadlag=0@0.30k3z1.00c0.06 adapt=10@2.00 vt=20@0.70-2.00,0.36,15.76,0.152,27621089.0,49.46,70.22,-113.8,False
"(5, 20)",,0.195,100000.0,10000.0,1.0,10,0.0,10,60,1.15,0.22,1.0,5,0.0,False,40,0.0,2.0,1.0,0.0,40,0.2,2.0,False,40,0.2,3,1.5,0.65,0,80,0.3,3,1.0,0.1,10,2.0,1.0,1.0,20,0.7,2.0,lb=5/20 w=eq band=0.195 algo=100000 reg=10/60@1.15x0.22 ols=40@0.20z2.00 mpairs=40@0.20k3z1.50c0.65 leadlag=0@0.30k3z1.00c0.10 adapt=10@2.00 vt=20@0.70-2.00,0.36,15.76,0.152,27621089.0,49.46,70.22,-113.8,False
"(5, 20)",,0.195,100000.0,10000.0,1.0,10,0.0,10,60,1.15,0.22,1.0,5,0.0,False,40,0.0,2.0,1.0,0.0,40,0.2,2.0,False,40,0.2,3,1.5,0.65,120,80,0.15,1,0.0,0.03,10,2.0,1.0,1.0,20,0.7,2.0,lb=5/20 w=eq band=0.195 algo=100000 reg=10/60@1.15x0.22 ols=40@0.20z2.00 mpairs=40@0.20k3z1.50c0.65 leadlag=120@0.15k1z0.00c0.03 adapt=10@2.00 vt=20@0.70-2.00,0.35,17.36,0.144,27230229.0,51.48,60.84,-103.01,False
"(5, 20)",,0.195,100000.0,10000.0,1.0,10,0.0,10,60,1.15,0.22,1.0,5,0.0,False,40,0.0,2.0,1.0,0.0,40,0.2,2.0,False,40,0.2,3,1.5,0.65,120,80,0.15,1,0.0,0.06,10,2.0,1.0,1.0,20,0.7,2.0,lb=5/20 w=eq band=0.195 algo=100000 reg=10/60@1.15x0.22 ols=40@0.20z2.00 mpairs=40@0.20k3z1.50c0.65 leadlag=120@0.15k1z0.00c0.06 adapt=10@2.00 vt=20@0.70-2.00,0.35,17.36,0.144,27230229.0,51.48,60.84,-103.01,False
"(5, 20)",,0.195,100000.0,10000.0,1.0,10,0.0,10,60,1.15,0.22,1.0,5,0.0,False,40,0.0,2.0,1.0,0.0,40,0.2,2.0,False,40,0.2,3,1.5,0.65,120,80,0.15,1,0.0,0.1,10,2.0,1.0,1.0,20,0.7,2.0,lb=5/20 w=eq band=0.195 algo=100000 reg=10/60@1.15x0.22 ols=40@0.20z2.00 mpairs=40@0.20k3z1.50c0.65 leadlag=120@0.15k1z0.00c0.10 adapt=10@2.00 vt=20@0.70-2.00,0.35,17.36,0.144,27230229.0,51.48,60.84,-103.01,False
"(5, 20)",,0.195,100000.0,10000.0,1.0,10,0.0,10,60,1.15,0.22,1.0,5,0.0,False,40,0.0,2.0,1.0,0.0,40,0.2,2.0,False,40,0.2,3,1.5,0.65,0,80,0.75,1,1.0,0.03,10,2.0,1.0,1.0,20,0.7,2.0,lb=5/20 w=eq band=0.195 algo=100000 reg=10/60@1.15x0.22 ols=40@0.20z2.00 mpairs=40@0.20k3z1.50c0.65 leadlag=0@0.75k1z1.00c0.03 adapt=10@2.00 vt=20@0.70-2.00,0.29,11.11,0.164,58039641.0,131.01,18.35,-127.19,False
"(5, 20)",,0.195,100000.0,10000.0,1.0,10,0.0,10,60,1.15,0.22,1.0,5,0.0,False,40,0.0,2.0,1.0,0.0,40,0.2,2.0,False,40,0.2,3,1.5,0.65,0,80,0.75,1,1.0,0.06,10,2.0,1.0,1.0,20,0.7,2.0,lb=5/20 w=eq band=0.195 algo=100000 reg=10/60@1.15x0.22 ols=40@0.20z2.00 mpairs=40@0.20k3z1.50c0.65 leadlag=0@0.75k1z1.00c0.06 adapt=10@2.00 vt=20@0.70-2.00,0.29,11.11,0.164,58039641.0,131.01,18.35,-127.19,False
"(5, 20)",,0.195,100000.0,10000.0,1.0,10,0.0,10,60,1.15,0.22,1.0,5,0.0,False,40,0.0,2.0,1.0,0.0,40,0.2,2.0,False,40,0.2,3,1.5,0.65,0,80,0.75,1,1.0,0.1,10,2.0,1.0,1.0,20,0.7,2.0,lb=5/20 w=eq band=0.195 algo=100000 reg=10/60@1.15x0.22 ols=40@0.20z2.00 mpairs=40@0.20k3z1.50c0.65 leadlag=0@0.75k1z1.00c0.10 adapt=10@2.00 vt=20@0.70-2.00,0.29,11.11,0.164,58039641.0,131.01,18.35,-127.19,False
"(5, 20)",,0.195,100000.0,10000.0,1.0,10,0.0,10,60,1.15,0.22,1.0,5,0.0,False,40,0.0,2.0,1.0,0.0,40,0.2,2.0,False,40,0.2,3,1.5,0.65,0,80,0.5,3,0.5,0.03,10,2.0,1.0,1.0,20,0.7,2.0,lb=5/20 w=eq band=0.195 algo=100000 reg=10/60@1.15x0.22 ols=40@0.20z2.00 mpairs=40@0.20k3z1.50c0.65 leadlag=0@0.50k3z0.50c0.03 adapt=10@2.00 vt=20@0.70-2.00,0.17,10.45,0.128,42906945.0,48.08,28.21,-50.95,False
"(5, 20)",,0.195,100000.0,10000.0,1.0,10,0.0,10,60,1.15,0.22,1.0,5,0.0,False,40,0.0,2.0,1.0,0.0,40,0.2,2.0,False,40,0.2,3,1.5,0.65,0,80,0.5,3,0.5,0.06,10,2.0,1.0,1.0,20,0.7,2.0,lb=5/20 w=eq band=0.195 algo=100000 reg=10/60@1.15x0.22 ols=40@0.20z2.00 mpairs=40@0.20k3z1.50c0.65 leadlag=0@0.50k3z0.50c0.06 adapt=10@2.00 vt=20@0.70-2.00,0.17,10.45,0.128,42906945.0,48.08,28.21,-50.95,False
"(5, 20)",,0.195,100000.0,10000.0,1.0,10,0.0,10,60,1.15,0.22,1.0,5,0.0,False,40,0.0,2.0,1.0,0.0,40,0.2,2.0,False,40,0.2,3,1.5,0.65,0,80,0.5,3,0.5,0.1,10,2.0,1.0,1.0,20,0.7,2.0,lb=5/20 w=eq band=0.195 algo=100000 reg=10/60@1.15x0.22 ols=40@0.20z2.00 mpairs=40@0.20k3z1.50c0.65 leadlag=0@0.50k3z0.50c0.10 adapt=10@2.00 vt=20@0.70-2.00,0.17,10.45,0.128,42906945.0,48.08,28.21,-50.95,False
"(5, 20)",,0.195,100000.0,10000.0,1.0,10,0.0,10,60,1.15,0.22,1.0,5,0.0,False,40,0.0,2.0,1.0,0.0,40,0.2,2.0,False,40,0.2,3,1.5,0.65,0,80,0.3,5,0.5,0.03,10,2.0,1.0,1.0,20,0.7,2.0,lb=5/20 w=eq band=0.195 algo=100000 reg=10/60@1.15x0.22 ols=40@0.20z2.00 mpairs=40@0.20k3z1.50c0.65 leadlag=0@0.30k5z0.50c0.03 adapt=10@2.00 vt=20@0.70-2.00,0.13,11.21,0.108,27182082.0,22.29,109.68,-109.18,False
"(5, 20)",,0.195,100000.0,10000.0,1.0,10,0.0,10,60,1.15,0.22,1.0,5,0.0,False,40,0.0,2.0,1.0,0.0,40,0.2,2.0,False,40,0.2,3,1.5,0.65,0,80,0.3,5,0.5,0.06,10,2.0,1.0,1.0,20,0.7,2.0,lb=5/20 w=eq band=0.195 algo=100000 reg=10/60@1.15x0.22 ols=40@0.20z2.00 mpairs=40@0.20k3z1.50c0.65 leadlag=0@0.30k5z0.50c0.06 adapt=10@2.00 vt=20@0.70-2.00,0.13,11.21,0.108,27182082.0,22.29,109.68,-109.18,False
"(5, 20)",,0.195,100000.0,10000.0,1.0,10,0.0,10,60,1.15,0.22,1.0,5,0.0,False,40,0.0,2.0,1.0,0.0,40,0.2,2.0,False,40,0.2,3,1.5,0.65,0,80,0.3,5,0.5,0.1,10,2.0,1.0,1.0,20,0.7,2.0,lb=5/20 w=eq band=0.195 algo=100000 reg=10/60@1.15x0.22 ols=40@0.20z2.00 mpairs=40@0.20k3z1.50c0.65 leadlag=0@0.30k5z0.50c0.10 adapt=10@2.00 vt=20@0.70-2.00,0.13,11.21,0.108,27182082.0,22.29,109.68,-109.18,False
"(5, 20)",,0.195,100000.0,10000.0,1.0,10,0.0,10,60,1.15,0.22,1.0,5,0.0,False,40,0.0,2.0,1.0,0.0,40,0.2,2.0,False,40,0.2,3,1.5,0.65,0,80,0.15,3,0.5,0.03,10,2.0,1.0,1.0,20,0.7,2.0,lb=5/20 w=eq band=0.195 algo=100000 reg=10/60@1.15x0.22 ols=40@0.20z2.00 mpairs=40@0.20k3z1.50c0.65 leadlag=0@0.15k3z0.50c0.03 adapt=10@2.00 vt=20@0.70-2.00,0.13,12.17,0.104,25432231.0,26.9,93.69,-122.3,False
"(5, 20)",,0.195,100000.0,10000.0,1.0,10,0.0,10,60,1.15,0.22,1.0,5,0.0,False,40,0.0,2.0,1.0,0.0,40,0.2,2.0,False,40,0.2,3,1.5,0.65,0,80,0.15,3,0.5,0.06,10,2.0,1.0,1.0,20,0.7,2.0,lb=5/20 w=eq band=0.195 algo=100000 reg=10/60@1.15x0.22 ols=40@0.20z2.00 mpairs=40@0.20k3z1.50c0.65 leadlag=0@0.15k3z0.50c0.06 adapt=10@2.00 vt=20@0.70-2.00,0.13,12.17,0.104,25432231.0,26.9,93.69,-122.3,False
"(5, 20)",,0.195,100000.0,10000.0,1.0,10,0.0,10,60,1.15,0.22,1.0,5,0.0,False,40,0.0,2.0,1.0,0.0,40,0.2,2.0,False,40,0.2,3,1.5,0.65,0,80,0.15,3,0.5,0.1,10,2.0,1.0,1.0,20,0.7,2.0,lb=5/20 w=eq band=0.195 algo=100000 reg=10/60@1.15x0.22 ols=40@0.20z2.00 mpairs=40@0.20k3z1.50c0.65 leadlag=0@0.15k3z0.50c0.10 adapt=10@2.00 vt=20@0.70-2.00,0.13,12.17,0.104,25432231.0,26.9,93.69,-122.3,False
"(5, 20)",,0.195,100000.0,10000.0,1.0,10,0.0,10,60,1.15,0.22,1.0,5,0.0,False,40,0.0,2.0,1.0,0.0,40,0.2,2.0,False,40,0.2,3,1.5,0.65,0,80,0.15,1,0.5,0.03,10,2.0,1.0,1.0,20,0.7,2.0,lb=5/20 w=eq band=0.195 algo=100000 reg=10/60@1.15x0.22 ols=40@0.20z2.00 mpairs=40@0.20k3z1.50c0.65 leadlag=0@0.15k1z0.50c0.03 adapt=10@2.00 vt=20@0.70-2.00,0.12,12.14,0.102,26853174.0,46.76,89.42,-134.45,False
"(5, 20)",,0.195,100000.0,10000.0,1.0,10,0.0,10,60,1.15,0.22,1.0,5,0.0,False,40,0.0,2.0,1.0,0.0,40,0.2,2.0,False,40,0.2,3,1.5,0.65,0,80,0.15,1,0.5,0.06,10,2.0,1.0,1.0,20,0.7,2.0,lb=5/20 w=eq band=0.195 algo=100000 reg=10/60@1.15x0.22 ols=40@0.20z2.00 mpairs=40@0.20k3z1.50c0.65 leadlag=0@0.15k1z0.50c0.06 adapt=10@2.00 vt=20@0.70-2.00,0.12,12.14,0.102,26853174.0,46.76,89.42,-134.45,False
"(5, 20)",,0.195,100000.0,10000.0,1.0,10,0.0,10,60,1.15,0.22,1.0,5,0.0,False,40,0.0,2.0,1.0,0.0,40,0.2,2.0,False,40,0.2,3,1.5,0.65,0,80,0.15,1,0.5,0.1,10,2.0,1.0,1.0,20,0.7,2.0,lb=5/20 w=eq band=0.195 algo=100000 reg=10/60@1.15x0.22 ols=40@0.20z2.00 mpairs=40@0.20k3z1.50c0.65 leadlag=0@0.15k1z0.50c0.10 adapt=10@2.00 vt=20@0.70-2.00,0.12,12.14,0.102,26853174.0,46.76,89.42,-134.45,False
"(5, 20)",,0.195,100000.0,10000.0,1.0,10,0.0,10,60,1.15,0.22,1.0,5,0.0,False,40,0.0,2.0,1.0,0.0,40,0.2,2.0,False,40,0.2,3,1.5,0.65,120,80,0.15,3,0.0,0.03,10,2.0,1.0,1.0,20,0.7,2.0,lb=5/20 w=eq band=0.195 algo=100000 reg=10/60@1.15x0.22 ols=40@0.20z2.00 mpairs=40@0.20k3z1.50c0.65 leadlag=120@0.15k3z0.00c0.03 adapt=10@2.00 vt=20@0.70-2.00,0.11,11.77,0.099,25705230.0,34.75,100.13,-148.49,False
"(5, 20)",,0.195,100000.0,10000.0,1.0,10,0.0,10,60,1.15,0.22,1.0,5,0.0,False,40,0.0,2.0,1.0,0.0,40,0.2,2.0,False,40,0.2,3,1.5,0.65,120,80,0.15,3,0.0,0.06,10,2.0,1.0,1.0,20,0.7,2.0,lb=5/20 w=eq band=0.195 algo=100000 reg=10/60@1.15x0.22 ols=40@0.20z2.00 mpairs=40@0.20k3z1.50c0.65 leadlag=120@0.15k3z0.00c0.06 adapt=10@2.00 vt=20@0.70-2.00,0.11,11.77,0.099,25705230.0,34.75,100.13,-148.49,False
"(5, 20)",,0.195,100000.0,10000.0,1.0,10,0.0,10,60,1.15,0.22,1.0,5,0.0,False,40,0.0,2.0,1.0,0.0,40,0.2,2.0,False,40,0.2,3,1.5,0.65,120,80,0.15,3,0.0,0.1,10,2.0,1.0,1.0,20,0.7,2.0,lb=5/20 w=eq band=0.195 algo=100000 reg=10/60@1.15x0.22 ols=40@0.20z2.00 mpairs=40@0.20k3z1.50c0.65 leadlag=120@0.15k3z0.00c0.10 adapt=10@2.00 vt=20@0.70-2.00,0.11,11.77,0.099,25705230.0,34.89,100.13,-148.49,False
"(5, 20)",,0.195,100000.0,10000.0,1.0,10,0.0,10,60,1.15,0.22,1.0,5,0.0,False,40,0.0,2.0,1.0,0.0,40,0.2,2.0,False,40,0.2,3,1.5,0.65,0,80,0.3,10,1.0,0.1,10,2.0,1.0,1.0,20,0.7,2.0,lb=5/20 w=eq band=0.195 algo=100000 reg=10/60@1.15x0.22 ols=40@0.20z2.00 mpairs=40@0.20k3z1.50c0.65 leadlag=0@0.30k10z1.00c0.10 adapt=10@2.00 vt=20@0.70-2.00,0.1,10.17,0.101,22811900.0,26.63,99.53,-104.16,False
"(5, 20)",,0.195,100000.0,10000.0,1.0,10,0.0,10,60,1.15,0.22,1.0,5,0.0,False,40,0.0,2.0,1.0,0.0,40,0.2,2.0,False,40,0.2,3,1.5,0.65,0,80,0.3,10,1.0,0.03,10,2.0,1.0,1.0,20,0.7,2.0,lb=5/20 w=eq band=0.195 algo=100000 reg=10/60@1.15x0.22 ols=40@0.20z2.00 mpairs=40@0.20k3z1.50c0.65 leadlag=0@0.30k10z1.00c0.03 adapt=10@2.00 vt=20@0.70-2.00,0.09,9.78,0.097,22806426.0,25.87,97.0,-102.89,False
"(5, 20)",,0.195,100000.0,10000.0,1.0,10,0.0,10,60,1.15,0.22,1.0,5,0.0,False,40,0.0,2.0,1.0,0.0,40,0.2,2.0,False,40,0.2,3,1.5,0.65,0,80,0.3,10,1.0,0.06,10,2.0,1.0,1.0,20,0.7,2.0,lb=5/20 w=eq band=0.195 algo=100000 reg=10/60@1.15x0.22 ols=40@0.20z2.00 mpairs=40@0.20k3z1.50c0.65 leadlag=0@0.30k10z1.00c0.06 adapt=10@2.00 vt=20@0.70-2.00,0.09,9.78,0.097,22806426.0,25.87,97.0,-102.89,False
"(5, 20)",,0.195,100000.0,10000.0,1.0,10,0.0,10,60,1.15,0.22,1.0,5,0.0,False,40,0.0,2.0,1.0,0.0,40,0.2,2.0,False,40,0.2,3,1.5,0.65,120,80,0.15,3,0.5,0.03,10,2.0,1.0,1.0,20,0.7,2.0,lb=5/20 w=eq band=0.195 algo=100000 reg=10/60@1.15x0.22 ols=40@0.20z2.00 mpairs=40@0.20k3z1.50c0.65 leadlag=120@0.15k3z0.50c0.03 adapt=10@2.00 vt=20@0.70-2.00,0.03,7.31,0.061,25539321.0,35.44,89.77,-147.12,False
"(5, 20)",,0.195,100000.0,10000.0,1.0,10,0.0,10,60,1.15,0.22,1.0,5,0.0,False,40,0.0,2.0,1.0,0.0,40,0.2,2.0,False,40,0.2,3,1.5,0.65,120,80,0.15,3,0.5,0.06,10,2.0,1.0,1.0,20,0.7,2.0,lb=5/20 w=eq band=0.195 algo=100000 reg=10/60@1.15x0.22 ols=40@0.20z2.00 mpairs=40@0.20k3z1.50c0.65 leadlag=120@0.15k3z0.50c0.06 adapt=10@2.00 vt=20@0.70-2.00,0.03,7.31,0.061,25539321.0,35.44,89.77,-147.12,False
"(5, 20)",,0.195,100000.0,10000.0,1.0,10,0.0,10,60,1.15,0.22,1.0,5,0.0,False,40,0.0,2.0,1.0,0.0,40,0.2,2.0,False,40,0.2,3,1.5,0.65,120,80,0.15,3,0.5,0.1,10,2.0,1.0,1.0,20,0.7,2.0,lb=5/20 w=eq band=0.195 algo=100000 reg=10/60@1.15x0.22 ols=40@0.20z2.00 mpairs=40@0.20k3z1.50c0.65 leadlag=120@0.15k3z0.50c0.10 adapt=10@2.00 vt=20@0.70-2.00,0.03,7.31,0.061,25539321.0,35.59,89.77,-147.12,False
"(5, 20)",,0.195,100000.0,10000.0,1.0,10,0.0,10,60,1.15,0.22,1.0,5,0.0,False,40,0.0,2.0,1.0,0.0,40,0.2,2.0,False,40,0.2,3,1.5,0.65,0,80,0.15,3,1.0,0.03,10,2.0,1.0,1.0,20,0.7,2.0,lb=5/20 w=eq band=0.195 algo=100000 reg=10/60@1.15x0.22 ols=40@0.20z2.00 mpairs=40@0.20k3z1.50c0.65 leadlag=0@0.15k3z1.00c0.03 adapt=10@2.00 vt=20@0.70-2.00,0.03,7.1,0.06,25090223.0,31.46,73.62,-126.63,False
"(5, 20)",,0.195,100000.0,10000.0,1.0,10,0.0,10,60,1.15,0.22,1.0,5,0.0,False,40,0.0,2.0,1.0,0.0,40,0.2,2.0,False,40,0.2,3,1.5,0.65,0,80,0.15,3,1.0,0.06,10,2.0,1.0,1.0,20,0.7,2.0,lb=5/20 w=eq band=0.195 algo=100000 reg=10/60@1.15x0.22 ols=40@0.20z2.00 mpairs=40@0.20k3z1.50c0.65 leadlag=0@0.15k3z1.00c0.06 adapt=10@2.00 vt=20@0.70-2.00,0.03,7.1,0.06,25090223.0,31.46,73.62,-126.63,False
"(5, 20)",,0.195,100000.0,10000.0,1.0,10,0.0,10,60,1.15,0.22,1.0,5,0.0,False,40,0.0,2.0,1.0,0.0,40,0.2,2.0,False,40,0.2,3,1.5,0.65,0,80,0.15,3,1.0,0.1,10,2.0,1.0,1.0,20,0.7,2.0,lb=5/20 w=eq band=0.195 algo=100000 reg=10/60@1.15x0.22 ols=40@0.20z2.00 mpairs=40@0.20k3z1.50c0.65 leadlag=0@0.15k3z1.00c0.10 adapt=10@2.00 vt=20@0.70-2.00,0.03,7.1,0.06,25090223.0,31.46,73.62,-126.63,False
"(5, 20)",,0.195,100000.0,10000.0,1.0,10,0.0,10,60,1.15,0.22,1.0,5,0.0,False,40,0.0,2.0,1.0,0.0,40,0.2,2.0,False,40,0.2,3,1.5,0.65,0,80,0.3,1,1.0,0.03,10,2.0,1.0,1.0,20,0.7,2.0,lb=5/20 w=eq band=0.195 algo=100000 reg=10/60@1.15x0.22 ols=40@0.20z2.00 mpairs=40@0.20k3z1.50c0.65 leadlag=0@0.30k1z1.00c0.03 adapt=10@2.00 vt=20@0.70-2.00,0.02,5.5,0.053,30331068.0,41.45,89.54,-143.34,False
"(5, 20)",,0.195,100000.0,10000.0,1.0,10,0.0,10,60,1.15,0.22,1.0,5,0.0,False,40,0.0,2.0,1.0,0.0,40,0.2,2.0,False,40,0.2,3,1.5,0.65,0,80,0.3,1,1.0,0.06,10,2.0,1.0,1.0,20,0.7,2.0,lb=5/20 w=eq band=0.195 algo=100000 reg=10/60@1.15x0.22 ols=40@0.20z2.00 mpairs=40@0.20k3z1.50c0.65 leadlag=0@0.30k1z1.00c0.06 adapt=10@2.00 vt=20@0.70-2.00,0.02,5.5,0.053,30331068.0,41.45,89.54,-143.34,False
"(5, 20)",,0.195,100000.0,10000.0,1.0,10,0.0,10,60,1.15,0.22,1.0,5,0.0,False,40,0.0,2.0,1.0,0.0,40,0.2,2.0,False,40,0.2,3,1.5,0.65,0,80,0.3,1,1.0,0.1,10,2.0,1.0,1.0,20,0.7,2.0,lb=5/20 w=eq band=0.195 algo=100000 reg=10/60@1.15x0.22 ols=40@0.20z2.00 mpairs=40@0.20k3z1.50c0.65 leadlag=0@0.30k1z1.00c0.10 adapt=10@2.00 vt=20@0.70-2.00,0.02,5.5,0.053,30331068.0,41.45,89.54,-143.34,False
"(5, 20)",,0.195,100000.0,10000.0,1.0,10,0.0,10,60,1.15,0.22,1.0,5,0.0,False,40,0.0,2.0,1.0,0.0,40,0.2,2.0,False,40,0.2,3,1.5,0.65,120,80,1.0,1,1.0,0.03,10,2.0,1.0,1.0,20,0.7,2.0,lb=5/20 w=eq band=0.195 algo=100000 reg=10/60@1.15x0.22 ols=40@0.20z2.00 mpairs=40@0.20k3z1.50c0.65 leadlag=120@1.00k1z1.00c0.03 adapt=10@2.00 vt=20@0.70-2.00,0.01,3.74,0.051,66574917.0,1.85,-223.47,166.78,False
"(5, 20)",,0.195,100000.0,10000.0,1.0,10,0.0,10,60,1.15,0.22,1.0,5,0.0,False,40,0.0,2.0,1.0,0.0,40,0.2,2.0,False,40,0.2,3,1.5,0.65,120,80,1.0,1,1.0,0.06,10,2.0,1.0,1.0,20,0.7,2.0,lb=5/20 w=eq band=0.195 algo=100000 reg=10/60@1.15x0.22 ols=40@0.20z2.00 mpairs=40@0.20k3z1.50c0.65 leadlag=120@1.00k1z1.00c0.06 adapt=10@2.00 vt=20@0.70-2.00,0.01,3.74,0.051,66574917.0,1.85,-223.47,166.78,False
"(5, 20)",,0.195,100000.0,10000.0,1.0,10,0.0,10,60,1.15,0.22,1.0,5,0.0,False,40,0.0,2.0,1.0,0.0,40,0.2,2.0,False,40,0.2,3,1.5,0.65,120,80,1.0,1,1.0,0.1,10,2.0,1.0,1.0,20,0.7,2.0,lb=5/20 w=eq band=0.195 algo=100000 reg=10/60@1.15x0.22 ols=40@0.20z2.00 mpairs=40@0.20k3z1.50c0.65 leadlag=120@1.00k1z1.00c0.10 adapt=10@2.00 vt=20@0.70-2.00,0.01,3.74,0.051,66574917.0,1.85,-223.47,166.78,False
"(5, 20)",,0.195,100000.0,10000.0,1.0,10,0.0,10,60,1.15,0.22,1.0,5,0.0,False,40,0.0,2.0,1.0,0.0,40,0.2,2.0,False,40,0.2,3,1.5,0.65,0,80,1.0,1,1.0,0.03,10,2.0,1.0,1.0,20,0.7,2.0,lb=5/20 w=eq band=0.195 algo=100000 reg=10/60@1.15x0.22 ols=40@0.20z2.00 mpairs=40@0.20k3z1.50c0.65 leadlag=0@1.00k1z1.00c0.03 adapt=10@2.00 vt=20@0.70-2.00,0.0,1.58,0.022,67013192.0,146.83,2.4,-124.89,False
"(5, 20)",,0.195,100000.0,10000.0,1.0,10,0.0,10,60,1.15,0.22,1.0,5,0.0,False,40,0.0,2.0,1.0,0.0,40,0.2,2.0,False,40,0.2,3,1.5,0.65,0,80,1.0,1,1.0,0.06,10,2.0,1.0,1.0,20,0.7,2.0,lb=5/20 w=eq band=0.195 algo=100000 reg=10/60@1.15x0.22 ols=40@0.20z2.00 mpairs=40@0.20k3z1.50c0.65 leadlag=0@1.00k1z1.00c0.06 adapt=10@2.00 vt=20@0.70-2.00,0.0,1.58,0.022,67013192.0,146.83,2.4,-124.89,False
"(5, 20)",,0.195,100000.0,10000.0,1.0,10,0.0,10,60,1.15,0.22,1.0,5,0.0,False,40,0.0,2.0,1.0,0.0,40,0.2,2.0,False,40,0.2,3,1.5,0.65,0,80,1.0,1,1.0,0.1,10,2.0,1.0,1.0,20,0.7,2.0,lb=5/20 w=eq band=0.195 algo=100000 reg=10/60@1.15x0.22 ols=40@0.20z2.00 mpairs=40@0.20k3z1.50c0.65 leadlag=0@1.00k1z1.00c0.10 adapt=10@2.00 vt=20@0.70-2.00,0.0,1.58,0.022,67013192.0,146.83,2.4,-124.89,False
"(5, 20)",,0.195,100000.0,10000.0,1.0,10,0.0,10,60,1.15,0.22,1.0,5,0.0,False,40,0.0,2.0,1.0,0.0,40,0.2,2.0,False,40,0.2,3,1.5,0.65,0,80,0.15,1,1.0,0.03,10,2.0,1.0,1.0,20,0.7,2.0,lb=5/20 w=eq band=0.195 algo=100000 reg=10/60@1.15x0.22 ols=40@0.20z2.00 mpairs=40@0.20k3z1.50c0.65 leadlag=0@0.15k1z1.00c0.03 adapt=10@2.00 vt=20@0.70-2.00,0.0,0.22,0.002,25447098.0,36.17,98.64,-151.71,False
"(5, 20)",,0.195,100000.0,10000.0,1.0,10,0.0,10,60,1.15,0.22,1.0,5,0.0,False,40,0.0,2.0,1.0,0.0,40,0.2,2.0,False,40,0.2,3,1.5,0.65,0,80,0.15,1,1.0,0.06,10,2.0,1.0,1.0,20,0.7,2.0,lb=5/20 w=eq band=0.195 algo=100000 reg=10/60@1.15x0.22 ols=40@0.20z2.00 mpairs=40@0.20k3z1.50c0.65 leadlag=0@0.15k1z1.00c0.06 adapt=10@2.00 vt=20@0.70-2.00,0.0,0.22,0.002,25447098.0,36.17,98.64,-151.71,False
"(5, 20)",,0.195,100000.0,10000.0,1.0,10,0.0,10,60,1.15,0.22,1.0,5,0.0,False,40,0.0,2.0,1.0,0.0,40,0.2,2.0,False,40,0.2,3,1.5,0.65,0,80,0.15,1,1.0,0.1,10,2.0,1.0,1.0,20,0.7,2.0,lb=5/20 w=eq band=0.195 algo=100000 reg=10/60@1.15x0.22 ols=40@0.20z2.00 mpairs=40@0.20k3z1.50c0.65 leadlag=0@0.15k1z1.00c0.10 adapt=10@2.00 vt=20@0.70-2.00,0.0,0.22,0.002,25447098.0,36.17,98.64,-151.71,False
"(5, 20)",,0.195,100000.0,10000.0,1.0,10,0.0,10,60,1.15,0.22,1.0,5,0.0,False,40,0.0,2.0,1.0,0.0,40,0.2,2.0,False,40,0.2,3,1.5,0.65,120,80,0.5,1,1.0,0.03,10,2.0,1.0,1.0,20,0.7,2.0,lb=5/20 w=eq band=0.195 algo=100000 reg=10/60@1.15x0.22 ols=40@0.20z2.00 mpairs=40@0.20k3z1.50c0.65 leadlag=120@0.50k1z1.00c0.03 adapt=10@2.00 vt=20@0.70-2.00,-1.18,-1.18,-0.014,41951217.0,7.26,-47.3,8.05,False
"(5, 20)",,0.195,100000.0,10000.0,1.0,10,0.0,10,60,1.15,0.22,1.0,5,0.0,False,40,0.0,2.0,1.0,0.0,40,0.2,2.0,False,40,0.2,3,1.5,0.65,120,80,0.5,1,1.0,0.06,10,2.0,1.0,1.0,20,0.7,2.0,lb=5/20 w=eq band=0.195 algo=100000 reg=10/60@1.15x0.22 ols=40@0.20z2.00 mpairs=40@0.20k3z1.50c0.65 leadlag=120@0.50k1z1.00c0.06 adapt=10@2.00 vt=20@0.70-2.00,-1.18,-1.18,-0.014,41951217.0,7.26,-47.3,8.05,False
"(5, 20)",,0.195,100000.0,10000.0,1.0,10,0.0,10,60,1.15,0.22,1.0,5,0.0,False,40,0.0,2.0,1.0,0.0,40,0.2,2.0,False,40,0.2,3,1.5,0.65,120,80,0.5,1,1.0,0.1,10,2.0,1.0,1.0,20,0.7,2.0,lb=5/20 w=eq band=0.195 algo=100000 reg=10/60@1.15x0.22 ols=40@0.20z2.00 mpairs=40@0.20k3z1.50c0.65 leadlag=120@0.50k1z1.00c0.10 adapt=10@2.00 vt=20@0.70-2.00,-1.18,-1.18,-0.014,41951217.0,7.26,-47.3,8.05,False
"(5, 20)",,0.195,100000.0,10000.0,1.0,10,0.0,10,60,1.15,0.22,1.0,5,0.0,False,40,0.0,2.0,1.0,0.0,40,0.2,2.0,False,40,0.2,3,1.5,0.65,0,80,0.3,3,0.0,0.03,10,2.0,1.0,1.0,20,0.7,2.0,lb=5/20 w=eq band=0.195 algo=100000 reg=10/60@1.15x0.22 ols=40@0.20z2.00 mpairs=40@0.20k3z1.50c0.65 leadlag=0@0.30k3z0.00c0.03 adapt=10@2.00 vt=20@0.70-2.00,-1.43,-1.43,-0.014,29131382.0,25.09,44.38,-99.17,False
"(5, 20)",,0.195,100000.0,10000.0,1.0,10,0.0,10,60,1.15,0.22,1.0,5,0.0,False,40,0.0,2.0,1.0,0.0,40,0.2,2.0,False,40,0.2,3,1.5,0.65,0,80,0.3,3,0.0,0.06,10,2.0,1.0,1.0,20,0.7,2.0,lb=5/20 w=eq band=0.195 algo=100000 reg=10/60@1.15x0.22 ols=40@0.20z2.00 mpairs=40@0.20k3z1.50c0.65 leadlag=0@0.30k3z0.00c0.06 adapt=10@2.00 vt=20@0.70-2.00,-1.43,-1.43,-0.014,29131382.0,25.09,44.38,-99.17,False
"(5, 20)",,0.195,100000.0,10000.0,1.0,10,0.0,10,60,1.15,0.22,1.0,5,0.0,False,40,0.0,2.0,1.0,0.0,40,0.2,2.0,False,40,0.2,3,1.5,0.65,0,80,0.3,3,0.0,0.1,10,2.0,1.0,1.0,20,0.7,2.0,lb=5/20 w=eq band=0.195 algo=100000 reg=10/60@1.15x0.22 ols=40@0.20z2.00 mpairs=40@0.20k3z1.50c0.65 leadlag=0@0.30k3z0.00c0.10 adapt=10@2.00 vt=20@0.70-2.00,-1.43,-1.43,-0.014,29131382.0,25.09,44.38,-99.17,False
"(5, 20)",,0.195,100000.0,10000.0,1.0,10,0.0,10,60,1.15,0.22,1.0,5,0.0,False,40,0.0,2.0,1.0,0.0,40,0.2,2.0,False,40,0.2,3,1.5,0.65,0,80,0.0,5,0.0,0.05,10,2.0,1.0,1.0,20,0.7,2.0,lb=5/20 w=eq band=0.195 algo=100000 reg=10/60@1.15x0.22 ols=40@0.20z2.00 mpairs=40@0.20k3z1.50c0.65 adapt=10@2.00 vt=20@0.70-2.00,-2.6,-2.6,-0.02,27485946.0,30.1,115.27,-181.29,False
"(5, 20)",,0.195,100000.0,10000.0,1.0,10,0.0,10,60,1.15,0.22,1.0,5,0.0,False,40,0.0,2.0,1.0,0.0,40,0.2,2.0,False,40,0.2,3,1.5,0.65,60,80,0.15,1,0.0,0.03,10,2.0,1.0,1.0,20,0.7,2.0,lb=5/20 w=eq band=0.195 algo=100000 reg=10/60@1.15x0.22 ols=40@0.20z2.00 mpairs=40@0.20k3z1.50c0.65 leadlag=60@0.15k1z0.00c0.03 adapt=10@2.00 vt=20@0.70-2.00,-2.6,-2.6,-0.02,27485946.0,30.1,115.27,-181.29,False
"(5, 20)",,0.195,100000.0,10000.0,1.0,10,0.0,10,60,1.15,0.22,1.0,5,0.0,False,40,0.0,2.0,1.0,0.0,40,0.2,2.0,False,40,0.2,3,1.5,0.65,60,80,0.3,1,0.0,0.03,10,2.0,1.0,1.0,20,0.7,2.0,lb=5/20 w=eq band=0.195 algo=100000 reg=10/60@1.15x0.22 ols=40@0.20z2.00 mpairs=40@0.20k3z1.50c0.65 leadlag=60@0.30k1z0.00c0.03 adapt=10@2.00 vt=20@0.70-2.00,-2.6,-2.6,-0.02,27485946.0,30.1,115.27,-181.29,False
"(5, 20)",,0.195,100000.0,10000.0,1.0,10,0.0,10,60,1.15,0.22,1.0,5,0.0,False,40,0.0,2.0,1.0,0.0,40,0.2,2.0,False,40,0.2,3,1.5,0.65,60,80,0.5,1,0.0,0.03,10,2.0,1.0,1.0,20,0.7,2.0,lb=5/20 w=eq band=0.195 algo=100000 reg=10/60@1.15x0.22 ols=40@0.20z2.00 mpairs=40@0.20k3z1.50c0.65 leadlag=60@0.50k1z0.00c0.03 adapt=10@2.00 vt=20@0.70-2.00,-2.6,-2.6,-0.02,27485946.0,30.1,115.27,-181.29,False
"(5, 20)",,0.195,100000.0,10000.0,1.0,10,0.0,10,60,1.15,0.22,1.0,5,0.0,False,40,0.0,2.0,1.0,0.0,40,0.2,2.0,False,40,0.2,3,1.5,0.65,60,80,0.75,1,0.0,0.03,10,2.0,1.0,1.0,20,0.7,2.0,lb=5/20 w=eq band=0.195 algo=100000 reg=10/60@1.15x0.22 ols=40@0.20z2.00 mpairs=40@0.20k3z1.50c0.65 leadlag=60@0.75k1z0.00c0.03 adapt=10@2.00 vt=20@0.70-2.00,-2.6,-2.6,-0.02,27485946.0,30.1,115.27,-181.29,False
"(5, 20)",,0.195,100000.0,10000.0,1.0,10,0.0,10,60,1.15,0.22,1.0,5,0.0,False,40,0.0,2.0,1.0,0.0,40,0.2,2.0,False,40,0.2,3,1.5,0.65,60,80,1.0,1,0.0,0.03,10,2.0,1.0,1.0,20,0.7,2.0,lb=5/20 w=eq band=0.195 algo=100000 reg=10/60@1.15x0.22 ols=40@0.20z2.00 mpairs=40@0.20k3z1.50c0.65 leadlag=60@1.00k1z0.00c0.03 adapt=10@2.00 vt=20@0.70-2.00,-2.6,-2.6,-0.02,27485946.0,30.1,115.27,-181.29,False
"(5, 20)",,0.195,100000.0,10000.0,1.0,10,0.0,10,60,1.15,0.22,1.0,5,0.0,False,40,0.0,2.0,1.0,0.0,40,0.2,2.0,False,40,0.2,3,1.5,0.65,60,80,0.15,1,0.5,0.03,10,2.0,1.0,1.0,20,0.7,2.0,lb=5/20 w=eq band=0.195 algo=100000 reg=10/60@1.15x0.22 ols=40@0.20z2.00 mpairs=40@0.20k3z1.50c0.65 leadlag=60@0.15k1z0.50c0.03 adapt=10@2.00 vt=20@0.70-2.00,-2.6,-2.6,-0.02,27485946.0,30.1,115.27,-181.29,False
"(5, 20)",,0.195,100000.0,10000.0,1.0,10,0.0,10,60,1.15,0.22,1.0,5,0.0,False,40,0.0,2.0,1.0,0.0,40,0.2,2.0,False,40,0.2,3,1.5,0.65,60,80,0.3,1,0.5,0.03,10,2.0,1.0,1.0,20,0.7,2.0,lb=5/20 w=eq band=0.195 algo=100000 reg=10/60@1.15x0.22 ols=40@0.20z2.00 mpairs=40@0.20k3z1.50c0.65 leadlag=60@0.30k1z0.50c0.03 adapt=10@2.00 vt=20@0.70-2.00,-2.6,-2.6,-0.02,27485946.0,30.1,115.27,-181.29,False
"(5, 20)",,0.195,100000.0,10000.0,1.0,10,0.0,10,60,1.15,0.22,1.0,5,0.0,False,40,0.0,2.0,1.0,0.0,40,0.2,2.0,False,40,0.2,3,1.5,0.65,60,80,0.5,1,0.5,0.03,10,2.0,1.0,1.0,20,0.7,2.0,lb=5/20 w=eq band=0.195 algo=100000 reg=10/60@1.15x0.22 ols=40@0.20z2.00 mpairs=40@0.20k3z1.50c0.65 leadlag=60@0.50k1z0.50c0.03 adapt=10@2.00 vt=20@0.70-2.00,-2.6,-2.6,-0.02,27485946.0,30.1,115.27,-181.29,False
"(5, 20)",,0.195,100000.0,10000.0,1.0,10,0.0,10,60,1.15,0.22,1.0,5,0.0,False,40,0.0,2.0,1.0,0.0,40,0.2,2.0,False,40,0.2,3,1.5,0.65,60,80,0.75,1,0.5,0.03,10,2.0,1.0,1.0,20,0.7,2.0,lb=5/20 w=eq band=0.195 algo=100000 reg=10/60@1.15x0.22 ols=40@0.20z2.00 mpairs=40@0.20k3z1.50c0.65 leadlag=60@0.75k1z0.50c0.03 adapt=10@2.00 vt=20@0.70-2.00,-2.6,-2.6,-0.02,27485946.0,30.1,115.27,-181.29,False
"(5, 20)",,0.195,100000.0,10000.0,1.0,10,0.0,10,60,1.15,0.22,1.0,5,0.0,False,40,0.0,2.0,1.0,0.0,40,0.2,2.0,False,40,0.2,3,1.5,0.65,60,80,1.0,1,0.5,0.03,10,2.0,1.0,1.0,20,0.7,2.0,lb=5/20 w=eq band=0.195 algo=100000 reg=10/60@1.15x0.22 ols=40@0.20z2.00 mpairs=40@0.20k3z1.50c0.65 leadlag=60@1.00k1z0.50c0.03 adapt=10@2.00 vt=20@0.70-2.00,-2.6,-2.6,-0.02,27485946.0,30.1,115.27,-181.29,False
"(5, 20)",,0.195,100000.0,10000.0,1.0,10,0.0,10,60,1.15,0.22,1.0,5,0.0,False,40,0.0,2.0,1.0,0.0,40,0.2,2.0,False,40,0.2,3,1.5,0.65,60,80,0.15,1,1.0,0.03,10,2.0,1.0,1.0,20,0.7,2.0,lb=5/20 w=eq band=0.195 algo=100000 reg=10/60@1.15x0.22 ols=40@0.20z2.00 mpairs=40@0.20k3z1.50c0.65 leadlag=60@0.15k1z1.00c0.03 adapt=10@2.00 vt=20@0.70-2.00,-2.6,-2.6,-0.02,27485946.0,30.1,115.27,-181.29,False
"(5, 20)",,0.195,100000.0,10000.0,1.0,10,0.0,10,60,1.15,0.22,1.0,5,0.0,False,40,0.0,2.0,1.0,0.0,40,0.2,2.0,False,40,0.2,3,1.5,0.65,60,80,0.3,1,1.0,0.03,10,2.0,1.0,1.0,20,0.7,2.0,lb=5/20 w=eq band=0.195 algo=100000 reg=10/60@1.15x0.22 ols=40@0.20z2.00 mpairs=40@0.20k3z1.50c0.65 leadlag=60@0.30k1z1.00c0.03 adapt=10@2.00 vt=20@0.70-2.00,-2.6,-2.6,-0.02,27485946.0,30.1,115.27,-181.29,False
"(5, 20)",,0.195,100000.0,10000.0,1.0,10,0.0,10,60,1.15,0.22,1.0,5,0.0,False,40,0.0,2.0,1.0,0.0,40,0.2,2.0,False,40,0.2,3,1.5,0.65,60,80,0.5,1,1.0,0.03,10,2.0,1.0,1.0,20,0.7,2.0,lb=5/20 w=eq band=0.195 algo=100000 reg=10/60@1.15x0.22 ols=40@0.20z2.00 mpairs=40@0.20k3z1.50c0.65 leadlag=60@0.50k1z1.00c0.03 adapt=10@2.00 vt=20@0.70-2.00,-2.6,-2.6,-0.02,27485946.0,30.1,115.27,-181.29,False
"(5, 20)",,0.195,100000.0,10000.0,1.0,10,0.0,10,60,1.15,0.22,1.0,5,0.0,False,40,0.0,2.0,1.0,0.0,40,0.2,2.0,False,40,0.2,3,1.5,0.65,60,80,0.75,1,1.0,0.03,10,2.0,1.0,1.0,20,0.7,2.0,lb=5/20 w=eq band=0.195 algo=100000 reg=10/60@1.15x0.22 ols=40@0.20z2.00 mpairs=40@0.20k3z1.50c0.65 leadlag=60@0.75k1z1.00c0.03 adapt=10@2.00 vt=20@0.70-2.00,-2.6,-2.6,-0.02,27485946.0,30.1,115.27,-181.29,False
"(5, 20)",,0.195,100000.0,10000.0,1.0,10,0.0,10,60,1.15,0.22,1.0,5,0.0,False,40,0.0,2.0,1.0,0.0,40,0.2,2.0,False,40,0.2,3,1.5,0.65,60,80,1.0,1,1.0,0.03,10,2.0,1.0,1.0,20,0.7,2.0,lb=5/20 w=eq band=0.195 algo=100000 reg=10/60@1.15x0.22 ols=40@0.20z2.00 mpairs=40@0.20k3z1.50c0.65 leadlag=60@1.00k1z1.00c0.03 adapt=10@2.00 vt=20@0.70-2.00,-2.6,-2.6,-0.02,27485946.0,30.1,115.27,-181.29,False
"(5, 20)",,0.195,100000.0,10000.0,1.0,10,0.0,10,60,1.15,0.22,1.0,5,0.0,False,40,0.0,2.0,1.0,0.0,40,0.2,2.0,False,40,0.2,3,1.5,0.65,60,80,0.15,1,0.0,0.06,10,2.0,1.0,1.0,20,0.7,2.0,lb=5/20 w=eq band=0.195 algo=100000 reg=10/60@1.15x0.22 ols=40@0.20z2.00 mpairs=40@0.20k3z1.50c0.65 leadlag=60@0.15k1z0.00c0.06 adapt=10@2.00 vt=20@0.70-2.00,-2.6,-2.6,-0.02,27485946.0,30.1,115.27,-181.29,False
"(5, 20)",,0.195,100000.0,10000.0,1.0,10,0.0,10,60,1.15,0.22,1.0,5,0.0,False,40,0.0,2.0,1.0,0.0,40,0.2,2.0,False,40,0.2,3,1.5,0.65,60,80,0.3,1,0.0,0.06,10,2.0,1.0,1.0,20,0.7,2.0,lb=5/20 w=eq band=0.195 algo=100000 reg=10/60@1.15x0.22 ols=40@0.20z2.00 mpairs=40@0.20k3z1.50c0.65 leadlag=60@0.30k1z0.00c0.06 adapt=10@2.00 vt=20@0.70-2.00,-2.6,-2.6,-0.02,27485946.0,30.1,115.27,-181.29,False
"(5, 20)",,0.195,100000.0,10000.0,1.0,10,0.0,10,60,1.15,0.22,1.0,5,0.0,False,40,0.0,2.0,1.0,0.0,40,0.2,2.0,False,40,0.2,3,1.5,0.65,60,80,0.5,1,0.0,0.06,10,2.0,1.0,1.0,20,0.7,2.0,lb=5/20 w=eq band=0.195 algo=100000 reg=10/60@1.15x0.22 ols=40@0.20z2.00 mpairs=40@0.20k3z1.50c0.65 leadlag=60@0.50k1z0.00c0.06 adapt=10@2.00 vt=20@0.70-2.00,-2.6,-2.6,-0.02,27485946.0,30.1,115.27,-181.29,False
"(5, 20)",,0.195,100000.0,10000.0,1.0,10,0.0,10,60,1.15,0.22,1.0,5,0.0,False,40,0.0,2.0,1.0,0.0,40,0.2,2.0,False,40,0.2,3,1.5,0.65,60,80,0.75,1,0.0,0.06,10,2.0,1.0,1.0,20,0.7,2.0,lb=5/20 w=eq band=0.195 algo=100000 reg=10/60@1.15x0.22 ols=40@0.20z2.00 mpairs=40@0.20k3z1.50c0.65 leadlag=60@0.75k1z0.00c0.06 adapt=10@2.00 vt=20@0.70-2.00,-2.6,-2.6,-0.02,27485946.0,30.1,115.27,-181.29,False
"(5, 20)",,0.195,100000.0,10000.0,1.0,10,0.0,10,60,1.15,0.22,1.0,5,0.0,False,40,0.0,2.0,1.0,0.0,40,0.2,2.0,False,40,0.2,3,1.5,0.65,60,80,1.0,1,0.0,0.06,10,2.0,1.0,1.0,20,0.7,2.0,lb=5/20 w=eq band=0.195 algo=100000 reg=10/60@1.15x0.22 ols=40@0.20z2.00 mpairs=40@0.20k3z1.50c0.65 leadlag=60@1.00k1z0.00c0.06 adapt=10@2.00 vt=20@0.70-2.00,-2.6,-2.6,-0.02,27485946.0,30.1,115.27,-181.29,False
"(5, 20)",,0.195,100000.0,10000.0,1.0,10,0.0,10,60,1.15,0.22,1.0,5,0.0,False,40,0.0,2.0,1.0,0.0,40,0.2,2.0,False,40,0.2,3,1.5,0.65,60,80,0.15,1,0.5,0.06,10,2.0,1.0,1.0,20,0.7,2.0,lb=5/20 w=eq band=0.195 algo=100000 reg=10/60@1.15x0.22 ols=40@0.20z2.00 mpairs=40@0.20k3z1.50c0.65 leadlag=60@0.15k1z0.50c0.06 adapt=10@2.00 vt=20@0.70-2.00,-2.6,-2.6,-0.02,27485946.0,30.1,115.27,-181.29,False
"(5, 20)",,0.195,100000.0,10000.0,1.0,10,0.0,10,60,1.15,0.22,1.0,5,0.0,False,40,0.0,2.0,1.0,0.0,40,0.2,2.0,False,40,0.2,3,1.5,0.65,60,80,0.3,1,0.5,0.06,10,2.0,1.0,1.0,20,0.7,2.0,lb=5/20 w=eq band=0.195 algo=100000 reg=10/60@1.15x0.22 ols=40@0.20z2.00 mpairs=40@0.20k3z1.50c0.65 leadlag=60@0.30k1z0.50c0.06 adapt=10@2.00 vt=20@0.70-2.00,-2.6,-2.6,-0.02,27485946.0,30.1,115.27,-181.29,False
"(5, 20)",,0.195,100000.0,10000.0,1.0,10,0.0,10,60,1.15,0.22,1.0,5,0.0,False,40,0.0,2.0,1.0,0.0,40,0.2,2.0,False,40,0.2,3,1.5,0.65,60,80,0.5,1,0.5,0.06,10,2.0,1.0,1.0,20,0.7,2.0,lb=5/20 w=eq band=0.195 algo=100000 reg=10/60@1.15x0.22 ols=40@0.20z2.00 mpairs=40@0.20k3z1.50c0.65 leadlag=60@0.50k1z0.50c0.06 adapt=10@2.00 vt=20@0.70-2.00,-2.6,-2.6,-0.02,27485946.0,30.1,115.27,-181.29,False
"(5, 20)",,0.195,100000.0,10000.0,1.0,10,0.0,10,60,1.15,0.22,1.0,5,0.0,False,40,0.0,2.0,1.0,0.0,40,0.2,2.0,False,40,0.2,3,1.5,0.65,60,80,0.75,1,0.5,0.06,10,2.0,1.0,1.0,20,0.7,2.0,lb=5/20 w=eq band=0.195 algo=100000 reg=10/60@1.15x0.22 ols=40@0.20z2.00 mpairs=40@0.20k3z1.50c0.65 leadlag=60@0.75k1z0.50c0.06 adapt=10@2.00 vt=20@0.70-2.00,-2.6,-2.6,-0.02,27485946.0,30.1,115.27,-181.29,False
"(5, 20)",,0.195,100000.0,10000.0,1.0,10,0.0,10,60,1.15,0.22,1.0,5,0.0,False,40,0.0,2.0,1.0,0.0,40,0.2,2.0,False,40,0.2,3,1.5,0.65,60,80,1.0,1,0.5,0.06,10,2.0,1.0,1.0,20,0.7,2.0,lb=5/20 w=eq band=0.195 algo=100000 reg=10/60@1.15x0.22 ols=40@0.20z2.00 mpairs=40@0.20k3z1.50c0.65 leadlag=60@1.00k1z0.50c0.06 adapt=10@2.00 vt=20@0.70-2.00,-2.6,-2.6,-0.02,27485946.0,30.1,115.27,-181.29,False
"(5, 20)",,0.195,100000.0,10000.0,1.0,10,0.0,10,60,1.15,0.22,1.0,5,0.0,False,40,0.0,2.0,1.0,0.0,40,0.2,2.0,False,40,0.2,3,1.5,0.65,60,80,0.15,1,1.0,0.06,10,2.0,1.0,1.0,20,0.7,2.0,lb=5/20 w=eq band=0.195 algo=100000 reg=10/60@1.15x0.22 ols=40@0.20z2.00 mpairs=40@0.20k3z1.50c0.65 leadlag=60@0.15k1z1.00c0.06 adapt=10@2.00 vt=20@0.70-2.00,-2.6,-2.6,-0.02,27485946.0,30.1,115.27,-181.29,False
"(5, 20)",,0.195,100000.0,10000.0,1.0,10,0.0,10,60,1.15,0.22,1.0,5,0.0,False,40,0.0,2.0,1.0,0.0,40,0.2,2.0,False,40,0.2,3,1.5,0.65,60,80,0.3,1,1.0,0.06,10,2.0,1.0,1.0,20,0.7,2.0,lb=5/20 w=eq band=0.195 algo=100000 reg=10/60@1.15x0.22 ols=40@0.20z2.00 mpairs=40@0.20k3z1.50c0.65 leadlag=60@0.30k1z1.00c0.06 adapt=10@2.00 vt=20@0.70-2.00,-2.6,-2.6,-0.02,27485946.0,30.1,115.27,-181.29,False
"(5, 20)",,0.195,100000.0,10000.0,1.0,10,0.0,10,60,1.15,0.22,1.0,5,0.0,False,40,0.0,2.0,1.0,0.0,40,0.2,2.0,False,40,0.2,3,1.5,0.65,60,80,0.5,1,1.0,0.06,10,2.0,1.0,1.0,20,0.7,2.0,lb=5/20 w=eq band=0.195 algo=100000 reg=10/60@1.15x0.22 ols=40@0.20z2.00 mpairs=40@0.20k3z1.50c0.65 leadlag=60@0.50k1z1.00c0.06 adapt=10@2.00 vt=20@0.70-2.00,-2.6,-2.6,-0.02,27485946.0,30.1,115.27,-181.29,False
"(5, 20)",,0.195,100000.0,10000.0,1.0,10,0.0,10,60,1.15,0.22,1.0,5,0.0,False,40,0.0,2.0,1.0,0.0,40,0.2,2.0,False,40,0.2,3,1.5,0.65,60,80,0.75,1,1.0,0.06,10,2.0,1.0,1.0,20,0.7,2.0,lb=5/20 w=eq band=0.195 algo=100000 reg=10/60@1.15x0.22 ols=40@0.20z2.00 mpairs=40@0.20k3z1.50c0.65 leadlag=60@0.75k1z1.00c0.06 adapt=10@2.00 vt=20@0.70-2.00,-2.6,-2.6,-0.02,27485946.0,30.1,115.27,-181.29,False
"(5, 20)",,0.195,100000.0,10000.0,1.0,10,0.0,10,60,1.15,0.22,1.0,5,0.0,False,40,0.0,2.0,1.0,0.0,40,0.2,2.0,False,40,0.2,3,1.5,0.65,60,80,1.0,1,1.0,0.06,10,2.0,1.0,1.0,20,0.7,2.0,lb=5/20 w=eq band=0.195 algo=100000 reg=10/60@1.15x0.22 ols=40@0.20z2.00 mpairs=40@0.20k3z1.50c0.65 leadlag=60@1.00k1z1.00c0.06 adapt=10@2.00 vt=20@0.70-2.00,-2.6,-2.6,-0.02,27485946.0,30.1,115.27,-181.29,False
"(5, 20)",,0.195,100000.0,10000.0,1.0,10,0.0,10,60,1.15,0.22,1.0,5,0.0,False,40,0.0,2.0,1.0,0.0,40,0.2,2.0,False,40,0.2,3,1.5,0.65,60,80,0.15,1,0.0,0.1,10,2.0,1.0,1.0,20,0.7,2.0,lb=5/20 w=eq band=0.195 algo=100000 reg=10/60@1.15x0.22 ols=40@0.20z2.00 mpairs=40@0.20k3z1.50c0.65 leadlag=60@0.15k1z0.00c0.10 adapt=10@2.00 vt=20@0.70-2.00,-2.6,-2.6,-0.02,27485946.0,30.1,115.27,-181.29,False
"(5, 20)",,0.195,100000.0,10000.0,1.0,10,0.0,10,60,1.15,0.22,1.0,5,0.0,False,40,0.0,2.0,1.0,0.0,40,0.2,2.0,False,40,0.2,3,1.5,0.65,60,80,0.3,1,0.0,0.1,10,2.0,1.0,1.0,20,0.7,2.0,lb=5/20 w=eq band=0.195 algo=100000 reg=10/60@1.15x0.22 ols=40@0.20z2.00 mpairs=40@0.20k3z1.50c0.65 leadlag=60@0.30k1z0.00c0.10 adapt=10@2.00 vt=20@0.70-2.00,-2.6,-2.6,-0.02,27485946.0,30.1,115.27,-181.29,False
"(5, 20)",,0.195,100000.0,10000.0,1.0,10,0.0,10,60,1.15,0.22,1.0,5,0.0,False,40,0.0,2.0,1.0,0.0,40,0.2,2.0,False,40,0.2,3,1.5,0.65,60,80,0.5,1,0.0,0.1,10,2.0,1.0,1.0,20,0.7,2.0,lb=5/20 w=eq band=0.195 algo=100000 reg=10/60@1.15x0.22 ols=40@0.20z2.00 mpairs=40@0.20k3z1.50c0.65 leadlag=60@0.50k1z0.00c0.10 adapt=10@2.00 vt=20@0.70-2.00,-2.6,-2.6,-0.02,27485946.0,30.1,115.27,-181.29,False
"(5, 20)",,0.195,100000.0,10000.0,1.0,10,0.0,10,60,1.15,0.22,1.0,5,0.0,False,40,0.0,2.0,1.0,0.0,40,0.2,2.0,False,40,0.2,3,1.5,0.65,60,80,0.75,1,0.0,0.1,10,2.0,1.0,1.0,20,0.7,2.0,lb=5/20 w=eq band=0.195 algo=100000 reg=10/60@1.15x0.22 ols=40@0.20z2.00 mpairs=40@0.20k3z1.50c0.65 leadlag=60@0.75k1z0.00c0.10 adapt=10@2.00 vt=20@0.70-2.00,-2.6,-2.6,-0.02,27485946.0,30.1,115.27,-181.29,False
"(5, 20)",,0.195,100000.0,10000.0,1.0,10,0.0,10,60,1.15,0.22,1.0,5,0.0,False,40,0.0,2.0,1.0,0.0,40,0.2,2.0,False,40,0.2,3,1.5,0.65,60,80,1.0,1,0.0,0.1,10,2.0,1.0,1.0,20,0.7,2.0,lb=5/20 w=eq band=0.195 algo=100000 reg=10/60@1.15x0.22 ols=40@0.20z2.00 mpairs=40@0.20k3z1.50c0.65 leadlag=60@1.00k1z0.00c0.10 adapt=10@2.00 vt=20@0.70-2.00,-2.6,-2.6,-0.02,27485946.0,30.1,115.27,-181.29,False
"(5, 20)",,0.195,100000.0,10000.0,1.0,10,0.0,10,60,1.15,0.22,1.0,5,0.0,False,40,0.0,2.0,1.0,0.0,40,0.2,2.0,False,40,0.2,3,1.5,0.65,60,80,0.15,1,0.5,0.1,10,2.0,1.0,1.0,20,0.7,2.0,lb=5/20 w=eq band=0.195 algo=100000 reg=10/60@1.15x0.22 ols=40@0.20z2.00 mpairs=40@0.20k3z1.50c0.65 leadlag=60@0.15k1z0.50c0.10 adapt=10@2.00 vt=20@0.70-2.00,-2.6,-2.6,-0.02,27485946.0,30.1,115.27,-181.29,False
"(5, 20)",,0.195,100000.0,10000.0,1.0,10,0.0,10,60,1.15,0.22,1.0,5,0.0,False,40,0.0,2.0,1.0,0.0,40,0.2,2.0,False,40,0.2,3,1.5,0.65,60,80,0.3,1,0.5,0.1,10,2.0,1.0,1.0,20,0.7,2.0,lb=5/20 w=eq band=0.195 algo=100000 reg=10/60@1.15x0.22 ols=40@0.20z2.00 mpairs=40@0.20k3z1.50c0.65 leadlag=60@0.30k1z0.50c0.10 adapt=10@2.00 vt=20@0.70-2.00,-2.6,-2.6,-0.02,27485946.0,30.1,115.27,-181.29,False
"(5, 20)",,0.195,100000.0,10000.0,1.0,10,0.0,10,60,1.15,0.22,1.0,5,0.0,False,40,0.0,2.0,1.0,0.0,40,0.2,2.0,False,40,0.2,3,1.5,0.65,60,80,0.5,1,0.5,0.1,10,2.0,1.0,1.0,20,0.7,2.0,lb=5/20 w=eq band=0.195 algo=100000 reg=10/60@1.15x0.22 ols=40@0.20z2.00 mpairs=40@0.20k3z1.50c0.65 leadlag=60@0.50k1z0.50c0.10 adapt=10@2.00 vt=20@0.70-2.00,-2.6,-2.6,-0.02,27485946.0,30.1,115.27,-181.29,False
"(5, 20)",,0.195,100000.0,10000.0,1.0,10,0.0,10,60,1.15,0.22,1.0,5,0.0,False,40,0.0,2.0,1.0,0.0,40,0.2,2.0,False,40,0.2,3,1.5,0.65,60,80,0.75,1,0.5,0.1,10,2.0,1.0,1.0,20,0.7,2.0,lb=5/20 w=eq band=0.195 algo=100000 reg=10/60@1.15x0.22 ols=40@0.20z2.00 mpairs=40@0.20k3z1.50c0.65 leadlag=60@0.75k1z0.50c0.10 adapt=10@2.00 vt=20@0.70-2.00,-2.6,-2.6,-0.02,27485946.0,30.1,115.27,-181.29,False
"(5, 20)",,0.195,100000.0,10000.0,1.0,10,0.0,10,60,1.15,0.22,1.0,5,0.0,False,40,0.0,2.0,1.0,0.0,40,0.2,2.0,False,40,0.2,3,1.5,0.65,60,80,1.0,1,0.5,0.1,10,2.0,1.0,1.0,20,0.7,2.0,lb=5/20 w=eq band=0.195 algo=100000 reg=10/60@1.15x0.22 ols=40@0.20z2.00 mpairs=40@0.20k3z1.50c0.65 leadlag=60@1.00k1z0.50c0.10 adapt=10@2.00 vt=20@0.70-2.00,-2.6,-2.6,-0.02,27485946.0,30.1,115.27,-181.29,False
"(5, 20)",,0.195,100000.0,10000.0,1.0,10,0.0,10,60,1.15,0.22,1.0,5,0.0,False,40,0.0,2.0,1.0,0.0,40,0.2,2.0,False,40,0.2,3,1.5,0.65,60,80,0.15,1,1.0,0.1,10,2.0,1.0,1.0,20,0.7,2.0,lb=5/20 w=eq band=0.195 algo=100000 reg=10/60@1.15x0.22 ols=40@0.20z2.00 mpairs=40@0.20k3z1.50c0.65 leadlag=60@0.15k1z1.00c0.10 adapt=10@2.00 vt=20@0.70-2.00,-2.6,-2.6,-0.02,27485946.0,30.1,115.27,-181.29,False
"(5, 20)",,0.195,100000.0,10000.0,1.0,10,0.0,10,60,1.15,0.22,1.0,5,0.0,False,40,0.0,2.0,1.0,0.0,40,0.2,2.0,False,40,0.2,3,1.5,0.65,60,80,0.3,1,1.0,0.1,10,2.0,1.0,1.0,20,0.7,2.0,lb=5/20 w=eq band=0.195 algo=100000 reg=10/60@1.15x0.22 ols=40@0.20z2.00 mpairs=40@0.20k3z1.50c0.65 leadlag=60@0.30k1z1.00c0.10 adapt=10@2.00 vt=20@0.70-2.00,-2.6,-2.6,-0.02,27485946.0,30.1,115.27,-181.29,False
"(5, 20)",,0.195,100000.0,10000.0,1.0,10,0.0,10,60,1.15,0.22,1.0,5,0.0,False,40,0.0,2.0,1.0,0.0,40,0.2,2.0,False,40,0.2,3,1.5,0.65,60,80,0.5,1,1.0,0.1,10,2.0,1.0,1.0,20,0.7,2.0,lb=5/20 w=eq band=0.195 algo=100000 reg=10/60@1.15x0.22 ols=40@0.20z2.00 mpairs=40@0.20k3z1.50c0.65 leadlag=60@0.50k1z1.00c0.10 adapt=10@2.00 vt=20@0.70-2.00,-2.6,-2.6,-0.02,27485946.0,30.1,115.27,-181.29,False
"(5, 20)",,0.195,100000.0,10000.0,1.0,10,0.0,10,60,1.15,0.22,1.0,5,0.0,False,40,0.0,2.0,1.0,0.0,40,0.2,2.0,False,40,0.2,3,1.5,0.65,60,80,0.75,1,1.0,0.1,10,2.0,1.0,1.0,20,0.7,2.0,lb=5/20 w=eq band=0.195 algo=100000 reg=10/60@1.15x0.22 ols=40@0.20z2.00 mpairs=40@0.20k3z1.50c0.65 leadlag=60@0.75k1z1.00c0.10 adapt=10@2.00 vt=20@0.70-2.00,-2.6,-2.6,-0.02,27485946.0,30.1,115.27,-181.29,False
"(5, 20)",,0.195,100000.0,10000.0,1.0,10,0.0,10,60,1.15,0.22,1.0,5,0.0,False,40,0.0,2.0,1.0,0.0,40,0.2,2.0,False,40,0.2,3,1.5,0.65,60,80,1.0,1,1.0,0.1,10,2.0,1.0,1.0,20,0.7,2.0,lb=5/20 w=eq band=0.195 algo=100000 reg=10/60@1.15x0.22 ols=40@0.20z2.00 mpairs=40@0.20k3z1.50c0.65 leadlag=60@1.00k1z1.00c0.10 adapt=10@2.00 vt=20@0.70-2.00,-2.6,-2.6,-0.02,27485946.0,30.1,115.27,-181.29,False
"(5, 20)",,0.195,100000.0,10000.0,1.0,10,0.0,10,60,1.15,0.22,1.0,5,0.0,False,40,0.0,2.0,1.0,0.0,40,0.2,2.0,False,40,0.2,3,1.5,0.65,60,80,0.15,3,0.0,0.03,10,2.0,1.0,1.0,20,0.7,2.0,lb=5/20 w=eq band=0.195 algo=100000 reg=10/60@1.15x0.22 ols=40@0.20z2.00 mpairs=40@0.20k3z1.50c0.65 leadlag=60@0.15k3z0.00c0.03 adapt=10@2.00 vt=20@0.70-2.00,-2.6,-2.6,-0.02,27485946.0,30.1,115.27,-181.29,False
"(5, 20)",,0.195,100000.0,10000.0,1.0,10,0.0,10,60,1.15,0.22,1.0,5,0.0,False,40,0.0,2.0,1.0,0.0,40,0.2,2.0,False,40,0.2,3,1.5,0.65,60,80,0.3,3,0.0,0.03,10,2.0,1.0,1.0,20,0.7,2.0,lb=5/20 w=eq band=0.195 algo=100000 reg=10/60@1.15x0.22 ols=40@0.20z2.00 mpairs=40@0.20k3z1.50c0.65 leadlag=60@0.30k3z0.00c0.03 adapt=10@2.00 vt=20@0.70-2.00,-2.6,-2.6,-0.02,27485946.0,30.1,115.27,-181.29,False
"(5, 20)",,0.195,100000.0,10000.0,1.0,10,0.0,10,60,1.15,0.22,1.0,5,0.0,False,40,0.0,2.0,1.0,0.0,40,0.2,2.0,False,40,0.2,3,1.5,0.65,60,80,0.5,3,0.0,0.03,10,2.0,1.0,1.0,20,0.7,2.0,lb=5/20 w=eq band=0.195 algo=100000 reg=10/60@1.15x0.22 ols=40@0.20z2.00 mpairs=40@0.20k3z1.50c0.65 leadlag=60@0.50k3z0.00c0.03 adapt=10@2.00 vt=20@0.70-2.00,-2.6,-2.6,-0.02,27485946.0,30.1,115.27,-181.29,False
"(5, 20)",,0.195,100000.0,10000.0,1.0,10,0.0,10,60,1.15,0.22,1.0,5,0.0,False,40,0.0,2.0,1.0,0.0,40,0.2,2.0,False,40,0.2,3,1.5,0.65,60,80,0.75,3,0.0,0.03,10,2.0,1.0,1.0,20,0.7,2.0,lb=5/20 w=eq band=0.195 algo=100000 reg=10/60@1.15x0.22 ols=40@0.20z2.00 mpairs=40@0.20k3z1.50c0.65 leadlag=60@0.75k3z0.00c0.03 adapt=10@2.00 vt=20@0.70-2.00,-2.6,-2.6,-0.02,27485946.0,30.1,115.27,-181.29,False
"(5, 20)",,0.195,100000.0,10000.0,1.0,10,0.0,10,60,1.15,0.22,1.0,5,0.0,False,40,0.0,2.0,1.0,0.0,40,0.2,2.0,False,40,0.2,3,1.5,0.65,60,80,1.0,3,0.0,0.03,10,2.0,1.0,1.0,20,0.7,2.0,lb=5/20 w=eq band=0.195 algo=100000 reg=10/60@1.15x0.22 ols=40@0.20z2.00 mpairs=40@0.20k3z1.50c0.65 leadlag=60@1.00k3z0.00c0.03 adapt=10@2.00 vt=20@0.70-2.00,-2.6,-2.6,-0.02,27485946.0,30.1,115.27,-181.29,False
"(5, 20)",,0.195,100000.0,10000.0,1.0,10,0.0,10,60,1.15,0.22,1.0,5,0.0,False,40,0.0,2.0,1.0,0.0,40,0.2,2.0,False,40,0.2,3,1.5,0.65,60,80,0.15,3,0.5,0.03,10,2.0,1.0,1.0,20,0.7,2.0,lb=5/20 w=eq band=0.195 algo=100000 reg=10/60@1.15x0.22 ols=40@0.20z2.00 mpairs=40@0.20k3z1.50c0.65 leadlag=60@0.15k3z0.50c0.03 adapt=10@2.00 vt=20@0.70-2.00,-2.6,-2.6,-0.02,27485946.0,30.1,115.27,-181.29,False
"(5, 20)",,0.195,100000.0,10000.0,1.0,10,0.0,10,60,1.15,0.22,1.0,5,0.0,False,40,0.0,2.0,1.0,0.0,40,0.2,2.0,False,40,0.2,3,1.5,0.65,60,80,0.3,3,0.5,0.03,10,2.0,1.0,1.0,20,0.7,2.0,lb=5/20 w=eq band=0.195 algo=100000 reg=10/60@1.15x0.22 ols=40@0.20z2.00 mpairs=40@0.20k3z1.50c0.65 leadlag=60@0.30k3z0.50c0.03 adapt=10@2.00 vt=20@0.70-2.00,-2.6,-2.6,-0.02,27485946.0,30.1,115.27,-181.29,False
"(5, 20)",,0.195,100000.0,10000.0,1.0,10,0.0,10,60,1.15,0.22,1.0,5,0.0,False,40,0.0,2.0,1.0,0.0,40,0.2,2.0,False,40,0.2,3,1.5,0.65,60,80,0.5,3,0.5,0.03,10,2.0,1.0,1.0,20,0.7,2.0,lb=5/20 w=eq band=0.195 algo=100000 reg=10/60@1.15x0.22 ols=40@0.20z2.00 mpairs=40@0.20k3z1.50c0.65 leadlag=60@0.50k3z0.50c0.03 adapt=10@2.00 vt=20@0.70-2.00,-2.6,-2.6,-0.02,27485946.0,30.1,115.27,-181.29,False
"(5, 20)",,0.195,100000.0,10000.0,1.0,10,0.0,10,60,1.15,0.22,1.0,5,0.0,False,40,0.0,2.0,1.0,0.0,40,0.2,2.0,False,40,0.2,3,1.5,0.65,60,80,0.75,3,0.5,0.03,10,2.0,1.0,1.0,20,0.7,2.0,lb=5/20 w=eq band=0.195 algo=100000 reg=10/60@1.15x0.22 ols=40@0.20z2.00 mpairs=40@0.20k3z1.50c0.65 leadlag=60@0.75k3z0.50c0.03 adapt=10@2.00 vt=20@0.70-2.00,-2.6,-2.6,-0.02,27485946.0,30.1,115.27,-181.29,False
"(5, 20)",,0.195,100000.0,10000.0,1.0,10,0.0,10,60,1.15,0.22,1.0,5,0.0,False,40,0.0,2.0,1.0,0.0,40,0.2,2.0,False,40,0.2,3,1.5,0.65,60,80,1.0,3,0.5,0.03,10,2.0,1.0,1.0,20,0.7,2.0,lb=5/20 w=eq band=0.195 algo=100000 reg=10/60@1.15x0.22 ols=40@0.20z2.00 mpairs=40@0.20k3z1.50c0.65 leadlag=60@1.00k3z0.50c0.03 adapt=10@2.00 vt=20@0.70-2.00,-2.6,-2.6,-0.02,27485946.0,30.1,115.27,-181.29,False
"(5, 20)",,0.195,100000.0,10000.0,1.0,10,0.0,10,60,1.15,0.22,1.0,5,0.0,False,40,0.0,2.0,1.0,0.0,40,0.2,2.0,False,40,0.2,3,1.5,0.65,60,80,0.15,3,1.0,0.03,10,2.0,1.0,1.0,20,0.7,2.0,lb=5/20 w=eq band=0.195 algo=100000 reg=10/60@1.15x0.22 ols=40@0.20z2.00 mpairs=40@0.20k3z1.50c0.65 leadlag=60@0.15k3z1.00c0.03 adapt=10@2.00 vt=20@0.70-2.00,-2.6,-2.6,-0.02,27485946.0,30.1,115.27,-181.29,False
"(5, 20)",,0.195,100000.0,10000.0,1.0,10,0.0,10,60,1.15,0.22,1.0,5,0.0,False,40,0.0,2.0,1.0,0.0,40,0.2,2.0,False,40,0.2,3,1.5,0.65,60,80,0.3,3,1.0,0.03,10,2.0,1.0,1.0,20,0.7,2.0,lb=5/20 w=eq band=0.195 algo=100000 reg=10/60@1.15x0.22 ols=40@0.20z2.00 mpairs=40@0.20k3z1.50c0.65 leadlag=60@0.30k3z1.00c0.03 adapt=10@2.00 vt=20@0.70-2.00,-2.6,-2.6,-0.02,27485946.0,30.1,115.27,-181.29,False
"(5, 20)",,0.195,100000.0,10000.0,1.0,10,0.0,10,60,1.15,0.22,1.0,5,0.0,False,40,0.0,2.0,1.0,0.0,40,0.2,2.0,False,40,0.2,3,1.5,0.65,60,80,0.5,3,1.0,0.03,10,2.0,1.0,1.0,20,0.7,2.0,lb=5/20 w=eq band=0.195 algo=100000 reg=10/60@1.15x0.22 ols=40@0.20z2.00 mpairs=40@0.20k3z1.50c0.65 leadlag=60@0.50k3z1.00c0.03 adapt=10@2.00 vt=20@0.70-2.00,-2.6,-2.6,-0.02,27485946.0,30.1,115.27,-181.29,False
"(5, 20)",,0.195,100000.0,10000.0,1.0,10,0.0,10,60,1.15,0.22,1.0,5,0.0,False,40,0.0,2.0,1.0,0.0,40,0.2,2.0,False,40,0.2,3,1.5,0.65,60,80,0.75,3,1.0,0.03,10,2.0,1.0,1.0,20,0.7,2.0,lb=5/20 w=eq band=0.195 algo=100000 reg=10/60@1.15x0.22 ols=40@0.20z2.00 mpairs=40@0.20k3z1.50c0.65 leadlag=60@0.75k3z1.00c0.03 adapt=10@2.00 vt=20@0.70-2.00,-2.6,-2.6,-0.02,27485946.0,30.1,115.27,-181.29,False
"(5, 20)",,0.195,100000.0,10000.0,1.0,10,0.0,10,60,1.15,0.22,1.0,5,0.0,False,40,0.0,2.0,1.0,0.0,40,0.2,2.0,False,40,0.2,3,1.5,0.65,60,80,1.0,3,1.0,0.03,10,2.0,1.0,1.0,20,0.7,2.0,lb=5/20 w=eq band=0.195 algo=100000 reg=10/60@1.15x0.22 ols=40@0.20z2.00 mpairs=40@0.20k3z1.50c0.65 leadlag=60@1.00k3z1.00c0.03 adapt=10@2.00 vt=20@0.70-2.00,-2.6,-2.6,-0.02,27485946.0,30.1,115.27,-181.29,False
"(5, 20)",,0.195,100000.0,10000.0,1.0,10,0.0,10,60,1.15,0.22,1.0,5,0.0,False,40,0.0,2.0,1.0,0.0,40,0.2,2.0,False,40,0.2,3,1.5,0.65,60,80,0.15,3,0.0,0.06,10,2.0,1.0,1.0,20,0.7,2.0,lb=5/20 w=eq band=0.195 algo=100000 reg=10/60@1.15x0.22 ols=40@0.20z2.00 mpairs=40@0.20k3z1.50c0.65 leadlag=60@0.15k3z0.00c0.06 adapt=10@2.00 vt=20@0.70-2.00,-2.6,-2.6,-0.02,27485946.0,30.1,115.27,-181.29,False
"(5, 20)",,0.195,100000.0,10000.0,1.0,10,0.0,10,60,1.15,0.22,1.0,5,0.0,False,40,0.0,2.0,1.0,0.0,40,0.2,2.0,False,40,0.2,3,1.5,0.65,60,80,0.3,3,0.0,0.06,10,2.0,1.0,1.0,20,0.7,2.0,lb=5/20 w=eq band=0.195 algo=100000 reg=10/60@1.15x0.22 ols=40@0.20z2.00 mpairs=40@0.20k3z1.50c0.65 leadlag=60@0.30k3z0.00c0.06 adapt=10@2.00 vt=20@0.70-2.00,-2.6,-2.6,-0.02,27485946.0,30.1,115.27,-181.29,False
"(5, 20)",,0.195,100000.0,10000.0,1.0,10,0.0,10,60,1.15,0.22,1.0,5,0.0,False,40,0.0,2.0,1.0,0.0,40,0.2,2.0,False,40,0.2,3,1.5,0.65,60,80,0.5,3,0.0,0.06,10,2.0,1.0,1.0,20,0.7,2.0,lb=5/20 w=eq band=0.195 algo=100000 reg=10/60@1.15x0.22 ols=40@0.20z2.00 mpairs=40@0.20k3z1.50c0.65 leadlag=60@0.50k3z0.00c0.06 adapt=10@2.00 vt=20@0.70-2.00,-2.6,-2.6,-0.02,27485946.0,30.1,115.27,-181.29,False
"(5, 20)",,0.195,100000.0,10000.0,1.0,10,0.0,10,60,1.15,0.22,1.0,5,0.0,False,40,0.0,2.0,1.0,0.0,40,0.2,2.0,False,40,0.2,3,1.5,0.65,60,80,0.75,3,0.0,0.06,10,2.0,1.0,1.0,20,0.7,2.0,lb=5/20 w=eq band=0.195 algo=100000 reg=10/60@1.15x0.22 ols=40@0.20z2.00 mpairs=40@0.20k3z1.50c0.65 leadlag=60@0.75k3z0.00c0.06 adapt=10@2.00 vt=20@0.70-2.00,-2.6,-2.6,-0.02,27485946.0,30.1,115.27,-181.29,False
"(5, 20)",,0.195,100000.0,10000.0,1.0,10,0.0,10,60,1.15,0.22,1.0,5,0.0,False,40,0.0,2.0,1.0,0.0,40,0.2,2.0,False,40,0.2,3,1.5,0.65,60,80,1.0,3,0.0,0.06,10,2.0,1.0,1.0,20,0.7,2.0,lb=5/20 w=eq band=0.195 algo=100000 reg=10/60@1.15x0.22 ols=40@0.20z2.00 mpairs=40@0.20k3z1.50c0.65 leadlag=60@1.00k3z0.00c0.06 adapt=10@2.00 vt=20@0.70-2.00,-2.6,-2.6,-0.02,27485946.0,30.1,115.27,-181.29,False
"(5, 20)",,0.195,100000.0,10000.0,1.0,10,0.0,10,60,1.15,0.22,1.0,5,0.0,False,40,0.0,2.0,1.0,0.0,40,0.2,2.0,False,40,0.2,3,1.5,0.65,60,80,0.15,3,0.5,0.06,10,2.0,1.0,1.0,20,0.7,2.0,lb=5/20 w=eq band=0.195 algo=100000 reg=10/60@1.15x0.22 ols=40@0.20z2.00 mpairs=40@0.20k3z1.50c0.65 leadlag=60@0.15k3z0.50c0.06 adapt=10@2.00 vt=20@0.70-2.00,-2.6,-2.6,-0.02,27485946.0,30.1,115.27,-181.29,False
"(5, 20)",,0.195,100000.0,10000.0,1.0,10,0.0,10,60,1.15,0.22,1.0,5,0.0,False,40,0.0,2.0,1.0,0.0,40,0.2,2.0,False,40,0.2,3,1.5,0.65,60,80,0.3,3,0.5,0.06,10,2.0,1.0,1.0,20,0.7,2.0,lb=5/20 w=eq band=0.195 algo=100000 reg=10/60@1.15x0.22 ols=40@0.20z2.00 mpairs=40@0.20k3z1.50c0.65 leadlag=60@0.30k3z0.50c0.06 adapt=10@2.00 vt=20@0.70-2.00,-2.6,-2.6,-0.02,27485946.0,30.1,115.27,-181.29,False
"(5, 20)",,0.195,100000.0,10000.0,1.0,10,0.0,10,60,1.15,0.22,1.0,5,0.0,False,40,0.0,2.0,1.0,0.0,40,0.2,2.0,False,40,0.2,3,1.5,0.65,60,80,0.5,3,0.5,0.06,10,2.0,1.0,1.0,20,0.7,2.0,lb=5/20 w=eq band=0.195 algo=100000 reg=10/60@1.15x0.22 ols=40@0.20z2.00 mpairs=40@0.20k3z1.50c0.65 leadlag=60@0.50k3z0.50c0.06 adapt=10@2.00 vt=20@0.70-2.00,-2.6,-2.6,-0.02,27485946.0,30.1,115.27,-181.29,False
"(5, 20)",,0.195,100000.0,10000.0,1.0,10,0.0,10,60,1.15,0.22,1.0,5,0.0,False,40,0.0,2.0,1.0,0.0,40,0.2,2.0,False,40,0.2,3,1.5,0.65,60,80,0.75,3,0.5,0.06,10,2.0,1.0,1.0,20,0.7,2.0,lb=5/20 w=eq band=0.195 algo=100000 reg=10/60@1.15x0.22 ols=40@0.20z2.00 mpairs=40@0.20k3z1.50c0.65 leadlag=60@0.75k3z0.50c0.06 adapt=10@2.00 vt=20@0.70-2.00,-2.6,-2.6,-0.02,27485946.0,30.1,115.27,-181.29,False
"(5, 20)",,0.195,100000.0,10000.0,1.0,10,0.0,10,60,1.15,0.22,1.0,5,0.0,False,40,0.0,2.0,1.0,0.0,40,0.2,2.0,False,40,0.2,3,1.5,0.65,60,80,1.0,3,0.5,0.06,10,2.0,1.0,1.0,20,0.7,2.0,lb=5/20 w=eq band=0.195 algo=100000 reg=10/60@1.15x0.22 ols=40@0.20z2.00 mpairs=40@0.20k3z1.50c0.65 leadlag=60@1.00k3z0.50c0.06 adapt=10@2.00 vt=20@0.70-2.00,-2.6,-2.6,-0.02,27485946.0,30.1,115.27,-181.29,False
"(5, 20)",,0.195,100000.0,10000.0,1.0,10,0.0,10,60,1.15,0.22,1.0,5,0.0,False,40,0.0,2.0,1.0,0.0,40,0.2,2.0,False,40,0.2,3,1.5,0.65,60,80,0.15,3,1.0,0.06,10,2.0,1.0,1.0,20,0.7,2.0,lb=5/20 w=eq band=0.195 algo=100000 reg=10/60@1.15x0.22 ols=40@0.20z2.00 mpairs=40@0.20k3z1.50c0.65 leadlag=60@0.15k3z1.00c0.06 adapt=10@2.00 vt=20@0.70-2.00,-2.6,-2.6,-0.02,27485946.0,30.1,115.27,-181.29,False
"(5, 20)",,0.195,100000.0,10000.0,1.0,10,0.0,10,60,1.15,0.22,1.0,5,0.0,False,40,0.0,2.0,1.0,0.0,40,0.2,2.0,False,40,0.2,3,1.5,0.65,60,80,0.3,3,1.0,0.06,10,2.0,1.0,1.0,20,0.7,2.0,lb=5/20 w=eq band=0.195 algo=100000 reg=10/60@1.15x0.22 ols=40@0.20z2.00 mpairs=40@0.20k3z1.50c0.65 leadlag=60@0.30k3z1.00c0.06 adapt=10@2.00 vt=20@0.70-2.00,-2.6,-2.6,-0.02,27485946.0,30.1,115.27,-181.29,False
"(5, 20)",,0.195,100000.0,10000.0,1.0,10,0.0,10,60,1.15,0.22,1.0,5,0.0,False,40,0.0,2.0,1.0,0.0,40,0.2,2.0,False,40,0.2,3,1.5,0.65,60,80,0.5,3,1.0,0.06,10,2.0,1.0,1.0,20,0.7,2.0,lb=5/20 w=eq band=0.195 algo=100000 reg=10/60@1.15x0.22 ols=40@0.20z2.00 mpairs=40@0.20k3z1.50c0.65 leadlag=60@0.50k3z1.00c0.06 adapt=10@2.00 vt=20@0.70-2.00,-2.6,-2.6,-0.02,27485946.0,30.1,115.27,-181.29,False
"(5, 20)",,0.195,100000.0,10000.0,1.0,10,0.0,10,60,1.15,0.22,1.0,5,0.0,False,40,0.0,2.0,1.0,0.0,40,0.2,2.0,False,40,0.2,3,1.5,0.65,60,80,0.75,3,1.0,0.06,10,2.0,1.0,1.0,20,0.7,2.0,lb=5/20 w=eq band=0.195 algo=100000 reg=10/60@1.15x0.22 ols=40@0.20z2.00 mpairs=40@0.20k3z1.50c0.65 leadlag=60@0.75k3z1.00c0.06 adapt=10@2.00 vt=20@0.70-2.00,-2.6,-2.6,-0.02,27485946.0,30.1,115.27,-181.29,False
"(5, 20)",,0.195,100000.0,10000.0,1.0,10,0.0,10,60,1.15,0.22,1.0,5,0.0,False,40,0.0,2.0,1.0,0.0,40,0.2,2.0,False,40,0.2,3,1.5,0.65,60,80,1.0,3,1.0,0.06,10,2.0,1.0,1.0,20,0.7,2.0,lb=5/20 w=eq band=0.195 algo=100000 reg=10/60@1.15x0.22 ols=40@0.20z2.00 mpairs=40@0.20k3z1.50c0.65 leadlag=60@1.00k3z1.00c0.06 adapt=10@2.00 vt=20@0.70-2.00,-2.6,-2.6,-0.02,27485946.0,30.1,115.27,-181.29,False
"(5, 20)",,0.195,100000.0,10000.0,1.0,10,0.0,10,60,1.15,0.22,1.0,5,0.0,False,40,0.0,2.0,1.0,0.0,40,0.2,2.0,False,40,0.2,3,1.5,0.65,60,80,0.15,3,0.0,0.1,10,2.0,1.0,1.0,20,0.7,2.0,lb=5/20 w=eq band=0.195 algo=100000 reg=10/60@1.15x0.22 ols=40@0.20z2.00 mpairs=40@0.20k3z1.50c0.65 leadlag=60@0.15k3z0.00c0.10 adapt=10@2.00 vt=20@0.70-2.00,-2.6,-2.6,-0.02,27485946.0,30.1,115.27,-181.29,False
"(5, 20)",,0.195,100000.0,10000.0,1.0,10,0.0,10,60,1.15,0.22,1.0,5,0.0,False,40,0.0,2.0,1.0,0.0,40,0.2,2.0,False,40,0.2,3,1.5,0.65,60,80,0.3,3,0.0,0.1,10,2.0,1.0,1.0,20,0.7,2.0,lb=5/20 w=eq band=0.195 algo=100000 reg=10/60@1.15x0.22 ols=40@0.20z2.00 mpairs=40@0.20k3z1.50c0.65 leadlag=60@0.30k3z0.00c0.10 adapt=10@2.00 vt=20@0.70-2.00,-2.6,-2.6,-0.02,27485946.0,30.1,115.27,-181.29,False
"(5, 20)",,0.195,100000.0,10000.0,1.0,10,0.0,10,60,1.15,0.22,1.0,5,0.0,False,40,0.0,2.0,1.0,0.0,40,0.2,2.0,False,40,0.2,3,1.5,0.65,60,80,0.5,3,0.0,0.1,10,2.0,1.0,1.0,20,0.7,2.0,lb=5/20 w=eq band=0.195 algo=100000 reg=10/60@1.15x0.22 ols=40@0.20z2.00 mpairs=40@0.20k3z1.50c0.65 leadlag=60@0.50k3z0.00c0.10 adapt=10@2.00 vt=20@0.70-2.00,-2.6,-2.6,-0.02,27485946.0,30.1,115.27,-181.29,False
"(5, 20)",,0.195,100000.0,10000.0,1.0,10,0.0,10,60,1.15,0.22,1.0,5,0.0,False,40,0.0,2.0,1.0,0.0,40,0.2,2.0,False,40,0.2,3,1.5,0.65,60,80,0.75,3,0.0,0.1,10,2.0,1.0,1.0,20,0.7,2.0,lb=5/20 w=eq band=0.195 algo=100000 reg=10/60@1.15x0.22 ols=40@0.20z2.00 mpairs=40@0.20k3z1.50c0.65 leadlag=60@0.75k3z0.00c0.10 adapt=10@2.00 vt=20@0.70-2.00,-2.6,-2.6,-0.02,27485946.0,30.1,115.27,-181.29,False
"(5, 20)",,0.195,100000.0,10000.0,1.0,10,0.0,10,60,1.15,0.22,1.0,5,0.0,False,40,0.0,2.0,1.0,0.0,40,0.2,2.0,False,40,0.2,3,1.5,0.65,60,80,1.0,3,0.0,0.1,10,2.0,1.0,1.0,20,0.7,2.0,lb=5/20 w=eq band=0.195 algo=100000 reg=10/60@1.15x0.22 ols=40@0.20z2.00 mpairs=40@0.20k3z1.50c0.65 leadlag=60@1.00k3z0.00c0.10 adapt=10@2.00 vt=20@0.70-2.00,-2.6,-2.6,-0.02,27485946.0,30.1,115.27,-181.29,False
"(5, 20)",,0.195,100000.0,10000.0,1.0,10,0.0,10,60,1.15,0.22,1.0,5,0.0,False,40,0.0,2.0,1.0,0.0,40,0.2,2.0,False,40,0.2,3,1.5,0.65,60,80,0.15,3,0.5,0.1,10,2.0,1.0,1.0,20,0.7,2.0,lb=5/20 w=eq band=0.195 algo=100000 reg=10/60@1.15x0.22 ols=40@0.20z2.00 mpairs=40@0.20k3z1.50c0.65 leadlag=60@0.15k3z0.50c0.10 adapt=10@2.00 vt=20@0.70-2.00,-2.6,-2.6,-0.02,27485946.0,30.1,115.27,-181.29,False
"(5, 20)",,0.195,100000.0,10000.0,1.0,10,0.0,10,60,1.15,0.22,1.0,5,0.0,False,40,0.0,2.0,1.0,0.0,40,0.2,2.0,False,40,0.2,3,1.5,0.65,60,80,0.3,3,0.5,0.1,10,2.0,1.0,1.0,20,0.7,2.0,lb=5/20 w=eq band=0.195 algo=100000 reg=10/60@1.15x0.22 ols=40@0.20z2.00 mpairs=40@0.20k3z1.50c0.65 leadlag=60@0.30k3z0.50c0.10 adapt=10@2.00 vt=20@0.70-2.00,-2.6,-2.6,-0.02,27485946.0,30.1,115.27,-181.29,False
"(5, 20)",,0.195,100000.0,10000.0,1.0,10,0.0,10,60,1.15,0.22,1.0,5,0.0,False,40,0.0,2.0,1.0,0.0,40,0.2,2.0,False,40,0.2,3,1.5,0.65,60,80,0.5,3,0.5,0.1,10,2.0,1.0,1.0,20,0.7,2.0,lb=5/20 w=eq band=0.195 algo=100000 reg=10/60@1.15x0.22 ols=40@0.20z2.00 mpairs=40@0.20k3z1.50c0.65 leadlag=60@0.50k3z0.50c0.10 adapt=10@2.00 vt=20@0.70-2.00,-2.6,-2.6,-0.02,27485946.0,30.1,115.27,-181.29,False
"(5, 20)",,0.195,100000.0,10000.0,1.0,10,0.0,10,60,1.15,0.22,1.0,5,0.0,False,40,0.0,2.0,1.0,0.0,40,0.2,2.0,False,40,0.2,3,1.5,0.65,60,80,0.75,3,0.5,0.1,10,2.0,1.0,1.0,20,0.7,2.0,lb=5/20 w=eq band=0.195 algo=100000 reg=10/60@1.15x0.22 ols=40@0.20z2.00 mpairs=40@0.20k3z1.50c0.65 leadlag=60@0.75k3z0.50c0.10 adapt=10@2.00 vt=20@0.70-2.00,-2.6,-2.6,-0.02,27485946.0,30.1,115.27,-181.29,False
"(5, 20)",,0.195,100000.0,10000.0,1.0,10,0.0,10,60,1.15,0.22,1.0,5,0.0,False,40,0.0,2.0,1.0,0.0,40,0.2,2.0,False,40,0.2,3,1.5,0.65,60,80,1.0,3,0.5,0.1,10,2.0,1.0,1.0,20,0.7,2.0,lb=5/20 w=eq band=0.195 algo=100000 reg=10/60@1.15x0.22 ols=40@0.20z2.00 mpairs=40@0.20k3z1.50c0.65 leadlag=60@1.00k3z0.50c0.10 adapt=10@2.00 vt=20@0.70-2.00,-2.6,-2.6,-0.02,27485946.0,30.1,115.27,-181.29,False
"(5, 20)",,0.195,100000.0,10000.0,1.0,10,0.0,10,60,1.15,0.22,1.0,5,0.0,False,40,0.0,2.0,1.0,0.0,40,0.2,2.0,False,40,0.2,3,1.5,0.65,60,80,0.15,3,1.0,0.1,10,2.0,1.0,1.0,20,0.7,2.0,lb=5/20 w=eq band=0.195 algo=100000 reg=10/60@1.15x0.22 ols=40@0.20z2.00 mpairs=40@0.20k3z1.50c0.65 leadlag=60@0.15k3z1.00c0.10 adapt=10@2.00 vt=20@0.70-2.00,-2.6,-2.6,-0.02,27485946.0,30.1,115.27,-181.29,False
"(5, 20)",,0.195,100000.0,10000.0,1.0,10,0.0,10,60,1.15,0.22,1.0,5,0.0,False,40,0.0,2.0,1.0,0.0,40,0.2,2.0,False,40,0.2,3,1.5,0.65,60,80,0.3,3,1.0,0.1,10,2.0,1.0,1.0,20,0.7,2.0,lb=5/20 w=eq band=0.195 algo=100000 reg=10/60@1.15x0.22 ols=40@0.20z2.00 mpairs=40@0.20k3z1.50c0.65 leadlag=60@0.30k3z1.00c0.10 adapt=10@2.00 vt=20@0.70-2.00,-2.6,-2.6,-0.02,27485946.0,30.1,115.27,-181.29,False
"(5, 20)",,0.195,100000.0,10000.0,1.0,10,0.0,10,60,1.15,0.22,1.0,5,0.0,False,40,0.0,2.0,1.0,0.0,40,0.2,2.0,False,40,0.2,3,1.5,0.65,60,80,0.5,3,1.0,0.1,10,2.0,1.0,1.0,20,0.7,2.0,lb=5/20 w=eq band=0.195 algo=100000 reg=10/60@1.15x0.22 ols=40@0.20z2.00 mpairs=40@0.20k3z1.50c0.65 leadlag=60@0.50k3z1.00c0.10 adapt=10@2.00 vt=20@0.70-2.00,-2.6,-2.6,-0.02,27485946.0,30.1,115.27,-181.29,False
"(5, 20)",,0.195,100000.0,10000.0,1.0,10,0.0,10,60,1.15,0.22,1.0,5,0.0,False,40,0.0,2.0,1.0,0.0,40,0.2,2.0,False,40,0.2,3,1.5,0.65,60,80,0.75,3,1.0,0.1,10,2.0,1.0,1.0,20,0.7,2.0,lb=5/20 w=eq band=0.195 algo=100000 reg=10/60@1.15x0.22 ols=40@0.20z2.00 mpairs=40@0.20k3z1.50c0.65 leadlag=60@0.75k3z1.00c0.10 adapt=10@2.00 vt=20@0.70-2.00,-2.6,-2.6,-0.02,27485946.0,30.1,115.27,-181.29,False
"(5, 20)",,0.195,100000.0,10000.0,1.0,10,0.0,10,60,1.15,0.22,1.0,5,0.0,False,40,0.0,2.0,1.0,0.0,40,0.2,2.0,False,40,0.2,3,1.5,0.65,60,80,1.0,3,1.0,0.1,10,2.0,1.0,1.0,20,0.7,2.0,lb=5/20 w=eq band=0.195 algo=100000 reg=10/60@1.15x0.22 ols=40@0.20z2.00 mpairs=40@0.20k3z1.50c0.65 leadlag=60@1.00k3z1.00c0.10 adapt=10@2.00 vt=20@0.70-2.00,-2.6,-2.6,-0.02,27485946.0,30.1,115.27,-181.29,False
"(5, 20)",,0.195,100000.0,10000.0,1.0,10,0.0,10,60,1.15,0.22,1.0,5,0.0,False,40,0.0,2.0,1.0,0.0,40,0.2,2.0,False,40,0.2,3,1.5,0.65,60,80,0.15,5,0.0,0.03,10,2.0,1.0,1.0,20,0.7,2.0,lb=5/20 w=eq band=0.195 algo=100000 reg=10/60@1.15x0.22 ols=40@0.20z2.00 mpairs=40@0.20k3z1.50c0.65 leadlag=60@0.15k5z0.00c0.03 adapt=10@2.00 vt=20@0.70-2.00,-2.6,-2.6,-0.02,27485946.0,30.1,115.27,-181.29,False
"(5, 20)",,0.195,100000.0,10000.0,1.0,10,0.0,10,60,1.15,0.22,1.0,5,0.0,False,40,0.0,2.0,1.0,0.0,40,0.2,2.0,False,40,0.2,3,1.5,0.65,60,80,0.3,5,0.0,0.03,10,2.0,1.0,1.0,20,0.7,2.0,lb=5/20 w=eq band=0.195 algo=100000 reg=10/60@1.15x0.22 ols=40@0.20z2.00 mpairs=40@0.20k3z1.50c0.65 leadlag=60@0.30k5z0.00c0.03 adapt=10@2.00 vt=20@0.70-2.00,-2.6,-2.6,-0.02,27485946.0,30.1,115.27,-181.29,False
"(5, 20)",,0.195,100000.0,10000.0,1.0,10,0.0,10,60,1.15,0.22,1.0,5,0.0,False,40,0.0,2.0,1.0,0.0,40,0.2,2.0,False,40,0.2,3,1.5,0.65,60,80,0.5,5,0.0,0.03,10,2.0,1.0,1.0,20,0.7,2.0,lb=5/20 w=eq band=0.195 algo=100000 reg=10/60@1.15x0.22 ols=40@0.20z2.00 mpairs=40@0.20k3z1.50c0.65 leadlag=60@0.50k5z0.00c0.03 adapt=10@2.00 vt=20@0.70-2.00,-2.6,-2.6,-0.02,27485946.0,30.1,115.27,-181.29,False
"(5, 20)",,0.195,100000.0,10000.0,1.0,10,0.0,10,60,1.15,0.22,1.0,5,0.0,False,40,0.0,2.0,1.0,0.0,40,0.2,2.0,False,40,0.2,3,1.5,0.65,60,80,0.75,5,0.0,0.03,10,2.0,1.0,1.0,20,0.7,2.0,lb=5/20 w=eq band=0.195 algo=100000 reg=10/60@1.15x0.22 ols=40@0.20z2.00 mpairs=40@0.20k3z1.50c0.65 leadlag=60@0.75k5z0.00c0.03 adapt=10@2.00 vt=20@0.70-2.00,-2.6,-2.6,-0.02,27485946.0,30.1,115.27,-181.29,False
"(5, 20)",,0.195,100000.0,10000.0,1.0,10,0.0,10,60,1.15,0.22,1.0,5,0.0,False,40,0.0,2.0,1.0,0.0,40,0.2,2.0,False,40,0.2,3,1.5,0.65,60,80,1.0,5,0.0,0.03,10,2.0,1.0,1.0,20,0.7,2.0,lb=5/20 w=eq band=0.195 algo=100000 reg=10/60@1.15x0.22 ols=40@0.20z2.00 mpairs=40@0.20k3z1.50c0.65 leadlag=60@1.00k5z0.00c0.03 adapt=10@2.00 vt=20@0.70-2.00,-2.6,-2.6,-0.02,27485946.0,30.1,115.27,-181.29,False
"(5, 20)",,0.195,100000.0,10000.0,1.0,10,0.0,10,60,1.15,0.22,1.0,5,0.0,False,40,0.0,2.0,1.0,0.0,40,0.2,2.0,False,40,0.2,3,1.5,0.65,60,80,0.15,5,0.5,0.03,10,2.0,1.0,1.0,20,0.7,2.0,lb=5/20 w=eq band=0.195 algo=100000 reg=10/60@1.15x0.22 ols=40@0.20z2.00 mpairs=40@0.20k3z1.50c0.65 leadlag=60@0.15k5z0.50c0.03 adapt=10@2.00 vt=20@0.70-2.00,-2.6,-2.6,-0.02,27485946.0,30.1,115.27,-181.29,False
"(5, 20)",,0.195,100000.0,10000.0,1.0,10,0.0,10,60,1.15,0.22,1.0,5,0.0,False,40,0.0,2.0,1.0,0.0,40,0.2,2.0,False,40,0.2,3,1.5,0.65,60,80,0.3,5,0.5,0.03,10,2.0,1.0,1.0,20,0.7,2.0,lb=5/20 w=eq band=0.195 algo=100000 reg=10/60@1.15x0.22 ols=40@0.20z2.00 mpairs=40@0.20k3z1.50c0.65 leadlag=60@0.30k5z0.50c0.03 adapt=10@2.00 vt=20@0.70-2.00,-2.6,-2.6,-0.02,27485946.0,30.1,115.27,-181.29,False
"(5, 20)",,0.195,100000.0,10000.0,1.0,10,0.0,10,60,1.15,0.22,1.0,5,0.0,False,40,0.0,2.0,1.0,0.0,40,0.2,2.0,False,40,0.2,3,1.5,0.65,60,80,0.5,5,0.5,0.03,10,2.0,1.0,1.0,20,0.7,2.0,lb=5/20 w=eq band=0.195 algo=100000 reg=10/60@1.15x0.22 ols=40@0.20z2.00 mpairs=40@0.20k3z1.50c0.65 leadlag=60@0.50k5z0.50c0.03 adapt=10@2.00 vt=20@0.70-2.00,-2.6,-2.6,-0.02,27485946.0,30.1,115.27,-181.29,False
"(5, 20)",,0.195,100000.0,10000.0,1.0,10,0.0,10,60,1.15,0.22,1.0,5,0.0,False,40,0.0,2.0,1.0,0.0,40,0.2,2.0,False,40,0.2,3,1.5,0.65,60,80,0.75,5,0.5,0.03,10,2.0,1.0,1.0,20,0.7,2.0,lb=5/20 w=eq band=0.195 algo=100000 reg=10/60@1.15x0.22 ols=40@0.20z2.00 mpairs=40@0.20k3z1.50c0.65 leadlag=60@0.75k5z0.50c0.03 adapt=10@2.00 vt=20@0.70-2.00,-2.6,-2.6,-0.02,27485946.0,30.1,115.27,-181.29,False
"(5, 20)",,0.195,100000.0,10000.0,1.0,10,0.0,10,60,1.15,0.22,1.0,5,0.0,False,40,0.0,2.0,1.0,0.0,40,0.2,2.0,False,40,0.2,3,1.5,0.65,60,80,1.0,5,0.5,0.03,10,2.0,1.0,1.0,20,0.7,2.0,lb=5/20 w=eq band=0.195 algo=100000 reg=10/60@1.15x0.22 ols=40@0.20z2.00 mpairs=40@0.20k3z1.50c0.65 leadlag=60@1.00k5z0.50c0.03 adapt=10@2.00 vt=20@0.70-2.00,-2.6,-2.6,-0.02,27485946.0,30.1,115.27,-181.29,False
"(5, 20)",,0.195,100000.0,10000.0,1.0,10,0.0,10,60,1.15,0.22,1.0,5,0.0,False,40,0.0,2.0,1.0,0.0,40,0.2,2.0,False,40,0.2,3,1.5,0.65,60,80,0.15,5,1.0,0.03,10,2.0,1.0,1.0,20,0.7,2.0,lb=5/20 w=eq band=0.195 algo=100000 reg=10/60@1.15x0.22 ols=40@0.20z2.00 mpairs=40@0.20k3z1.50c0.65 leadlag=60@0.15k5z1.00c0.03 adapt=10@2.00 vt=20@0.70-2.00,-2.6,-2.6,-0.02,27485946.0,30.1,115.27,-181.29,False
"(5, 20)",,0.195,100000.0,10000.0,1.0,10,0.0,10,60,1.15,0.22,1.0,5,0.0,False,40,0.0,2.0,1.0,0.0,40,0.2,2.0,False,40,0.2,3,1.5,0.65,60,80,0.3,5,1.0,0.03,10,2.0,1.0,1.0,20,0.7,2.0,lb=5/20 w=eq band=0.195 algo=100000 reg=10/60@1.15x0.22 ols=40@0.20z2.00 mpairs=40@0.20k3z1.50c0.65 leadlag=60@0.30k5z1.00c0.03 adapt=10@2.00 vt=20@0.70-2.00,-2.6,-2.6,-0.02,27485946.0,30.1,115.27,-181.29,False
"(5, 20)",,0.195,100000.0,10000.0,1.0,10,0.0,10,60,1.15,0.22,1.0,5,0.0,False,40,0.0,2.0,1.0,0.0,40,0.2,2.0,False,40,0.2,3,1.5,0.65,60,80,0.5,5,1.0,0.03,10,2.0,1.0,1.0,20,0.7,2.0,lb=5/20 w=eq band=0.195 algo=100000 reg=10/60@1.15x0.22 ols=40@0.20z2.00 mpairs=40@0.20k3z1.50c0.65 leadlag=60@0.50k5z1.00c0.03 adapt=10@2.00 vt=20@0.70-2.00,-2.6,-2.6,-0.02,27485946.0,30.1,115.27,-181.29,False
"(5, 20)",,0.195,100000.0,10000.0,1.0,10,0.0,10,60,1.15,0.22,1.0,5,0.0,False,40,0.0,2.0,1.0,0.0,40,0.2,2.0,False,40,0.2,3,1.5,0.65,60,80,0.75,5,1.0,0.03,10,2.0,1.0,1.0,20,0.7,2.0,lb=5/20 w=eq band=0.195 algo=100000 reg=10/60@1.15x0.22 ols=40@0.20z2.00 mpairs=40@0.20k3z1.50c0.65 leadlag=60@0.75k5z1.00c0.03 adapt=10@2.00 vt=20@0.70-2.00,-2.6,-2.6,-0.02,27485946.0,30.1,115.27,-181.29,False
"(5, 20)",,0.195,100000.0,10000.0,1.0,10,0.0,10,60,1.15,0.22,1.0,5,0.0,False,40,0.0,2.0,1.0,0.0,40,0.2,2.0,False,40,0.2,3,1.5,0.65,60,80,1.0,5,1.0,0.03,10,2.0,1.0,1.0,20,0.7,2.0,lb=5/20 w=eq band=0.195 algo=100000 reg=10/60@1.15x0.22 ols=40@0.20z2.00 mpairs=40@0.20k3z1.50c0.65 leadlag=60@1.00k5z1.00c0.03 adapt=10@2.00 vt=20@0.70-2.00,-2.6,-2.6,-0.02,27485946.0,30.1,115.27,-181.29,False
"(5, 20)",,0.195,100000.0,10000.0,1.0,10,0.0,10,60,1.15,0.22,1.0,5,0.0,False,40,0.0,2.0,1.0,0.0,40,0.2,2.0,False,40,0.2,3,1.5,0.65,60,80,0.15,5,0.0,0.06,10,2.0,1.0,1.0,20,0.7,2.0,lb=5/20 w=eq band=0.195 algo=100000 reg=10/60@1.15x0.22 ols=40@0.20z2.00 mpairs=40@0.20k3z1.50c0.65 leadlag=60@0.15k5z0.00c0.06 adapt=10@2.00 vt=20@0.70-2.00,-2.6,-2.6,-0.02,27485946.0,30.1,115.27,-181.29,False
"(5, 20)",,0.195,100000.0,10000.0,1.0,10,0.0,10,60,1.15,0.22,1.0,5,0.0,False,40,0.0,2.0,1.0,0.0,40,0.2,2.0,False,40,0.2,3,1.5,0.65,60,80,0.3,5,0.0,0.06,10,2.0,1.0,1.0,20,0.7,2.0,lb=5/20 w=eq band=0.195 algo=100000 reg=10/60@1.15x0.22 ols=40@0.20z2.00 mpairs=40@0.20k3z1.50c0.65 leadlag=60@0.30k5z0.00c0.06 adapt=10@2.00 vt=20@0.70-2.00,-2.6,-2.6,-0.02,27485946.0,30.1,115.27,-181.29,False
"(5, 20)",,0.195,100000.0,10000.0,1.0,10,0.0,10,60,1.15,0.22,1.0,5,0.0,False,40,0.0,2.0,1.0,0.0,40,0.2,2.0,False,40,0.2,3,1.5,0.65,60,80,0.5,5,0.0,0.06,10,2.0,1.0,1.0,20,0.7,2.0,lb=5/20 w=eq band=0.195 algo=100000 reg=10/60@1.15x0.22 ols=40@0.20z2.00 mpairs=40@0.20k3z1.50c0.65 leadlag=60@0.50k5z0.00c0.06 adapt=10@2.00 vt=20@0.70-2.00,-2.6,-2.6,-0.02,27485946.0,30.1,115.27,-181.29,False
"(5, 20)",,0.195,100000.0,10000.0,1.0,10,0.0,10,60,1.15,0.22,1.0,5,0.0,False,40,0.0,2.0,1.0,0.0,40,0.2,2.0,False,40,0.2,3,1.5,0.65,60,80,0.75,5,0.0,0.06,10,2.0,1.0,1.0,20,0.7,2.0,lb=5/20 w=eq band=0.195 algo=100000 reg=10/60@1.15x0.22 ols=40@0.20z2.00 mpairs=40@0.20k3z1.50c0.65 leadlag=60@0.75k5z0.00c0.06 adapt=10@2.00 vt=20@0.70-2.00,-2.6,-2.6,-0.02,27485946.0,30.1,115.27,-181.29,False
"(5, 20)",,0.195,100000.0,10000.0,1.0,10,0.0,10,60,1.15,0.22,1.0,5,0.0,False,40,0.0,2.0,1.0,0.0,40,0.2,2.0,False,40,0.2,3,1.5,0.65,60,80,1.0,5,0.0,0.06,10,2.0,1.0,1.0,20,0.7,2.0,lb=5/20 w=eq band=0.195 algo=100000 reg=10/60@1.15x0.22 ols=40@0.20z2.00 mpairs=40@0.20k3z1.50c0.65 leadlag=60@1.00k5z0.00c0.06 adapt=10@2.00 vt=20@0.70-2.00,-2.6,-2.6,-0.02,27485946.0,30.1,115.27,-181.29,False
"(5, 20)",,0.195,100000.0,10000.0,1.0,10,0.0,10,60,1.15,0.22,1.0,5,0.0,False,40,0.0,2.0,1.0,0.0,40,0.2,2.0,False,40,0.2,3,1.5,0.65,60,80,0.15,5,0.5,0.06,10,2.0,1.0,1.0,20,0.7,2.0,lb=5/20 w=eq band=0.195 algo=100000 reg=10/60@1.15x0.22 ols=40@0.20z2.00 mpairs=40@0.20k3z1.50c0.65 leadlag=60@0.15k5z0.50c0.06 adapt=10@2.00 vt=20@0.70-2.00,-2.6,-2.6,-0.02,27485946.0,30.1,115.27,-181.29,False
"(5, 20)",,0.195,100000.0,10000.0,1.0,10,0.0,10,60,1.15,0.22,1.0,5,0.0,False,40,0.0,2.0,1.0,0.0,40,0.2,2.0,False,40,0.2,3,1.5,0.65,60,80,0.3,5,0.5,0.06,10,2.0,1.0,1.0,20,0.7,2.0,lb=5/20 w=eq band=0.195 algo=100000 reg=10/60@1.15x0.22 ols=40@0.20z2.00 mpairs=40@0.20k3z1.50c0.65 leadlag=60@0.30k5z0.50c0.06 adapt=10@2.00 vt=20@0.70-2.00,-2.6,-2.6,-0.02,27485946.0,30.1,115.27,-181.29,False
"(5, 20)",,0.195,100000.0,10000.0,1.0,10,0.0,10,60,1.15,0.22,1.0,5,0.0,False,40,0.0,2.0,1.0,0.0,40,0.2,2.0,False,40,0.2,3,1.5,0.65,60,80,0.5,5,0.5,0.06,10,2.0,1.0,1.0,20,0.7,2.0,lb=5/20 w=eq band=0.195 algo=100000 reg=10/60@1.15x0.22 ols=40@0.20z2.00 mpairs=40@0.20k3z1.50c0.65 leadlag=60@0.50k5z0.50c0.06 adapt=10@2.00 vt=20@0.70-2.00,-2.6,-2.6,-0.02,27485946.0,30.1,115.27,-181.29,False
"(5, 20)",,0.195,100000.0,10000.0,1.0,10,0.0,10,60,1.15,0.22,1.0,5,0.0,False,40,0.0,2.0,1.0,0.0,40,0.2,2.0,False,40,0.2,3,1.5,0.65,60,80,0.75,5,0.5,0.06,10,2.0,1.0,1.0,20,0.7,2.0,lb=5/20 w=eq band=0.195 algo=100000 reg=10/60@1.15x0.22 ols=40@0.20z2.00 mpairs=40@0.20k3z1.50c0.65 leadlag=60@0.75k5z0.50c0.06 adapt=10@2.00 vt=20@0.70-2.00,-2.6,-2.6,-0.02,27485946.0,30.1,115.27,-181.29,False
"(5, 20)",,0.195,100000.0,10000.0,1.0,10,0.0,10,60,1.15,0.22,1.0,5,0.0,False,40,0.0,2.0,1.0,0.0,40,0.2,2.0,False,40,0.2,3,1.5,0.65,60,80,1.0,5,0.5,0.06,10,2.0,1.0,1.0,20,0.7,2.0,lb=5/20 w=eq band=0.195 algo=100000 reg=10/60@1.15x0.22 ols=40@0.20z2.00 mpairs=40@0.20k3z1.50c0.65 leadlag=60@1.00k5z0.50c0.06 adapt=10@2.00 vt=20@0.70-2.00,-2.6,-2.6,-0.02,27485946.0,30.1,115.27,-181.29,False
"(5, 20)",,0.195,100000.0,10000.0,1.0,10,0.0,10,60,1.15,0.22,1.0,5,0.0,False,40,0.0,2.0,1.0,0.0,40,0.2,2.0,False,40,0.2,3,1.5,0.65,60,80,0.15,5,1.0,0.06,10,2.0,1.0,1.0,20,0.7,2.0,lb=5/20 w=eq band=0.195 algo=100000 reg=10/60@1.15x0.22 ols=40@0.20z2.00 mpairs=40@0.20k3z1.50c0.65 leadlag=60@0.15k5z1.00c0.06 adapt=10@2.00 vt=20@0.70-2.00,-2.6,-2.6,-0.02,27485946.0,30.1,115.27,-181.29,False
"(5, 20)",,0.195,100000.0,10000.0,1.0,10,0.0,10,60,1.15,0.22,1.0,5,0.0,False,40,0.0,2.0,1.0,0.0,40,0.2,2.0,False,40,0.2,3,1.5,0.65,60,80,0.3,5,1.0,0.06,10,2.0,1.0,1.0,20,0.7,2.0,lb=5/20 w=eq band=0.195 algo=100000 reg=10/60@1.15x0.22 ols=40@0.20z2.00 mpairs=40@0.20k3z1.50c0.65 leadlag=60@0.30k5z1.00c0.06 adapt=10@2.00 vt=20@0.70-2.00,-2.6,-2.6,-0.02,27485946.0,30.1,115.27,-181.29,False
"(5, 20)",,0.195,100000.0,10000.0,1.0,10,0.0,10,60,1.15,0.22,1.0,5,0.0,False,40,0.0,2.0,1.0,0.0,40,0.2,2.0,False,40,0.2,3,1.5,0.65,60,80,0.5,5,1.0,0.06,10,2.0,1.0,1.0,20,0.7,2.0,lb=5/20 w=eq band=0.195 algo=100000 reg=10/60@1.15x0.22 ols=40@0.20z2.00 mpairs=40@0.20k3z1.50c0.65 leadlag=60@0.50k5z1.00c0.06 adapt=10@2.00 vt=20@0.70-2.00,-2.6,-2.6,-0.02,27485946.0,30.1,115.27,-181.29,False
"(5, 20)",,0.195,100000.0,10000.0,1.0,10,0.0,10,60,1.15,0.22,1.0,5,0.0,False,40,0.0,2.0,1.0,0.0,40,0.2,2.0,False,40,0.2,3,1.5,0.65,60,80,0.75,5,1.0,0.06,10,2.0,1.0,1.0,20,0.7,2.0,lb=5/20 w=eq band=0.195 algo=100000 reg=10/60@1.15x0.22 ols=40@0.20z2.00 mpairs=40@0.20k3z1.50c0.65 leadlag=60@0.75k5z1.00c0.06 adapt=10@2.00 vt=20@0.70-2.00,-2.6,-2.6,-0.02,27485946.0,30.1,115.27,-181.29,False
"(5, 20)",,0.195,100000.0,10000.0,1.0,10,0.0,10,60,1.15,0.22,1.0,5,0.0,False,40,0.0,2.0,1.0,0.0,40,0.2,2.0,False,40,0.2,3,1.5,0.65,60,80,1.0,5,1.0,0.06,10,2.0,1.0,1.0,20,0.7,2.0,lb=5/20 w=eq band=0.195 algo=100000 reg=10/60@1.15x0.22 ols=40@0.20z2.00 mpairs=40@0.20k3z1.50c0.65 leadlag=60@1.00k5z1.00c0.06 adapt=10@2.00 vt=20@0.70-2.00,-2.6,-2.6,-0.02,27485946.0,30.1,115.27,-181.29,False
"(5, 20)",,0.195,100000.0,10000.0,1.0,10,0.0,10,60,1.15,0.22,1.0,5,0.0,False,40,0.0,2.0,1.0,0.0,40,0.2,2.0,False,40,0.2,3,1.5,0.65,60,80,0.15,5,0.0,0.1,10,2.0,1.0,1.0,20,0.7,2.0,lb=5/20 w=eq band=0.195 algo=100000 reg=10/60@1.15x0.22 ols=40@0.20z2.00 mpairs=40@0.20k3z1.50c0.65 leadlag=60@0.15k5z0.00c0.10 adapt=10@2.00 vt=20@0.70-2.00,-2.6,-2.6,-0.02,27485946.0,30.1,115.27,-181.29,False
"(5, 20)",,0.195,100000.0,10000.0,1.0,10,0.0,10,60,1.15,0.22,1.0,5,0.0,False,40,0.0,2.0,1.0,0.0,40,0.2,2.0,False,40,0.2,3,1.5,0.65,60,80,0.3,5,0.0,0.1,10,2.0,1.0,1.0,20,0.7,2.0,lb=5/20 w=eq band=0.195 algo=100000 reg=10/60@1.15x0.22 ols=40@0.20z2.00 mpairs=40@0.20k3z1.50c0.65 leadlag=60@0.30k5z0.00c0.10 adapt=10@2.00 vt=20@0.70-2.00,-2.6,-2.6,-0.02,27485946.0,30.1,115.27,-181.29,False
"(5, 20)",,0.195,100000.0,10000.0,1.0,10,0.0,10,60,1.15,0.22,1.0,5,0.0,False,40,0.0,2.0,1.0,0.0,40,0.2,2.0,False,40,0.2,3,1.5,0.65,60,80,0.5,5,0.0,0.1,10,2.0,1.0,1.0,20,0.7,2.0,lb=5/20 w=eq band=0.195 algo=100000 reg=10/60@1.15x0.22 ols=40@0.20z2.00 mpairs=40@0.20k3z1.50c0.65 leadlag=60@0.50k5z0.00c0.10 adapt=10@2.00 vt=20@0.70-2.00,-2.6,-2.6,-0.02,27485946.0,30.1,115.27,-181.29,False
"(5, 20)",,0.195,100000.0,10000.0,1.0,10,0.0,10,60,1.15,0.22,1.0,5,0.0,False,40,0.0,2.0,1.0,0.0,40,0.2,2.0,False,40,0.2,3,1.5,0.65,60,80,0.75,5,0.0,0.1,10,2.0,1.0,1.0,20,0.7,2.0,lb=5/20 w=eq band=0.195 algo=100000 reg=10/60@1.15x0.22 ols=40@0.20z2.00 mpairs=40@0.20k3z1.50c0.65 leadlag=60@0.75k5z0.00c0.10 adapt=10@2.00 vt=20@0.70-2.00,-2.6,-2.6,-0.02,27485946.0,30.1,115.27,-181.29,False
"(5, 20)",,0.195,100000.0,10000.0,1.0,10,0.0,10,60,1.15,0.22,1.0,5,0.0,False,40,0.0,2.0,1.0,0.0,40,0.2,2.0,False,40,0.2,3,1.5,0.65,60,80,1.0,5,0.0,0.1,10,2.0,1.0,1.0,20,0.7,2.0,lb=5/20 w=eq band=0.195 algo=100000 reg=10/60@1.15x0.22 ols=40@0.20z2.00 mpairs=40@0.20k3z1.50c0.65 leadlag=60@1.00k5z0.00c0.10 adapt=10@2.00 vt=20@0.70-2.00,-2.6,-2.6,-0.02,27485946.0,30.1,115.27,-181.29,False
"(5, 20)",,0.195,100000.0,10000.0,1.0,10,0.0,10,60,1.15,0.22,1.0,5,0.0,False,40,0.0,2.0,1.0,0.0,40,0.2,2.0,False,40,0.2,3,1.5,0.65,60,80,0.15,5,0.5,0.1,10,2.0,1.0,1.0,20,0.7,2.0,lb=5/20 w=eq band=0.195 algo=100000 reg=10/60@1.15x0.22 ols=40@0.20z2.00 mpairs=40@0.20k3z1.50c0.65 leadlag=60@0.15k5z0.50c0.10 adapt=10@2.00 vt=20@0.70-2.00,-2.6,-2.6,-0.02,27485946.0,30.1,115.27,-181.29,False
"(5, 20)",,0.195,100000.0,10000.0,1.0,10,0.0,10,60,1.15,0.22,1.0,5,0.0,False,40,0.0,2.0,1.0,0.0,40,0.2,2.0,False,40,0.2,3,1.5,0.65,60,80,0.3,5,0.5,0.1,10,2.0,1.0,1.0,20,0.7,2.0,lb=5/20 w=eq band=0.195 algo=100000 reg=10/60@1.15x0.22 ols=40@0.20z2.00 mpairs=40@0.20k3z1.50c0.65 leadlag=60@0.30k5z0.50c0.10 adapt=10@2.00 vt=20@0.70-2.00,-2.6,-2.6,-0.02,27485946.0,30.1,115.27,-181.29,False
"(5, 20)",,0.195,100000.0,10000.0,1.0,10,0.0,10,60,1.15,0.22,1.0,5,0.0,False,40,0.0,2.0,1.0,0.0,40,0.2,2.0,False,40,0.2,3,1.5,0.65,60,80,0.5,5,0.5,0.1,10,2.0,1.0,1.0,20,0.7,2.0,lb=5/20 w=eq band=0.195 algo=100000 reg=10/60@1.15x0.22 ols=40@0.20z2.00 mpairs=40@0.20k3z1.50c0.65 leadlag=60@0.50k5z0.50c0.10 adapt=10@2.00 vt=20@0.70-2.00,-2.6,-2.6,-0.02,27485946.0,30.1,115.27,-181.29,False
"(5, 20)",,0.195,100000.0,10000.0,1.0,10,0.0,10,60,1.15,0.22,1.0,5,0.0,False,40,0.0,2.0,1.0,0.0,40,0.2,2.0,False,40,0.2,3,1.5,0.65,60,80,0.75,5,0.5,0.1,10,2.0,1.0,1.0,20,0.7,2.0,lb=5/20 w=eq band=0.195 algo=100000 reg=10/60@1.15x0.22 ols=40@0.20z2.00 mpairs=40@0.20k3z1.50c0.65 leadlag=60@0.75k5z0.50c0.10 adapt=10@2.00 vt=20@0.70-2.00,-2.6,-2.6,-0.02,27485946.0,30.1,115.27,-181.29,False
"(5, 20)",,0.195,100000.0,10000.0,1.0,10,0.0,10,60,1.15,0.22,1.0,5,0.0,False,40,0.0,2.0,1.0,0.0,40,0.2,2.0,False,40,0.2,3,1.5,0.65,60,80,1.0,5,0.5,0.1,10,2.0,1.0,1.0,20,0.7,2.0,lb=5/20 w=eq band=0.195 algo=100000 reg=10/60@1.15x0.22 ols=40@0.20z2.00 mpairs=40@0.20k3z1.50c0.65 leadlag=60@1.00k5z0.50c0.10 adapt=10@2.00 vt=20@0.70-2.00,-2.6,-2.6,-0.02,27485946.0,30.1,115.27,-181.29,False
"(5, 20)",,0.195,100000.0,10000.0,1.0,10,0.0,10,60,1.15,0.22,1.0,5,0.0,False,40,0.0,2.0,1.0,0.0,40,0.2,2.0,False,40,0.2,3,1.5,0.65,60,80,0.15,5,1.0,0.1,10,2.0,1.0,1.0,20,0.7,2.0,lb=5/20 w=eq band=0.195 algo=100000 reg=10/60@1.15x0.22 ols=40@0.20z2.00 mpairs=40@0.20k3z1.50c0.65 leadlag=60@0.15k5z1.00c0.10 adapt=10@2.00 vt=20@0.70-2.00,-2.6,-2.6,-0.02,27485946.0,30.1,115.27,-181.29,False
"(5, 20)",,0.195,100000.0,10000.0,1.0,10,0.0,10,60,1.15,0.22,1.0,5,0.0,False,40,0.0,2.0,1.0,0.0,40,0.2,2.0,False,40,0.2,3,1.5,0.65,60,80,0.3,5,1.0,0.1,10,2.0,1.0,1.0,20,0.7,2.0,lb=5/20 w=eq band=0.195 algo=100000 reg=10/60@1.15x0.22 ols=40@0.20z2.00 mpairs=40@0.20k3z1.50c0.65 leadlag=60@0.30k5z1.00c0.10 adapt=10@2.00 vt=20@0.70-2.00,-2.6,-2.6,-0.02,27485946.0,30.1,115.27,-181.29,False
"(5, 20)",,0.195,100000.0,10000.0,1.0,10,0.0,10,60,1.15,0.22,1.0,5,0.0,False,40,0.0,2.0,1.0,0.0,40,0.2,2.0,False,40,0.2,3,1.5,0.65,60,80,0.5,5,1.0,0.1,10,2.0,1.0,1.0,20,0.7,2.0,lb=5/20 w=eq band=0.195 algo=100000 reg=10/60@1.15x0.22 ols=40@0.20z2.00 mpairs=40@0.20k3z1.50c0.65 leadlag=60@0.50k5z1.00c0.10 adapt=10@2.00 vt=20@0.70-2.00,-2.6,-2.6,-0.02,27485946.0,30.1,115.27,-181.29,False
"(5, 20)",,0.195,100000.0,10000.0,1.0,10,0.0,10,60,1.15,0.22,1.0,5,0.0,False,40,0.0,2.0,1.0,0.0,40,0.2,2.0,False,40,0.2,3,1.5,0.65,60,80,0.75,5,1.0,0.1,10,2.0,1.0,1.0,20,0.7,2.0,lb=5/20 w=eq band=0.195 algo=100000 reg=10/60@1.15x0.22 ols=40@0.20z2.00 mpairs=40@0.20k3z1.50c0.65 leadlag=60@0.75k5z1.00c0.10 adapt=10@2.00 vt=20@0.70-2.00,-2.6,-2.6,-0.02,27485946.0,30.1,115.27,-181.29,False
"(5, 20)",,0.195,100000.0,10000.0,1.0,10,0.0,10,60,1.15,0.22,1.0,5,0.0,False,40,0.0,2.0,1.0,0.0,40,0.2,2.0,False,40,0.2,3,1.5,0.65,60,80,1.0,5,1.0,0.1,10,2.0,1.0,1.0,20,0.7,2.0,lb=5/20 w=eq band=0.195 algo=100000 reg=10/60@1.15x0.22 ols=40@0.20z2.00 mpairs=40@0.20k3z1.50c0.65 leadlag=60@1.00k5z1.00c0.10 adapt=10@2.00 vt=20@0.70-2.00,-2.6,-2.6,-0.02,27485946.0,30.1,115.27,-181.29,False
"(5, 20)",,0.195,100000.0,10000.0,1.0,10,0.0,10,60,1.15,0.22,1.0,5,0.0,False,40,0.0,2.0,1.0,0.0,40,0.2,2.0,False,40,0.2,3,1.5,0.65,60,80,0.15,10,0.0,0.03,10,2.0,1.0,1.0,20,0.7,2.0,lb=5/20 w=eq band=0.195 algo=100000 reg=10/60@1.15x0.22 ols=40@0.20z2.00 mpairs=40@0.20k3z1.50c0.65 leadlag=60@0.15k10z0.00c0.03 adapt=10@2.00 vt=20@0.70-2.00,-2.6,-2.6,-0.02,27485946.0,30.1,115.27,-181.29,False
"(5, 20)",,0.195,100000.0,10000.0,1.0,10,0.0,10,60,1.15,0.22,1.0,5,0.0,False,40,0.0,2.0,1.0,0.0,40,0.2,2.0,False,40,0.2,3,1.5,0.65,60,80,0.3,10,0.0,0.03,10,2.0,1.0,1.0,20,0.7,2.0,lb=5/20 w=eq band=0.195 algo=100000 reg=10/60@1.15x0.22 ols=40@0.20z2.00 mpairs=40@0.20k3z1.50c0.65 leadlag=60@0.30k10z0.00c0.03 adapt=10@2.00 vt=20@0.70-2.00,-2.6,-2.6,-0.02,27485946.0,30.1,115.27,-181.29,False
"(5, 20)",,0.195,100000.0,10000.0,1.0,10,0.0,10,60,1.15,0.22,1.0,5,0.0,False,40,0.0,2.0,1.0,0.0,40,0.2,2.0,False,40,0.2,3,1.5,0.65,60,80,0.5,10,0.0,0.03,10,2.0,1.0,1.0,20,0.7,2.0,lb=5/20 w=eq band=0.195 algo=100000 reg=10/60@1.15x0.22 ols=40@0.20z2.00 mpairs=40@0.20k3z1.50c0.65 leadlag=60@0.50k10z0.00c0.03 adapt=10@2.00 vt=20@0.70-2.00,-2.6,-2.6,-0.02,27485946.0,30.1,115.27,-181.29,False
"(5, 20)",,0.195,100000.0,10000.0,1.0,10,0.0,10,60,1.15,0.22,1.0,5,0.0,False,40,0.0,2.0,1.0,0.0,40,0.2,2.0,False,40,0.2,3,1.5,0.65,60,80,0.75,10,0.0,0.03,10,2.0,1.0,1.0,20,0.7,2.0,lb=5/20 w=eq band=0.195 algo=100000 reg=10/60@1.15x0.22 ols=40@0.20z2.00 mpairs=40@0.20k3z1.50c0.65 leadlag=60@0.75k10z0.00c0.03 adapt=10@2.00 vt=20@0.70-2.00,-2.6,-2.6,-0.02,27485946.0,30.1,115.27,-181.29,False
"(5, 20)",,0.195,100000.0,10000.0,1.0,10,0.0,10,60,1.15,0.22,1.0,5,0.0,False,40,0.0,2.0,1.0,0.0,40,0.2,2.0,False,40,0.2,3,1.5,0.65,60,80,1.0,10,0.0,0.03,10,2.0,1.0,1.0,20,0.7,2.0,lb=5/20 w=eq band=0.195 algo=100000 reg=10/60@1.15x0.22 ols=40@0.20z2.00 mpairs=40@0.20k3z1.50c0.65 leadlag=60@1.00k10z0.00c0.03 adapt=10@2.00 vt=20@0.70-2.00,-2.6,-2.6,-0.02,27485946.0,30.1,115.27,-181.29,False
"(5, 20)",,0.195,100000.0,10000.0,1.0,10,0.0,10,60,1.15,0.22,1.0,5,0.0,False,40,0.0,2.0,1.0,0.0,40,0.2,2.0,False,40,0.2,3,1.5,0.65,60,80,0.15,10,0.5,0.03,10,2.0,1.0,1.0,20,0.7,2.0,lb=5/20 w=eq band=0.195 algo=100000 reg=10/60@1.15x0.22 ols=40@0.20z2.00 mpairs=40@0.20k3z1.50c0.65 leadlag=60@0.15k10z0.50c0.03 adapt=10@2.00 vt=20@0.70-2.00,-2.6,-2.6,-0.02,27485946.0,30.1,115.27,-181.29,False
"(5, 20)",,0.195,100000.0,10000.0,1.0,10,0.0,10,60,1.15,0.22,1.0,5,0.0,False,40,0.0,2.0,1.0,0.0,40,0.2,2.0,False,40,0.2,3,1.5,0.65,60,80,0.3,10,0.5,0.03,10,2.0,1.0,1.0,20,0.7,2.0,lb=5/20 w=eq band=0.195 algo=100000 reg=10/60@1.15x0.22 ols=40@0.20z2.00 mpairs=40@0.20k3z1.50c0.65 leadlag=60@0.30k10z0.50c0.03 adapt=10@2.00 vt=20@0.70-2.00,-2.6,-2.6,-0.02,27485946.0,30.1,115.27,-181.29,False
"(5, 20)",,0.195,100000.0,10000.0,1.0,10,0.0,10,60,1.15,0.22,1.0,5,0.0,False,40,0.0,2.0,1.0,0.0,40,0.2,2.0,False,40,0.2,3,1.5,0.65,60,80,0.5,10,0.5,0.03,10,2.0,1.0,1.0,20,0.7,2.0,lb=5/20 w=eq band=0.195 algo=100000 reg=10/60@1.15x0.22 ols=40@0.20z2.00 mpairs=40@0.20k3z1.50c0.65 leadlag=60@0.50k10z0.50c0.03 adapt=10@2.00 vt=20@0.70-2.00,-2.6,-2.6,-0.02,27485946.0,30.1,115.27,-181.29,False
"(5, 20)",,0.195,100000.0,10000.0,1.0,10,0.0,10,60,1.15,0.22,1.0,5,0.0,False,40,0.0,2.0,1.0,0.0,40,0.2,2.0,False,40,0.2,3,1.5,0.65,60,80,0.75,10,0.5,0.03,10,2.0,1.0,1.0,20,0.7,2.0,lb=5/20 w=eq band=0.195 algo=100000 reg=10/60@1.15x0.22 ols=40@0.20z2.00 mpairs=40@0.20k3z1.50c0.65 leadlag=60@0.75k10z0.50c0.03 adapt=10@2.00 vt=20@0.70-2.00,-2.6,-2.6,-0.02,27485946.0,30.1,115.27,-181.29,False
"(5, 20)",,0.195,100000.0,10000.0,1.0,10,0.0,10,60,1.15,0.22,1.0,5,0.0,False,40,0.0,2.0,1.0,0.0,40,0.2,2.0,False,40,0.2,3,1.5,0.65,60,80,1.0,10,0.5,0.03,10,2.0,1.0,1.0,20,0.7,2.0,lb=5/20 w=eq band=0.195 algo=100000 reg=10/60@1.15x0.22 ols=40@0.20z2.00 mpairs=40@0.20k3z1.50c0.65 leadlag=60@1.00k10z0.50c0.03 adapt=10@2.00 vt=20@0.70-2.00,-2.6,-2.6,-0.02,27485946.0,30.1,115.27,-181.29,False
"(5, 20)",,0.195,100000.0,10000.0,1.0,10,0.0,10,60,1.15,0.22,1.0,5,0.0,False,40,0.0,2.0,1.0,0.0,40,0.2,2.0,False,40,0.2,3,1.5,0.65,60,80,0.15,10,1.0,0.03,10,2.0,1.0,1.0,20,0.7,2.0,lb=5/20 w=eq band=0.195 algo=100000 reg=10/60@1.15x0.22 ols=40@0.20z2.00 mpairs=40@0.20k3z1.50c0.65 leadlag=60@0.15k10z1.00c0.03 adapt=10@2.00 vt=20@0.70-2.00,-2.6,-2.6,-0.02,27485946.0,30.1,115.27,-181.29,False
"(5, 20)",,0.195,100000.0,10000.0,1.0,10,0.0,10,60,1.15,0.22,1.0,5,0.0,False,40,0.0,2.0,1.0,0.0,40,0.2,2.0,False,40,0.2,3,1.5,0.65,60,80,0.3,10,1.0,0.03,10,2.0,1.0,1.0,20,0.7,2.0,lb=5/20 w=eq band=0.195 algo=100000 reg=10/60@1.15x0.22 ols=40@0.20z2.00 mpairs=40@0.20k3z1.50c0.65 leadlag=60@0.30k10z1.00c0.03 adapt=10@2.00 vt=20@0.70-2.00,-2.6,-2.6,-0.02,27485946.0,30.1,115.27,-181.29,False
"(5, 20)",,0.195,100000.0,10000.0,1.0,10,0.0,10,60,1.15,0.22,1.0,5,0.0,False,40,0.0,2.0,1.0,0.0,40,0.2,2.0,False,40,0.2,3,1.5,0.65,60,80,0.5,10,1.0,0.03,10,2.0,1.0,1.0,20,0.7,2.0,lb=5/20 w=eq band=0.195 algo=100000 reg=10/60@1.15x0.22 ols=40@0.20z2.00 mpairs=40@0.20k3z1.50c0.65 leadlag=60@0.50k10z1.00c0.03 adapt=10@2.00 vt=20@0.70-2.00,-2.6,-2.6,-0.02,27485946.0,30.1,115.27,-181.29,False
"(5, 20)",,0.195,100000.0,10000.0,1.0,10,0.0,10,60,1.15,0.22,1.0,5,0.0,False,40,0.0,2.0,1.0,0.0,40,0.2,2.0,False,40,0.2,3,1.5,0.65,60,80,0.75,10,1.0,0.03,10,2.0,1.0,1.0,20,0.7,2.0,lb=5/20 w=eq band=0.195 algo=100000 reg=10/60@1.15x0.22 ols=40@0.20z2.00 mpairs=40@0.20k3z1.50c0.65 leadlag=60@0.75k10z1.00c0.03 adapt=10@2.00 vt=20@0.70-2.00,-2.6,-2.6,-0.02,27485946.0,30.1,115.27,-181.29,False
"(5, 20)",,0.195,100000.0,10000.0,1.0,10,0.0,10,60,1.15,0.22,1.0,5,0.0,False,40,0.0,2.0,1.0,0.0,40,0.2,2.0,False,40,0.2,3,1.5,0.65,60,80,1.0,10,1.0,0.03,10,2.0,1.0,1.0,20,0.7,2.0,lb=5/20 w=eq band=0.195 algo=100000 reg=10/60@1.15x0.22 ols=40@0.20z2.00 mpairs=40@0.20k3z1.50c0.65 leadlag=60@1.00k10z1.00c0.03 adapt=10@2.00 vt=20@0.70-2.00,-2.6,-2.6,-0.02,27485946.0,30.1,115.27,-181.29,False
"(5, 20)",,0.195,100000.0,10000.0,1.0,10,0.0,10,60,1.15,0.22,1.0,5,0.0,False,40,0.0,2.0,1.0,0.0,40,0.2,2.0,False,40,0.2,3,1.5,0.65,60,80,0.15,10,0.0,0.06,10,2.0,1.0,1.0,20,0.7,2.0,lb=5/20 w=eq band=0.195 algo=100000 reg=10/60@1.15x0.22 ols=40@0.20z2.00 mpairs=40@0.20k3z1.50c0.65 leadlag=60@0.15k10z0.00c0.06 adapt=10@2.00 vt=20@0.70-2.00,-2.6,-2.6,-0.02,27485946.0,30.1,115.27,-181.29,False
"(5, 20)",,0.195,100000.0,10000.0,1.0,10,0.0,10,60,1.15,0.22,1.0,5,0.0,False,40,0.0,2.0,1.0,0.0,40,0.2,2.0,False,40,0.2,3,1.5,0.65,60,80,0.3,10,0.0,0.06,10,2.0,1.0,1.0,20,0.7,2.0,lb=5/20 w=eq band=0.195 algo=100000 reg=10/60@1.15x0.22 ols=40@0.20z2.00 mpairs=40@0.20k3z1.50c0.65 leadlag=60@0.30k10z0.00c0.06 adapt=10@2.00 vt=20@0.70-2.00,-2.6,-2.6,-0.02,27485946.0,30.1,115.27,-181.29,False
"(5, 20)",,0.195,100000.0,10000.0,1.0,10,0.0,10,60,1.15,0.22,1.0,5,0.0,False,40,0.0,2.0,1.0,0.0,40,0.2,2.0,False,40,0.2,3,1.5,0.65,60,80,0.5,10,0.0,0.06,10,2.0,1.0,1.0,20,0.7,2.0,lb=5/20 w=eq band=0.195 algo=100000 reg=10/60@1.15x0.22 ols=40@0.20z2.00 mpairs=40@0.20k3z1.50c0.65 leadlag=60@0.50k10z0.00c0.06 adapt=10@2.00 vt=20@0.70-2.00,-2.6,-2.6,-0.02,27485946.0,30.1,115.27,-181.29,False
"(5, 20)",,0.195,100000.0,10000.0,1.0,10,0.0,10,60,1.15,0.22,1.0,5,0.0,False,40,0.0,2.0,1.0,0.0,40,0.2,2.0,False,40,0.2,3,1.5,0.65,60,80,0.75,10,0.0,0.06,10,2.0,1.0,1.0,20,0.7,2.0,lb=5/20 w=eq band=0.195 algo=100000 reg=10/60@1.15x0.22 ols=40@0.20z2.00 mpairs=40@0.20k3z1.50c0.65 leadlag=60@0.75k10z0.00c0.06 adapt=10@2.00 vt=20@0.70-2.00,-2.6,-2.6,-0.02,27485946.0,30.1,115.27,-181.29,False
"(5, 20)",,0.195,100000.0,10000.0,1.0,10,0.0,10,60,1.15,0.22,1.0,5,0.0,False,40,0.0,2.0,1.0,0.0,40,0.2,2.0,False,40,0.2,3,1.5,0.65,60,80,1.0,10,0.0,0.06,10,2.0,1.0,1.0,20,0.7,2.0,lb=5/20 w=eq band=0.195 algo=100000 reg=10/60@1.15x0.22 ols=40@0.20z2.00 mpairs=40@0.20k3z1.50c0.65 leadlag=60@1.00k10z0.00c0.06 adapt=10@2.00 vt=20@0.70-2.00,-2.6,-2.6,-0.02,27485946.0,30.1,115.27,-181.29,False
"(5, 20)",,0.195,100000.0,10000.0,1.0,10,0.0,10,60,1.15,0.22,1.0,5,0.0,False,40,0.0,2.0,1.0,0.0,40,0.2,2.0,False,40,0.2,3,1.5,0.65,60,80,0.15,10,0.5,0.06,10,2.0,1.0,1.0,20,0.7,2.0,lb=5/20 w=eq band=0.195 algo=100000 reg=10/60@1.15x0.22 ols=40@0.20z2.00 mpairs=40@0.20k3z1.50c0.65 leadlag=60@0.15k10z0.50c0.06 adapt=10@2.00 vt=20@0.70-2.00,-2.6,-2.6,-0.02,27485946.0,30.1,115.27,-181.29,False
"(5, 20)",,0.195,100000.0,10000.0,1.0,10,0.0,10,60,1.15,0.22,1.0,5,0.0,False,40,0.0,2.0,1.0,0.0,40,0.2,2.0,False,40,0.2,3,1.5,0.65,60,80,0.3,10,0.5,0.06,10,2.0,1.0,1.0,20,0.7,2.0,lb=5/20 w=eq band=0.195 algo=100000 reg=10/60@1.15x0.22 ols=40@0.20z2.00 mpairs=40@0.20k3z1.50c0.65 leadlag=60@0.30k10z0.50c0.06 adapt=10@2.00 vt=20@0.70-2.00,-2.6,-2.6,-0.02,27485946.0,30.1,115.27,-181.29,False
"(5, 20)",,0.195,100000.0,10000.0,1.0,10,0.0,10,60,1.15,0.22,1.0,5,0.0,False,40,0.0,2.0,1.0,0.0,40,0.2,2.0,False,40,0.2,3,1.5,0.65,60,80,0.5,10,0.5,0.06,10,2.0,1.0,1.0,20,0.7,2.0,lb=5/20 w=eq band=0.195 algo=100000 reg=10/60@1.15x0.22 ols=40@0.20z2.00 mpairs=40@0.20k3z1.50c0.65 leadlag=60@0.50k10z0.50c0.06 adapt=10@2.00 vt=20@0.70-2.00,-2.6,-2.6,-0.02,27485946.0,30.1,115.27,-181.29,False
"(5, 20)",,0.195,100000.0,10000.0,1.0,10,0.0,10,60,1.15,0.22,1.0,5,0.0,False,40,0.0,2.0,1.0,0.0,40,0.2,2.0,False,40,0.2,3,1.5,0.65,60,80,0.75,10,0.5,0.06,10,2.0,1.0,1.0,20,0.7,2.0,lb=5/20 w=eq band=0.195 algo=100000 reg=10/60@1.15x0.22 ols=40@0.20z2.00 mpairs=40@0.20k3z1.50c0.65 leadlag=60@0.75k10z0.50c0.06 adapt=10@2.00 vt=20@0.70-2.00,-2.6,-2.6,-0.02,27485946.0,30.1,115.27,-181.29,False
"(5, 20)",,0.195,100000.0,10000.0,1.0,10,0.0,10,60,1.15,0.22,1.0,5,0.0,False,40,0.0,2.0,1.0,0.0,40,0.2,2.0,False,40,0.2,3,1.5,0.65,60,80,1.0,10,0.5,0.06,10,2.0,1.0,1.0,20,0.7,2.0,lb=5/20 w=eq band=0.195 algo=100000 reg=10/60@1.15x0.22 ols=40@0.20z2.00 mpairs=40@0.20k3z1.50c0.65 leadlag=60@1.00k10z0.50c0.06 adapt=10@2.00 vt=20@0.70-2.00,-2.6,-2.6,-0.02,27485946.0,30.1,115.27,-181.29,False
"(5, 20)",,0.195,100000.0,10000.0,1.0,10,0.0,10,60,1.15,0.22,1.0,5,0.0,False,40,0.0,2.0,1.0,0.0,40,0.2,2.0,False,40,0.2,3,1.5,0.65,60,80,0.15,10,1.0,0.06,10,2.0,1.0,1.0,20,0.7,2.0,lb=5/20 w=eq band=0.195 algo=100000 reg=10/60@1.15x0.22 ols=40@0.20z2.00 mpairs=40@0.20k3z1.50c0.65 leadlag=60@0.15k10z1.00c0.06 adapt=10@2.00 vt=20@0.70-2.00,-2.6,-2.6,-0.02,27485946.0,30.1,115.27,-181.29,False
"(5, 20)",,0.195,100000.0,10000.0,1.0,10,0.0,10,60,1.15,0.22,1.0,5,0.0,False,40,0.0,2.0,1.0,0.0,40,0.2,2.0,False,40,0.2,3,1.5,0.65,60,80,0.3,10,1.0,0.06,10,2.0,1.0,1.0,20,0.7,2.0,lb=5/20 w=eq band=0.195 algo=100000 reg=10/60@1.15x0.22 ols=40@0.20z2.00 mpairs=40@0.20k3z1.50c0.65 leadlag=60@0.30k10z1.00c0.06 adapt=10@2.00 vt=20@0.70-2.00,-2.6,-2.6,-0.02,27485946.0,30.1,115.27,-181.29,False
"(5, 20)",,0.195,100000.0,10000.0,1.0,10,0.0,10,60,1.15,0.22,1.0,5,0.0,False,40,0.0,2.0,1.0,0.0,40,0.2,2.0,False,40,0.2,3,1.5,0.65,60,80,0.5,10,1.0,0.06,10,2.0,1.0,1.0,20,0.7,2.0,lb=5/20 w=eq band=0.195 algo=100000 reg=10/60@1.15x0.22 ols=40@0.20z2.00 mpairs=40@0.20k3z1.50c0.65 leadlag=60@0.50k10z1.00c0.06 adapt=10@2.00 vt=20@0.70-2.00,-2.6,-2.6,-0.02,27485946.0,30.1,115.27,-181.29,False
"(5, 20)",,0.195,100000.0,10000.0,1.0,10,0.0,10,60,1.15,0.22,1.0,5,0.0,False,40,0.0,2.0,1.0,0.0,40,0.2,2.0,False,40,0.2,3,1.5,0.65,60,80,0.75,10,1.0,0.06,10,2.0,1.0,1.0,20,0.7,2.0,lb=5/20 w=eq band=0.195 algo=100000 reg=10/60@1.15x0.22 ols=40@0.20z2.00 mpairs=40@0.20k3z1.50c0.65 leadlag=60@0.75k10z1.00c0.06 adapt=10@2.00 vt=20@0.70-2.00,-2.6,-2.6,-0.02,27485946.0,30.1,115.27,-181.29,False
"(5, 20)",,0.195,100000.0,10000.0,1.0,10,0.0,10,60,1.15,0.22,1.0,5,0.0,False,40,0.0,2.0,1.0,0.0,40,0.2,2.0,False,40,0.2,3,1.5,0.65,60,80,1.0,10,1.0,0.06,10,2.0,1.0,1.0,20,0.7,2.0,lb=5/20 w=eq band=0.195 algo=100000 reg=10/60@1.15x0.22 ols=40@0.20z2.00 mpairs=40@0.20k3z1.50c0.65 leadlag=60@1.00k10z1.00c0.06 adapt=10@2.00 vt=20@0.70-2.00,-2.6,-2.6,-0.02,27485946.0,30.1,115.27,-181.29,False
"(5, 20)",,0.195,100000.0,10000.0,1.0,10,0.0,10,60,1.15,0.22,1.0,5,0.0,False,40,0.0,2.0,1.0,0.0,40,0.2,2.0,False,40,0.2,3,1.5,0.65,60,80,0.15,10,0.0,0.1,10,2.0,1.0,1.0,20,0.7,2.0,lb=5/20 w=eq band=0.195 algo=100000 reg=10/60@1.15x0.22 ols=40@0.20z2.00 mpairs=40@0.20k3z1.50c0.65 leadlag=60@0.15k10z0.00c0.10 adapt=10@2.00 vt=20@0.70-2.00,-2.6,-2.6,-0.02,27485946.0,30.1,115.27,-181.29,False
"(5, 20)",,0.195,100000.0,10000.0,1.0,10,0.0,10,60,1.15,0.22,1.0,5,0.0,False,40,0.0,2.0,1.0,0.0,40,0.2,2.0,False,40,0.2,3,1.5,0.65,60,80,0.3,10,0.0,0.1,10,2.0,1.0,1.0,20,0.7,2.0,lb=5/20 w=eq band=0.195 algo=100000 reg=10/60@1.15x0.22 ols=40@0.20z2.00 mpairs=40@0.20k3z1.50c0.65 leadlag=60@0.30k10z0.00c0.10 adapt=10@2.00 vt=20@0.70-2.00,-2.6,-2.6,-0.02,27485946.0,30.1,115.27,-181.29,False
"(5, 20)",,0.195,100000.0,10000.0,1.0,10,0.0,10,60,1.15,0.22,1.0,5,0.0,False,40,0.0,2.0,1.0,0.0,40,0.2,2.0,False,40,0.2,3,1.5,0.65,60,80,0.5,10,0.0,0.1,10,2.0,1.0,1.0,20,0.7,2.0,lb=5/20 w=eq band=0.195 algo=100000 reg=10/60@1.15x0.22 ols=40@0.20z2.00 mpairs=40@0.20k3z1.50c0.65 leadlag=60@0.50k10z0.00c0.10 adapt=10@2.00 vt=20@0.70-2.00,-2.6,-2.6,-0.02,27485946.0,30.1,115.27,-181.29,False
"(5, 20)",,0.195,100000.0,10000.0,1.0,10,0.0,10,60,1.15,0.22,1.0,5,0.0,False,40,0.0,2.0,1.0,0.0,40,0.2,2.0,False,40,0.2,3,1.5,0.65,60,80,0.75,10,0.0,0.1,10,2.0,1.0,1.0,20,0.7,2.0,lb=5/20 w=eq band=0.195 algo=100000 reg=10/60@1.15x0.22 ols=40@0.20z2.00 mpairs=40@0.20k3z1.50c0.65 leadlag=60@0.75k10z0.00c0.10 adapt=10@2.00 vt=20@0.70-2.00,-2.6,-2.6,-0.02,27485946.0,30.1,115.27,-181.29,False
"(5, 20)",,0.195,100000.0,10000.0,1.0,10,0.0,10,60,1.15,0.22,1.0,5,0.0,False,40,0.0,2.0,1.0,0.0,40,0.2,2.0,False,40,0.2,3,1.5,0.65,60,80,1.0,10,0.0,0.1,10,2.0,1.0,1.0,20,0.7,2.0,lb=5/20 w=eq band=0.195 algo=100000 reg=10/60@1.15x0.22 ols=40@0.20z2.00 mpairs=40@0.20k3z1.50c0.65 leadlag=60@1.00k10z0.00c0.10 adapt=10@2.00 vt=20@0.70-2.00,-2.6,-2.6,-0.02,27485946.0,30.1,115.27,-181.29,False
"(5, 20)",,0.195,100000.0,10000.0,1.0,10,0.0,10,60,1.15,0.22,1.0,5,0.0,False,40,0.0,2.0,1.0,0.0,40,0.2,2.0,False,40,0.2,3,1.5,0.65,60,80,0.15,10,0.5,0.1,10,2.0,1.0,1.0,20,0.7,2.0,lb=5/20 w=eq band=0.195 algo=100000 reg=10/60@1.15x0.22 ols=40@0.20z2.00 mpairs=40@0.20k3z1.50c0.65 leadlag=60@0.15k10z0.50c0.10 adapt=10@2.00 vt=20@0.70-2.00,-2.6,-2.6,-0.02,27485946.0,30.1,115.27,-181.29,False
"(5, 20)",,0.195,100000.0,10000.0,1.0,10,0.0,10,60,1.15,0.22,1.0,5,0.0,False,40,0.0,2.0,1.0,0.0,40,0.2,2.0,False,40,0.2,3,1.5,0.65,60,80,0.3,10,0.5,0.1,10,2.0,1.0,1.0,20,0.7,2.0,lb=5/20 w=eq band=0.195 algo=100000 reg=10/60@1.15x0.22 ols=40@0.20z2.00 mpairs=40@0.20k3z1.50c0.65 leadlag=60@0.30k10z0.50c0.10 adapt=10@2.00 vt=20@0.70-2.00,-2.6,-2.6,-0.02,27485946.0,30.1,115.27,-181.29,False
"(5, 20)",,0.195,100000.0,10000.0,1.0,10,0.0,10,60,1.15,0.22,1.0,5,0.0,False,40,0.0,2.0,1.0,0.0,40,0.2,2.0,False,40,0.2,3,1.5,0.65,60,80,0.5,10,0.5,0.1,10,2.0,1.0,1.0,20,0.7,2.0,lb=5/20 w=eq band=0.195 algo=100000 reg=10/60@1.15x0.22 ols=40@0.20z2.00 mpairs=40@0.20k3z1.50c0.65 leadlag=60@0.50k10z0.50c0.10 adapt=10@2.00 vt=20@0.70-2.00,-2.6,-2.6,-0.02,27485946.0,30.1,115.27,-181.29,False
"(5, 20)",,0.195,100000.0,10000.0,1.0,10,0.0,10,60,1.15,0.22,1.0,5,0.0,False,40,0.0,2.0,1.0,0.0,40,0.2,2.0,False,40,0.2,3,1.5,0.65,60,80,0.75,10,0.5,0.1,10,2.0,1.0,1.0,20,0.7,2.0,lb=5/20 w=eq band=0.195 algo=100000 reg=10/60@1.15x0.22 ols=40@0.20z2.00 mpairs=40@0.20k3z1.50c0.65 leadlag=60@0.75k10z0.50c0.10 adapt=10@2.00 vt=20@0.70-2.00,-2.6,-2.6,-0.02,27485946.0,30.1,115.27,-181.29,False
"(5, 20)",,0.195,100000.0,10000.0,1.0,10,0.0,10,60,1.15,0.22,1.0,5,0.0,False,40,0.0,2.0,1.0,0.0,40,0.2,2.0,False,40,0.2,3,1.5,0.65,60,80,1.0,10,0.5,0.1,10,2.0,1.0,1.0,20,0.7,2.0,lb=5/20 w=eq band=0.195 algo=100000 reg=10/60@1.15x0.22 ols=40@0.20z2.00 mpairs=40@0.20k3z1.50c0.65 leadlag=60@1.00k10z0.50c0.10 adapt=10@2.00 vt=20@0.70-2.00,-2.6,-2.6,-0.02,27485946.0,30.1,115.27,-181.29,False
"(5, 20)",,0.195,100000.0,10000.0,1.0,10,0.0,10,60,1.15,0.22,1.0,5,0.0,False,40,0.0,2.0,1.0,0.0,40,0.2,2.0,False,40,0.2,3,1.5,0.65,60,80,0.15,10,1.0,0.1,10,2.0,1.0,1.0,20,0.7,2.0,lb=5/20 w=eq band=0.195 algo=100000 reg=10/60@1.15x0.22 ols=40@0.20z2.00 mpairs=40@0.20k3z1.50c0.65 leadlag=60@0.15k10z1.00c0.10 adapt=10@2.00 vt=20@0.70-2.00,-2.6,-2.6,-0.02,27485946.0,30.1,115.27,-181.29,False
"(5, 20)",,0.195,100000.0,10000.0,1.0,10,0.0,10,60,1.15,0.22,1.0,5,0.0,False,40,0.0,2.0,1.0,0.0,40,0.2,2.0,False,40,0.2,3,1.5,0.65,60,80,0.3,10,1.0,0.1,10,2.0,1.0,1.0,20,0.7,2.0,lb=5/20 w=eq band=0.195 algo=100000 reg=10/60@1.15x0.22 ols=40@0.20z2.00 mpairs=40@0.20k3z1.50c0.65 leadlag=60@0.30k10z1.00c0.10 adapt=10@2.00 vt=20@0.70-2.00,-2.6,-2.6,-0.02,27485946.0,30.1,115.27,-181.29,False
"(5, 20)",,0.195,100000.0,10000.0,1.0,10,0.0,10,60,1.15,0.22,1.0,5,0.0,False,40,0.0,2.0,1.0,0.0,40,0.2,2.0,False,40,0.2,3,1.5,0.65,60,80,0.5,10,1.0,0.1,10,2.0,1.0,1.0,20,0.7,2.0,lb=5/20 w=eq band=0.195 algo=100000 reg=10/60@1.15x0.22 ols=40@0.20z2.00 mpairs=40@0.20k3z1.50c0.65 leadlag=60@0.50k10z1.00c0.10 adapt=10@2.00 vt=20@0.70-2.00,-2.6,-2.6,-0.02,27485946.0,30.1,115.27,-181.29,False
"(5, 20)",,0.195,100000.0,10000.0,1.0,10,0.0,10,60,1.15,0.22,1.0,5,0.0,False,40,0.0,2.0,1.0,0.0,40,0.2,2.0,False,40,0.2,3,1.5,0.65,60,80,0.75,10,1.0,0.1,10,2.0,1.0,1.0,20,0.7,2.0,lb=5/20 w=eq band=0.195 algo=100000 reg=10/60@1.15x0.22 ols=40@0.20z2.00 mpairs=40@0.20k3z1.50c0.65 leadlag=60@0.75k10z1.00c0.10 adapt=10@2.00 vt=20@0.70-2.00,-2.6,-2.6,-0.02,27485946.0,30.1,115.27,-181.29,False
"(5, 20)",,0.195,100000.0,10000.0,1.0,10,0.0,10,60,1.15,0.22,1.0,5,0.0,False,40,0.0,2.0,1.0,0.0,40,0.2,2.0,False,40,0.2,3,1.5,0.65,60,80,1.0,10,1.0,0.1,10,2.0,1.0,1.0,20,0.7,2.0,lb=5/20 w=eq band=0.195 algo=100000 reg=10/60@1.15x0.22 ols=40@0.20z2.00 mpairs=40@0.20k3z1.50c0.65 leadlag=60@1.00k10z1.00c0.10 adapt=10@2.00 vt=20@0.70-2.00,-2.6,-2.6,-0.02,27485946.0,30.1,115.27,-181.29,False
"(5, 20)",,0.195,100000.0,10000.0,1.0,10,0.0,10,60,1.15,0.22,1.0,5,0.0,False,40,0.0,2.0,1.0,0.0,40,0.2,2.0,False,40,0.2,3,1.5,0.65,120,80,0.15,3,1.0,0.03,10,2.0,1.0,1.0,20,0.7,2.0,lb=5/20 w=eq band=0.195 algo=100000 reg=10/60@1.15x0.22 ols=40@0.20z2.00 mpairs=40@0.20k3z1.50c0.65 leadlag=120@0.15k3z1.00c0.03 adapt=10@2.00 vt=20@0.70-2.00,-4.24,-4.24,-0.035,25117964.0,21.38,88.45,-177.56,False
"(5, 20)",,0.195,100000.0,10000.0,1.0,10,0.0,10,60,1.15,0.22,1.0,5,0.0,False,40,0.0,2.0,1.0,0.0,40,0.2,2.0,False,40,0.2,3,1.5,0.65,120,80,0.15,3,1.0,0.06,10,2.0,1.0,1.0,20,0.7,2.0,lb=5/20 w=eq band=0.195 algo=100000 reg=10/60@1.15x0.22 ols=40@0.20z2.00 mpairs=40@0.20k3z1.50c0.65 leadlag=120@0.15k3z1.00c0.06 adapt=10@2.00 vt=20@0.70-2.00,-4.24,-4.24,-0.035,25117964.0,21.38,88.45,-177.56,False
"(5, 20)",,0.195,100000.0,10000.0,1.0,10,0.0,10,60,1.15,0.22,1.0,5,0.0,False,40,0.0,2.0,1.0,0.0,40,0.2,2.0,False,40,0.2,3,1.5,0.65,120,80,0.15,3,1.0,0.1,10,2.0,1.0,1.0,20,0.7,2.0,lb=5/20 w=eq band=0.195 algo=100000 reg=10/60@1.15x0.22 ols=40@0.20z2.00 mpairs=40@0.20k3z1.50c0.65 leadlag=120@0.15k3z1.00c0.10 adapt=10@2.00 vt=20@0.70-2.00,-4.24,-4.24,-0.035,25117964.0,21.48,88.45,-177.56,False
"(5, 20)",,0.195,100000.0,10000.0,1.0,10,0.0,10,60,1.15,0.22,1.0,5,0.0,False,40,0.0,2.0,1.0,0.0,40,0.2,2.0,False,40,0.2,3,1.5,0.65,0,80,0.3,3,0.5,0.03,10,2.0,1.0,1.0,20,0.7,2.0,lb=5/20 w=eq band=0.195 algo=100000 reg=10/60@1.15x0.22 ols=40@0.20z2.00 mpairs=40@0.20k3z1.50c0.65 leadlag=0@0.30k3z0.50c0.03 adapt=10@2.00 vt=20@0.70-2.00,-5.13,-5.13,-0.05,29243975.0,26.67,42.21,-108.17,False
"(5, 20)",,0.195,100000.0,10000.0,1.0,10,0.0,10,60,1.15,0.22,1.0,5,0.0,False,40,0.0,2.0,1.0,0.0,40,0.2,2.0,False,40,0.2,3,1.5,0.65,0,80,0.3,3,0.5,0.06,10,2.0,1.0,1.0,20,0.7,2.0,lb=5/20 w=eq band=0.195 algo=100000 reg=10/60@1.15x0.22 ols=40@0.20z2.00 mpairs=40@0.20k3z1.50c0.65 leadlag=0@0.30k3z0.50c0.06 adapt=10@2.00 vt=20@0.70-2.00,-5.13,-5.13,-0.05,29243975.0,26.67,42.21,-108.17,False
"(5, 20)",,0.195,100000.0,10000.0,1.0,10,0.0,10,60,1.15,0.22,1.0,5,0.0,False,40,0.0,2.0,1.0,0.0,40,0.2,2.0,False,40,0.2,3,1.5,0.65,0,80,0.3,3,0.5,0.1,10,2.0,1.0,1.0,20,0.7,2.0,lb=5/20 w=eq band=0.195 algo=100000 reg=10/60@1.15x0.22 ols=40@0.20z2.00 mpairs=40@0.20k3z1.50c0.65 leadlag=0@0.30k3z0.50c0.10 adapt=10@2.00 vt=20@0.70-2.00,-5.13,-5.13,-0.05,29243975.0,26.67,42.21,-108.17,False
"(5, 20)",,0.195,100000.0,10000.0,1.0,10,0.0,10,60,1.15,0.22,1.0,5,0.0,False,40,0.0,2.0,1.0,0.0,40,0.2,2.0,False,40,0.2,3,1.5,0.65,0,80,0.15,3,0.0,0.03,10,2.0,1.0,1.0,20,0.7,2.0,lb=5/20 w=eq band=0.195 algo=100000 reg=10/60@1.15x0.22 ols=40@0.20z2.00 mpairs=40@0.20k3z1.50c0.65 leadlag=0@0.15k3z0.00c0.03 adapt=10@2.00 vt=20@0.70-2.00,-5.14,-5.14,-0.043,25384931.0,9.8,75.48,-142.22,False
"(5, 20)",,0.195,100000.0,10000.0,1.0,10,0.0,10,60,1.15,0.22,1.0,5,0.0,False,40,0.0,2.0,1.0,0.0,40,0.2,2.0,False,40,0.2,3,1.5,0.65,0,80,0.15,3,0.0,0.06,10,2.0,1.0,1.0,20,0.7,2.0,lb=5/20 w=eq band=0.195 algo=100000 reg=10/60@1.15x0.22 ols=40@0.20z2.00 mpairs=40@0.20k3z1.50c0.65 leadlag=0@0.15k3z0.00c0.06 adapt=10@2.00 vt=20@0.70-2.00,-5.14,-5.14,-0.043,25384931.0,9.8,75.48,-142.22,False
"(5, 20)",,0.195,100000.0,10000.0,1.0,10,0.0,10,60,1.15,0.22,1.0,5,0.0,False,40,0.0,2.0,1.0,0.0,40,0.2,2.0,False,40,0.2,3,1.5,0.65,0,80,0.15,3,0.0,0.1,10,2.0,1.0,1.0,20,0.7,2.0,lb=5/20 w=eq band=0.195 algo=100000 reg=10/60@1.15x0.22 ols=40@0.20z2.00 mpairs=40@0.20k3z1.50c0.65 leadlag=0@0.15k3z0.00c0.10 adapt=10@2.00 vt=20@0.70-2.00,-5.14,-5.14,-0.043,25384931.0,9.8,75.48,-142.22,False
"(5, 20)",,0.195,100000.0,10000.0,1.0,10,0.0,10,60,1.15,0.22,1.0,5,0.0,False,40,0.0,2.0,1.0,0.0,40,0.2,2.0,False,40,0.2,3,1.5,0.65,120,80,0.75,1,1.0,0.03,10,2.0,1.0,1.0,20,0.7,2.0,lb=5/20 w=eq band=0.195 algo=100000 reg=10/60@1.15x0.22 ols=40@0.20z2.00 mpairs=40@0.20k3z1.50c0.65 leadlag=120@0.75k1z1.00c0.03 adapt=10@2.00 vt=20@0.70-2.00,-18.13,-18.13,-0.259,56522085.0,1.26,-197.96,58.82,False
"(5, 20)",,0.195,100000.0,10000.0,1.0,10,0.0,10,60,1.15,0.22,1.0,5,0.0,False,40,0.0,2.0,1.0,0.0,40,0.2,2.0,False,40,0.2,3,1.5,0.65,120,80,0.75,1,1.0,0.06,10,2.0,1.0,1.0,20,0.7,2.0,lb=5/20 w=eq band=0.195 algo=100000 reg=10/60@1.15x0.22 ols=40@0.20z2.00 mpairs=40@0.20k3z1.50c0.65 leadlag=120@0.75k1z1.00c0.06 adapt=10@2.00 vt=20@0.70-2.00,-18.13,-18.13,-0.259,56522085.0,1.26,-197.96,58.82,False
"(5, 20)",,0.195,100000.0,10000.0,1.0,10,0.0,10,60,1.15,0.22,1.0,5,0.0,False,40,0.0,2.0,1.0,0.0,40,0.2,2.0,False,40,0.2,3,1.5,0.65,120,80,0.75,1,1.0,0.1,10,2.0,1.0,1.0,20,0.7,2.0,lb=5/20 w=eq band=0.195 algo=100000 reg=10/60@1.15x0.22 ols=40@0.20z2.00 mpairs=40@0.20k3z1.50c0.65 leadlag=120@0.75k1z1.00c0.10 adapt=10@2.00 vt=20@0.70-2.00,-18.13,-18.13,-0.259,56522085.0,1.26,-197.96,58.82,False
